source_id,relative_path,suffix,bytes,sha256,status,reason,target
mrg_v25_historical,components/mrg-combat-engine/CHANGELOG.md,.md,300,8bf435a910f6a070c505d8e348d6e34946d1fdcfb1b0882aece17f743befcf92,REVIEW_REQUIRED,ORIGINALITY_AND_LICENSE_REVIEW,pending-review
mrg_v25_historical,components/mrg-combat-engine/LICENSE-PROPRIETARY.md,.md,121,d2d4b89f01f51bacbf5c10a21ae11d0f05a98e89b2fd68ede962ac98703571f6,BLOCKED,LICENSE_OR_SECRET_BOUND,pending-review
mrg_v25_historical,components/mrg-combat-engine/README.md,.md,503,131a618142e9033485824f4cc11c27c8e78e77f09d9acd26876c85075c71c296,REVIEW_REQUIRED,ORIGINALITY_AND_LICENSE_REVIEW,pending-review
mrg_v25_historical,components/mrg-combat-engine/component.json,.json,328,f4dcf84aedccc35204bbf10e6bea74561654d661b35bbc668763bb5c73c23e2a,REVIEW_REQUIRED,ORIGINALITY_AND_LICENSE_REVIEW,pending-review
mrg_v25_historical,components/mrg-combat-engine/pyproject.toml,.toml,516,5477bea51bd87504fae9d83b9f1afcbfe1a62fd33b8d54ad431aa930b294f9fc,REVIEW_REQUIRED,ORIGINALITY_AND_LICENSE_REVIEW,pending-review
mrg_v25_historical,components/mrg-combat-engine/src/mrg_combat_engine/__init__.py,.py,284,886892af402cc8c7282406d2c7cd1ae9e9df59107ae5062ce579f34bb20c1134,REVIEW_REQUIRED,ORIGINALITY_AND_LICENSE_REVIEW,pending-review
mrg_v25_historical,components/mrg-combat-engine/src/mrg_combat_engine/engine.py,.py,7029,33fb0b64ba0449b64edc8dc887842aa0a1cb0ec513e802162be0c219c4dc0b02,REVIEW_REQUIRED,ORIGINALITY_AND_LICENSE_REVIEW,pending-review
mrg_v25_historical,components/mrg-combat-engine/src/mrg_combat_engine/live_shadow.py,.py,13309,026f3c8010e33cd79e7c3fbe5a80442dcbcd5df6c56e389dede39ae0350de435,REVIEW_REQUIRED,ORIGINALITY_AND_LICENSE_REVIEW,pending-review
mrg_v25_historical,components/mrg-combat-engine/src/mrg_combat_engine/models.py,.py,3278,17d5449cb471b9480b9f4523892ac30d81f30bb91c3c77cd13bec16825135e72,REVIEW_REQUIRED,ORIGINALITY_AND_LICENSE_REVIEW,pending-review
mrg_v25_historical,components/mrg-combat-engine/src/mrg_combat_engine/replay.py,.py,4337,68b70f2bd49e2cf2c838e928e383ec3c21fa96bab1e7b318b0221ee740a88b52,REVIEW_REQUIRED,ORIGINALITY_AND_LICENSE_REVIEW,pending-review
mrg_v25_historical,components/mrg-combat-engine/tests/test_combat_engine.py,.py,5722,c5af1b5a878a2587b3b499760ac4c4f9d052f0b7eac36cae393a2a7ed863d418,REVIEW_REQUIRED,ORIGINALITY_AND_LICENSE_REVIEW,pending-review
mrg_v25_historical,components/mrg-contracts-core/.github/workflows/validate.yml,.yml,269,525b1e7bec3eff3ede4c5b7f330c2bbacd1f8e59a377ecd3ef775aace0069f24,REVIEW_REQUIRED,ORIGINALITY_AND_LICENSE_REVIEW,pending-review
mrg_v25_historical,components/mrg-contracts-core/LICENSE-PENDING.md,.md,230,95e33b319b719869360481967faeed1fd552110e95270ef3af21f091994d223b,REVIEW_REQUIRED,ORIGINALITY_AND_LICENSE_REVIEW,pending-review
mrg_v25_historical,components/mrg-contracts-core/PROVENANCE.md,.md,215,ae16a3fa13af2ef162b070aa287a7be261a961478bddb7c9e5276bfa428d2f81,REVIEW_REQUIRED,ORIGINALITY_AND_LICENSE_REVIEW,pending-review
mrg_v25_historical,components/mrg-contracts-core/README.md,.md,1588,d95c9cfa29b13185ce34a642316eb31c75c8b163b9f6b147608d0d1c0a1b7c5c,REVIEW_REQUIRED,ORIGINALITY_AND_LICENSE_REVIEW,pending-review
mrg_v25_historical,components/mrg-contracts-core/component.json,.json,298,21957bceed6efdfe387d810414b272a13d600c4d84ef36df01d5c21f7fceaa05,REVIEW_REQUIRED,ORIGINALITY_AND_LICENSE_REVIEW,pending-review
mrg_v25_historical,components/mrg-contracts-core/pyproject.toml,.toml,339,737bf80f12e8c9278c89ab867dac5e71035bcb219a8e714ee1a6f0dd732a9d05,REVIEW_REQUIRED,ORIGINALITY_AND_LICENSE_REVIEW,pending-review
mrg_v25_historical,components/mrg-contracts-core/schemas/component_status.schema.json,.json,595,4d0e85024ab530c995a2c92020960adbc9fcd9429b3cf74db70ece8d1fad131c,REVIEW_REQUIRED,ORIGINALITY_AND_LICENSE_REVIEW,pending-review
mrg_v25_historical,components/mrg-contracts-core/schemas/control_command.schema.json,.json,638,c2a3e7157a9cdfac3ae1bd63322a2299eba1a42120b90f2a643544c97d562124,REVIEW_REQUIRED,ORIGINALITY_AND_LICENSE_REVIEW,pending-review
mrg_v25_historical,components/mrg-contracts-core/schemas/envelope.schema.json,.json,628,ee0570e6161b4972efcdbacd559fe6d94a81ce3114070ae13d89457b3bba1cec,REVIEW_REQUIRED,ORIGINALITY_AND_LICENSE_REVIEW,pending-review
mrg_v25_historical,components/mrg-contracts-core/schemas/event_slice_v1.schema.json,.json,1421,8dca551d06cab21794d4f6b9950b494b23d11e7465922912c2ae1e33e3ad9ebb,REVIEW_REQUIRED,ORIGINALITY_AND_LICENSE_REVIEW,pending-review
mrg_v25_historical,components/mrg-contracts-core/schemas/event_stable_track_v1.schema.json,.json,1606,c6a7af331f34cd16e0ddad324a52c1c514c581bc9da47ae82a76259a99be1314,REVIEW_REQUIRED,ORIGINALITY_AND_LICENSE_REVIEW,pending-review
mrg_v25_historical,components/mrg-contracts-core/schemas/mvs_frame_envelope_v1.schema.json,.json,1554,3a92ba8737253a7e083e4978ab1ddf881517f204b5da0362584ffb80b53e4b35,REVIEW_REQUIRED,ORIGINALITY_AND_LICENSE_REVIEW,pending-review
mrg_v25_historical,components/mrg-contracts-core/schemas/person_observation_v1.schema.json,.json,1532,8414545bec001de44c322c84ba4977ba932b52c6ef4112f487f5369c1772bd9b,REVIEW_REQUIRED,ORIGINALITY_AND_LICENSE_REVIEW,pending-review
mrg_v25_historical,components/mrg-contracts-core/schemas/person_polygon_evidence_v1.schema.json,.json,1914,606c34eccecf806dd4cfe5e981b88c8f7631ba4663d069aa8abe9bc01ede572f,REVIEW_REQUIRED,ORIGINALITY_AND_LICENSE_REVIEW,pending-review
mrg_v25_historical,components/mrg-contracts-core/schemas/release_component.schema.json,.json,544,cda91afed0823d813e8c926ffa153feec90a9bbed9292805e1d1c0fd0b79d106,REVIEW_REQUIRED,ORIGINALITY_AND_LICENSE_REVIEW,pending-review
mrg_v25_historical,components/mrg-contracts-core/schemas/sequence_sync_map_v1.schema.json,.json,1047,0108e2f0c04eb5f38b335dee9d76630543120ced95cca919614451cf4a6fe860,REVIEW_REQUIRED,ORIGINALITY_AND_LICENSE_REVIEW,pending-review
mrg_v25_historical,components/mrg-contracts-core/schemas/sync_epoch_v1.schema.json,.json,975,fbc97416210ca84826ae84deb318707d16e9ebb42e6d8496220627454cb49c46,REVIEW_REQUIRED,ORIGINALITY_AND_LICENSE_REVIEW,pending-review
mrg_v25_historical,components/mrg-contracts-core/schemas/sync_preamble_detection_v1.schema.json,.json,1139,e3a5e04dee00cdee8526724319d48c7a9be01e1fe2a4cb557ea6db033e97f7bd,REVIEW_REQUIRED,ORIGINALITY_AND_LICENSE_REVIEW,pending-review
mrg_v25_historical,components/mrg-contracts-core/schemas/sync_preamble_plan_v1.schema.json,.json,1253,eac20f8871069d70215280e8dd0e37e6380e829fd4074bf6c3d106cca5effaa6,REVIEW_REQUIRED,ORIGINALITY_AND_LICENSE_REVIEW,pending-review
mrg_v25_historical,components/mrg-contracts-core/schemas/sync_quality_v1.schema.json,.json,1822,612925b7ca67486570473622742faaf8fa624f9c772ee60011e21cca84c463c7,REVIEW_REQUIRED,ORIGINALITY_AND_LICENSE_REVIEW,pending-review
mrg_v25_historical,components/mrg-contracts-core/schemas/trigger_edge_v1.schema.json,.json,1195,7dd78e4aa6af8d7c06c8a5ff9703fecfb3cf121b8b6b80a9f38c742732a2c825,REVIEW_REQUIRED,ORIGINALITY_AND_LICENSE_REVIEW,pending-review
mrg_v25_historical,components/mrg-contracts-core/schemas/world_snapshot_v1.schema.json,.json,1045,2f602807d668b57c9c0118672e1341d1ea524e8d911ccde2b0dc5317f66b3985,REVIEW_REQUIRED,ORIGINALITY_AND_LICENSE_REVIEW,pending-review
mrg_v25_historical,components/mrg-contracts-core/schemas/world_state_status_v1.schema.json,.json,1003,f7dd70ff334dd08798408e59ae8a4996429097ae561420c8bbf3cb9c7f67b0c1,REVIEW_REQUIRED,ORIGINALITY_AND_LICENSE_REVIEW,pending-review
mrg_v25_historical,components/mrg-contracts-core/schemas/world_track_v1.schema.json,.json,1331,fb20ee61d940b54797d9a9e28cbeaa57d127f9d826950cbfb1457fd72fa8be1d,REVIEW_REQUIRED,ORIGINALITY_AND_LICENSE_REVIEW,pending-review
mrg_v25_historical,components/mrg-contracts-core/src/mrg_contracts_core/__init__.py,.py,1969,3e325ab8f94b3396cd01a5d05b633ac3eeaef43c3c292aa33b1315a0b854a482,REVIEW_REQUIRED,ORIGINALITY_AND_LICENSE_REVIEW,pending-review
mrg_v25_historical,components/mrg-contracts-core/src/mrg_contracts_core/models.py,.py,8471,84276c1f1007469af73a8b79514093909af691b7865cad9a5759af239ca7090a,REVIEW_REQUIRED,ORIGINALITY_AND_LICENSE_REVIEW,pending-review
mrg_v25_historical,components/mrg-contracts-core/src/mrg_contracts_core/perception.py,.py,10292,828059eaa18d9df44569d03c62f75b5f33dd367ddbae187e2135e1d6389b27db,REVIEW_REQUIRED,ORIGINALITY_AND_LICENSE_REVIEW,pending-review
mrg_v25_historical,components/mrg-contracts-core/src/mrg_contracts_core/sync.py,.py,3800,54310854ff3fef048a23ba851918e09466376f84399c42ab629f6f1266f5860c,REVIEW_REQUIRED,ORIGINALITY_AND_LICENSE_REVIEW,pending-review
mrg_v25_historical,components/mrg-contracts-core/src/mrg_contracts_core/validation.py,.py,19766,e7e17948a972b34f6d489cb2071b23e2e20e481e443e90d9ce8a9bb12ca8a443,REVIEW_REQUIRED,ORIGINALITY_AND_LICENSE_REVIEW,pending-review
mrg_v25_historical,components/mrg-contracts-core/tests/test_contracts.py,.py,9317,e8e00c9ec05873de0f277a7bcb31ad6e4bcf353742e64a10d4952530c4bb4e27,REVIEW_REQUIRED,ORIGINALITY_AND_LICENSE_REVIEW,pending-review
mrg_v25_historical,components/mrg-contracts-core/tests/test_sync_contracts.py,.py,1772,6d0d19028cfbd3e8786c6233a04f5bf2dba5672a79c9cfb89153f3cfcfdb8303,REVIEW_REQUIRED,ORIGINALITY_AND_LICENSE_REVIEW,pending-review
mrg_v25_historical,components/mrg-event-perception/LICENSE-PROPRIETARY.md,.md,121,d2d4b89f01f51bacbf5c10a21ae11d0f05a98e89b2fd68ede962ac98703571f6,BLOCKED,LICENSE_OR_SECRET_BOUND,pending-review
mrg_v25_historical,components/mrg-event-perception/README.md,.md,757,51202084c299dd91ad90282a81dc2efb9f8bf75683eb0b7cb403887107cd40d9,REVIEW_REQUIRED,ORIGINALITY_AND_LICENSE_REVIEW,pending-review
mrg_v25_historical,components/mrg-event-perception/component.json,.json,330,b1005236b0bffc6a3c7057edb59fb2287bbb39da07bb00bd790947bc7bf09c92,REVIEW_REQUIRED,ORIGINALITY_AND_LICENSE_REVIEW,pending-review
mrg_v25_historical,components/mrg-event-perception/pyproject.toml,.toml,462,a0b78b22ea739c80f73335dd43a5026546a1caa5beade5625ddf979695cb2366,REVIEW_REQUIRED,ORIGINALITY_AND_LICENSE_REVIEW,pending-review
mrg_v25_historical,components/mrg-event-perception/src/mrg_event_perception/__init__.py,.py,435,897ebb65d52dffd602109c16cd189ac2f36a5b7d804609c3181a36fd4f045f3f,REVIEW_REQUIRED,ORIGINALITY_AND_LICENSE_REVIEW,pending-review
mrg_v25_historical,components/mrg-event-perception/src/mrg_event_perception/smoke.py,.py,8337,2521999f95f841a9ce0283d7f33f62440efc033a76cda3780d6fe97069edee34,REVIEW_REQUIRED,ORIGINALITY_AND_LICENSE_REVIEW,pending-review
mrg_v25_historical,components/mrg-event-perception/src/mrg_event_perception/source.py,.py,20398,8642b1de867c6aebd13ed2c58deb3601b6c0cf51df95c8e9b2fdfa1801919dc9,REVIEW_REQUIRED,ORIGINALITY_AND_LICENSE_REVIEW,pending-review
mrg_v25_historical,components/mrg-event-perception/tests/test_smoke.py,.py,992,c432d0d94ee106b94f296b817dce3fc553784f56e83282d59e9e3aa15d477d46,REVIEW_REQUIRED,ORIGINALITY_AND_LICENSE_REVIEW,pending-review
mrg_v25_historical,components/mrg-event-perception/tests/test_sources.py,.py,8769,6c024722f79212e659c7fa173abe9e3b5b13bf36cf04c07213f9dd191b1a0cf2,REVIEW_REQUIRED,ORIGINALITY_AND_LICENSE_REVIEW,pending-review
mrg_v25_historical,components/mrg-game-bridge/CHANGELOG.md,.md,251,bafcd3048444f2720b93c583721de9d94d6a88989cf40523f9aaa2353dabbadb,REVIEW_REQUIRED,ORIGINALITY_AND_LICENSE_REVIEW,pending-review
mrg_v25_historical,components/mrg-game-bridge/LICENSE-PROPRIETARY.md,.md,121,d2d4b89f01f51bacbf5c10a21ae11d0f05a98e89b2fd68ede962ac98703571f6,BLOCKED,LICENSE_OR_SECRET_BOUND,pending-review
mrg_v25_historical,components/mrg-game-bridge/README.md,.md,544,f1cbfbaf5265e099daaa24bbbdeb310b1c745cee05efc1af5c1c9fc20e24859b,REVIEW_REQUIRED,ORIGINALITY_AND_LICENSE_REVIEW,pending-review
mrg_v25_historical,components/mrg-game-bridge/component.json,.json,326,30ae06437fa5985e16a152d8edc977792e986be9f88cbdbf4a0c91a7855658df,REVIEW_REQUIRED,ORIGINALITY_AND_LICENSE_REVIEW,pending-review
mrg_v25_historical,components/mrg-game-bridge/pyproject.toml,.toml,453,5c11235f315cb90a28cae33b17bcffb186dfa518006d31b6e696f40f621b6999,REVIEW_REQUIRED,ORIGINALITY_AND_LICENSE_REVIEW,pending-review
mrg_v25_historical,components/mrg-game-bridge/src/mrg_game_bridge/__init__.py,.py,173,9ed0fe5027b3a831feb41f6711798fd841ac34539cb8631650189265de50b6df,REVIEW_REQUIRED,ORIGINALITY_AND_LICENSE_REVIEW,pending-review
mrg_v25_historical,components/mrg-game-bridge/src/mrg_game_bridge/bridge.py,.py,5785,e3f0137788e7b76de7b8d5ccf4d95529802655fd3f3a7adfe355e724ceff16cf,REVIEW_REQUIRED,ORIGINALITY_AND_LICENSE_REVIEW,pending-review
mrg_v25_historical,components/mrg-game-bridge/src/mrg_game_bridge/evaluation.py,.py,3136,87b410388e77ce5f1c811544c891f8952f02970899e2e535f5b2920deb71f61a,REVIEW_REQUIRED,ORIGINALITY_AND_LICENSE_REVIEW,pending-review
mrg_v25_historical,components/mrg-game-bridge/src/mrg_game_bridge/live_shadow.py,.py,8836,8824c5a36b85c85cd254c4989a469a6c474e9d4eb1a2b0792c54bd9e7833617c,REVIEW_REQUIRED,ORIGINALITY_AND_LICENSE_REVIEW,pending-review
mrg_v25_historical,components/mrg-game-bridge/src/mrg_game_bridge/sink.py,.py,826,c50440e3fd406da574658b272646241df9b5bb9e6360572885223ac12be44dbe,REVIEW_REQUIRED,ORIGINALITY_AND_LICENSE_REVIEW,pending-review
mrg_v25_historical,components/mrg-game-bridge/tests/test_game_bridge.py,.py,4787,251e1ef093f811415d9f725782aee81fb3e7d303f83b7c6b5a608cd226f61893,REVIEW_REQUIRED,ORIGINALITY_AND_LICENSE_REVIEW,pending-review
mrg_v25_historical,components/mrg-mvs-perception/LICENSE-PROPRIETARY.md,.md,121,d2d4b89f01f51bacbf5c10a21ae11d0f05a98e89b2fd68ede962ac98703571f6,BLOCKED,LICENSE_OR_SECRET_BOUND,pending-review
mrg_v25_historical,components/mrg-mvs-perception/README.md,.md,597,ecc5e15c27e8085ab44c52f67ee2871d381056dee5f69539c2d22d208cb1415f,REVIEW_REQUIRED,ORIGINALITY_AND_LICENSE_REVIEW,pending-review
mrg_v25_historical,components/mrg-mvs-perception/component.json,.json,303,456f80e8fed7eec0b591d22b3faf464e5e4a3b1b3535c7eb70c23474eac01ba3,REVIEW_REQUIRED,ORIGINALITY_AND_LICENSE_REVIEW,pending-review
mrg_v25_historical,components/mrg-mvs-perception/pyproject.toml,.toml,501,3c4adb828533f92c5a3e8a42ad33b41b889acef46dc7f6e39021e419411f4739,REVIEW_REQUIRED,ORIGINALITY_AND_LICENSE_REVIEW,pending-review
mrg_v25_historical,components/mrg-mvs-perception/src/mrg_mvs_perception/__init__.py,.py,409,bf18e4e359f6a6d3d11750e1f7ee9827d606e4e9ddba7c254f236900c1305266,REVIEW_REQUIRED,ORIGINALITY_AND_LICENSE_REVIEW,pending-review
mrg_v25_historical,components/mrg-mvs-perception/src/mrg_mvs_perception/cli.py,.py,2048,661004a25340e9a685d7f305518a92f365939b740df7e90b9e825a2274c2e595,REVIEW_REQUIRED,ORIGINALITY_AND_LICENSE_REVIEW,pending-review
mrg_v25_historical,components/mrg-mvs-perception/src/mrg_mvs_perception/smoke.py,.py,5372,b14e1ac695eb8fe347135ea6257d5c8c36f7b7abc31cd38f33382353111debab,REVIEW_REQUIRED,ORIGINALITY_AND_LICENSE_REVIEW,pending-review
mrg_v25_historical,components/mrg-mvs-perception/src/mrg_mvs_perception/source.py,.py,15299,2442855741736bed10208927ce0c2cbf3d2dea0c604c3c8fb31f635d58a8c848,REVIEW_REQUIRED,ORIGINALITY_AND_LICENSE_REVIEW,pending-review
mrg_v25_historical,components/mrg-mvs-perception/tests/test_sources.py,.py,6738,1848a24d2de748f9fdc98a2f94eaf7263e172aee7ff8cb03e6478dd11cb31c3a,REVIEW_REQUIRED,ORIGINALITY_AND_LICENSE_REVIEW,pending-review
mrg_v25_historical,components/mrg-replay-sdk/.github/workflows/validate.yml,.yml,360,0a541944305f17605ad7ed999d8398382fcd28510da71f4366c0a63bc68c106f,REVIEW_REQUIRED,ORIGINALITY_AND_LICENSE_REVIEW,pending-review
mrg_v25_historical,components/mrg-replay-sdk/LICENSE-PENDING.md,.md,155,4de7ee96e0d49d00dce7335eea40b3b9e761b6e80b4adf82273a7fb98dab588c,REVIEW_REQUIRED,ORIGINALITY_AND_LICENSE_REVIEW,pending-review
mrg_v25_historical,components/mrg-replay-sdk/PROVENANCE.md,.md,170,1d8137bb319413399c24b5c29dd36ae973e81f86cec5e6ba8680d0377ce0b91b,REVIEW_REQUIRED,ORIGINALITY_AND_LICENSE_REVIEW,pending-review
mrg_v25_historical,components/mrg-replay-sdk/README.md,.md,568,afeb960754c53d6f61c525f236cbab12924e8d0bb6caf656e6e67927213ec74c,REVIEW_REQUIRED,ORIGINALITY_AND_LICENSE_REVIEW,pending-review
mrg_v25_historical,components/mrg-replay-sdk/component.json,.json,287,ceac65e3574d9f217f14901697ff633e2d5b5af0b75e51e5ff028164a05abdec,REVIEW_REQUIRED,ORIGINALITY_AND_LICENSE_REVIEW,pending-review
mrg_v25_historical,components/mrg-replay-sdk/examples/synthetic-basic/replay_manifest.json,.json,373,eb88ec393fa7b04c9b2c7575785d235c5f85d6343804205c669aedab0123f4ce,REVIEW_REQUIRED,ORIGINALITY_AND_LICENSE_REVIEW,pending-review
mrg_v25_historical,components/mrg-replay-sdk/pyproject.toml,.toml,389,d81dc12380207edb11cc13b98f3979f12781f6f08426e31af13047e9c9a6d9a1,REVIEW_REQUIRED,ORIGINALITY_AND_LICENSE_REVIEW,pending-review
mrg_v25_historical,components/mrg-replay-sdk/schemas/replay_manifest.schema.json,.json,1340,cdcb3b9dcd964c1c939c644e52410647b031afc0751b16a3ed6e1e07cb54a6e0,REVIEW_REQUIRED,ORIGINALITY_AND_LICENSE_REVIEW,pending-review
mrg_v25_historical,components/mrg-replay-sdk/src/mrg_replay_sdk/__init__.py,.py,555,18da0e94796c106406208cccca155a4c77e68f7d19c56cee94d9bf049278c126,REVIEW_REQUIRED,ORIGINALITY_AND_LICENSE_REVIEW,pending-review
mrg_v25_historical,components/mrg-replay-sdk/src/mrg_replay_sdk/catalog.py,.py,1050,14f89f94d1048969b8c7217ddc35c2ff1531b6acefaab1ff3c14d7cbf0b75d8b,REVIEW_REQUIRED,ORIGINALITY_AND_LICENSE_REVIEW,pending-review
mrg_v25_historical,components/mrg-replay-sdk/src/mrg_replay_sdk/cli.py,.py,1767,5e2eb15c0d4c5ac42bd7c127deafc1944daf547a6aa764173e5740ef950d389c,REVIEW_REQUIRED,ORIGINALITY_AND_LICENSE_REVIEW,pending-review
mrg_v25_historical,components/mrg-replay-sdk/src/mrg_replay_sdk/manifest.py,.py,6284,17fb948a7fd8d79f2557f89494e4b3f9334d64c82cb63e6060b5b384308b17d4,REVIEW_REQUIRED,ORIGINALITY_AND_LICENSE_REVIEW,pending-review
mrg_v25_historical,components/mrg-replay-sdk/src/mrg_replay_sdk/timeline.py,.py,3173,2524e584065df94727217c48c7e915cd41cba2eecb2708841a29a3bf21568cc7,REVIEW_REQUIRED,ORIGINALITY_AND_LICENSE_REVIEW,pending-review
mrg_v25_historical,components/mrg-replay-sdk/tests/test_manifest.py,.py,2525,f6b2006acad3189a528509ab1ba864abd096cb45ec7b671dc697696ed60a6aa5,REVIEW_REQUIRED,ORIGINALITY_AND_LICENSE_REVIEW,pending-review
mrg_v25_historical,components/mrg-replay-sdk/tests/test_timeline.py,.py,2742,f88c1138c5b73d34317a55f2eec3082919cdec966c29c86892357c2b42c31621,REVIEW_REQUIRED,ORIGINALITY_AND_LICENSE_REVIEW,pending-review
mrg_v25_historical,components/mrg-sync-engine/CHANGELOG.md,.md,1878,b00cd8aa9e69d085e359f8ed32bf72d3a2345d42ef2ae2b2152295f96b49d04f,REVIEW_REQUIRED,ORIGINALITY_AND_LICENSE_REVIEW,pending-review
mrg_v25_historical,components/mrg-sync-engine/LICENSE-PENDING.md,.md,256,9ad3edec5400420ee4bafeb211e7f3963eb4da93bdc0f7b847442ea93611b866,REVIEW_REQUIRED,ORIGINALITY_AND_LICENSE_REVIEW,pending-review
mrg_v25_historical,components/mrg-sync-engine/README.md,.md,283,7c2242a0a8430d7ccc9f2835b93f9960ebacb7413579d5a1295cabc32910a327,REVIEW_REQUIRED,ORIGINALITY_AND_LICENSE_REVIEW,pending-review
mrg_v25_historical,components/mrg-sync-engine/component.json,.json,324,1a5050e45f62a70ceae0186dfbe20633fcce42e81f626b81b6e9669c5eeafe84,REVIEW_REQUIRED,ORIGINALITY_AND_LICENSE_REVIEW,pending-review
mrg_v25_historical,components/mrg-sync-engine/config/coded_preamble_v1.json,.json,330,d2d8195e9b6e4168332704756369d41a6fe3a181d6fc7a8bc4797db491349f6c,REVIEW_REQUIRED,ORIGINALITY_AND_LICENSE_REVIEW,pending-review
mrg_v25_historical,components/mrg-sync-engine/pyproject.toml,.toml,351,3997326824639dd1a250db2cc1f1c11ca5949744ba55ccf602e75ef7c567ac73,REVIEW_REQUIRED,ORIGINALITY_AND_LICENSE_REVIEW,pending-review
mrg_v25_historical,components/mrg-sync-engine/src/mrg_sync_engine/__init__.py,.py,350,5cdb60a6cad46d8745a1d331ea8610c6066431a50a4c856d357637b18ef5cd07,REVIEW_REQUIRED,ORIGINALITY_AND_LICENSE_REVIEW,pending-review
mrg_v25_historical,components/mrg-sync-engine/src/mrg_sync_engine/coded_coordinator.py,.py,30553,e4d6f2db36b6e996fba6ee4d1e088a3843378b9a4b8d80a04dd882cf4a713564,REVIEW_REQUIRED,ORIGINALITY_AND_LICENSE_REVIEW,pending-review
mrg_v25_historical,components/mrg-sync-engine/src/mrg_sync_engine/preamble.py,.py,4159,bd00b5afc21d572cd2baf2fa0dc8dd55b40b650a71874b09b0fd45bcdd683f6e,REVIEW_REQUIRED,ORIGINALITY_AND_LICENSE_REVIEW,pending-review
mrg_v25_historical,components/mrg-sync-engine/src/mrg_sync_engine/sequence.py,.py,3441,fdad6e7046ed748077901f772d6c92e44844b707c5ca785d7c2b9ae5a49cab67,REVIEW_REQUIRED,ORIGINALITY_AND_LICENSE_REVIEW,pending-review
mrg_v25_historical,components/mrg-sync-engine/src/mrg_sync_engine/service.py,.py,28364,06ff8fd414987e8f1aa12730b3ce2800b7d5ca7db8c38d843cfaf9f8f23f864d,REVIEW_REQUIRED,ORIGINALITY_AND_LICENSE_REVIEW,pending-review
mrg_v25_historical,components/mrg-sync-engine/tests/test_coordinator_integration.py,.py,8029,197d4e964debf2b9eafa1d25ee308edab29730291da071318c6e8a96fa317966,REVIEW_REQUIRED,ORIGINALITY_AND_LICENSE_REVIEW,pending-review
mrg_v25_historical,components/mrg-sync-engine/tests/test_coordinator_schedule.py,.py,797,ee1e308f7c2ab8fa620748b0cae0b387cecccd97c5ef84545c3a4847c2b2f527,REVIEW_REQUIRED,ORIGINALITY_AND_LICENSE_REVIEW,pending-review
mrg_v25_historical,components/mrg-sync-engine/tests/test_preamble.py,.py,3820,8b2610cfba467ec0a0c70fcdfbb2b34d7e871b04647e4928449b3feb0ff8c893,REVIEW_REQUIRED,ORIGINALITY_AND_LICENSE_REVIEW,pending-review
mrg_v25_historical,components/mrg-sync-engine/tests/test_service_io.py,.py,8435,f3051aa6f14d48f26a257a9e43e374962d70f837be6f9e354f65294f242b368f,REVIEW_REQUIRED,ORIGINALITY_AND_LICENSE_REVIEW,pending-review
mrg_v25_historical,components/mrg-visualization/CHANGELOG.md,.md,243,a44117a7fe6b83bfd12f55e888c03c486dc2ee10075bf9d102fe112ee71ef0ab,REVIEW_REQUIRED,ORIGINALITY_AND_LICENSE_REVIEW,pending-review
mrg_v25_historical,components/mrg-visualization/LICENSE-PROPRIETARY.md,.md,121,d2d4b89f01f51bacbf5c10a21ae11d0f05a98e89b2fd68ede962ac98703571f6,BLOCKED,LICENSE_OR_SECRET_BOUND,pending-review
mrg_v25_historical,components/mrg-visualization/README.md,.md,900,dfa9953b9e9cdbf06b2b2567409ffd543aa856f5660c7403df357f03698d2510,REVIEW_REQUIRED,ORIGINALITY_AND_LICENSE_REVIEW,pending-review
mrg_v25_historical,components/mrg-visualization/component.json,.json,352,dbec5d740e2e6de90b139b7d5f6cdbeb986bc549534e6bea5c49dcea35f40be4,REVIEW_REQUIRED,ORIGINALITY_AND_LICENSE_REVIEW,pending-review
mrg_v25_historical,components/mrg-visualization/pyproject.toml,.toml,522,7240f92a84319cae6bafe1219087b9d86635873f98496e3bbb7e4ff513f8430b,REVIEW_REQUIRED,ORIGINALITY_AND_LICENSE_REVIEW,pending-review
mrg_v25_historical,components/mrg-visualization/src/mrg_visualization/__init__.py,.py,428,9c612c7bc3808e3aa2c48e386842f901eed7678a1d388e8dd091d25c4dada854,REVIEW_REQUIRED,ORIGINALITY_AND_LICENSE_REVIEW,pending-review
mrg_v25_historical,components/mrg-visualization/src/mrg_visualization/consumers.py,.py,1853,43f4c4c73e010027e3cbb60617a40a43563a37d44f535c9745ac8f3e6bf73bc9,REVIEW_REQUIRED,ORIGINALITY_AND_LICENSE_REVIEW,pending-review
mrg_v25_historical,components/mrg-visualization/src/mrg_visualization/evaluation.py,.py,4203,76091b9b1c8f8a040c4ac37ee54e2f0c1ae2e7c7781e323e91c65071cdd80039,REVIEW_REQUIRED,ORIGINALITY_AND_LICENSE_REVIEW,pending-review
mrg_v25_historical,components/mrg-visualization/src/mrg_visualization/live_shadow.py,.py,7538,cc761ee7363311cde47fba31356037c5303df3aa5f1db5b2715f6e89f095a6fd,REVIEW_REQUIRED,ORIGINALITY_AND_LICENSE_REVIEW,pending-review
mrg_v25_historical,components/mrg-visualization/src/mrg_visualization/raster.py,.py,3946,2efb45966fbd981f845ce217fc47e6b7e59f0a53203bbc7ffca20988aa3ee128,REVIEW_REQUIRED,ORIGINALITY_AND_LICENSE_REVIEW,pending-review
mrg_v25_historical,components/mrg-visualization/src/mrg_visualization/scene.py,.py,900,ba69385a09a6d043bb0ff8ebab5aae0cb349ddf815591956a8b98745d4852e4c,REVIEW_REQUIRED,ORIGINALITY_AND_LICENSE_REVIEW,pending-review
mrg_v25_historical,components/mrg-visualization/src/mrg_visualization/source.py,.py,3877,a4dd67e1b30431b58670dda92e0d6295d9a62a08d64c13104fb5a1ececf1fb58,REVIEW_REQUIRED,ORIGINALITY_AND_LICENSE_REVIEW,pending-review
mrg_v25_historical,components/mrg-visualization/tests/test_visualization.py,.py,6059,e1f3c3b6c14255b65865d4f104ca9a24b2974566138d079b0275b13c7a289420,REVIEW_REQUIRED,ORIGINALITY_AND_LICENSE_REVIEW,pending-review
mrg_v25_historical,components/mrg-world-state/LICENSE-PROPRIETARY.md,.md,121,d2d4b89f01f51bacbf5c10a21ae11d0f05a98e89b2fd68ede962ac98703571f6,BLOCKED,LICENSE_OR_SECRET_BOUND,pending-review
mrg_v25_historical,components/mrg-world-state/PROVENANCE.md,.md,619,120c505a71bb67b0b3c4ad6bca71fe98e54e6a9241fb96fd4bff336a26286d23,REVIEW_REQUIRED,ORIGINALITY_AND_LICENSE_REVIEW,pending-review
mrg_v25_historical,components/mrg-world-state/README.md,.md,2241,8ac13cc16c0931905a7048bcb0e897448538ec363b6bdc699096a7609074a64e,REVIEW_REQUIRED,ORIGINALITY_AND_LICENSE_REVIEW,pending-review
mrg_v25_historical,components/mrg-world-state/component.json,.json,310,2d5d09a72ac9182adfd0e995ab60d4bbfc3f8c197009cecc37ca1c531593bc95,REVIEW_REQUIRED,ORIGINALITY_AND_LICENSE_REVIEW,pending-review
mrg_v25_historical,components/mrg-world-state/config/legacy_compat_baseline.json,.json,3491,3bec29628a9c66868b2ccf87579f2bafd311385c0c7d8f14b82fd12a88916004,REVIEW_REQUIRED,ORIGINALITY_AND_LICENSE_REVIEW,pending-review
mrg_v25_historical,components/mrg-world-state/config/person_id_scenario_manifest_v2.example.json,.json,564,9786ed786777b34b926644358330e6f80739cd1528fcd200a32cf7cf4d34c2a5,REVIEW_REQUIRED,ORIGINALITY_AND_LICENSE_REVIEW,pending-review
mrg_v25_historical,components/mrg-world-state/config/v25_3_b1_candidate.json,.json,765,93572ed2a4a5d47659821aee668ca304057e8db318fb7ec641b380715f47fec8,REVIEW_REQUIRED,ORIGINALITY_AND_LICENSE_REVIEW,pending-review
mrg_v25_historical,components/mrg-world-state/config/v25_3_b2_cluster_090.json,.json,242,d0a07c946b10766c1e77f1ef3a40d26e0dfa170686ab95b19e3941b6bb82c186,REVIEW_REQUIRED,ORIGINALITY_AND_LICENSE_REVIEW,pending-review
mrg_v25_historical,components/mrg-world-state/config/v25_3_b2c_candidate_iteration1.json,.json,853,66eb8ba1e3391ebeb9ec07b5ca551682b4e8844d0816621aea5d56c5b3f8482f,REVIEW_REQUIRED,ORIGINALITY_AND_LICENSE_REVIEW,pending-review
mrg_v25_historical,components/mrg-world-state/config/v25_3_b2c_candidate_iteration2.json,.json,974,a95c8c1c34ed0c88f8187610041e2bed31827e160309e39ff2b0ac8c5df2169a,REVIEW_REQUIRED,ORIGINALITY_AND_LICENSE_REVIEW,pending-review
mrg_v25_historical,components/mrg-world-state/config/v25_3_b2c_candidate_iteration3.json,.json,1035,ac6d297c90f017ed58c304b99bfe4073e925bd183a842fe8f3fce57b8abb9df9,REVIEW_REQUIRED,ORIGINALITY_AND_LICENSE_REVIEW,pending-review
mrg_v25_historical,components/mrg-world-state/config/v25_3_b2c_candidate_iteration4.json,.json,1035,13cd765e8e30e58d36c53fb634fbd123d0b464aa9413b0aa3c218d5a4f44a385,REVIEW_REQUIRED,ORIGINALITY_AND_LICENSE_REVIEW,pending-review
mrg_v25_historical,components/mrg-world-state/config/v25_3_b2c_candidate_iteration5.json,.json,1035,976f01a309e184826a6f73f7c6a9b4bb340fd3d8a90b7dcc6a614d992186af66,REVIEW_REQUIRED,ORIGINALITY_AND_LICENSE_REVIEW,pending-review
mrg_v25_historical,components/mrg-world-state/config/v25_3_b3_kalman_output.json,.json,361,16bbcafd59dd870ca062b4b77a677aa40ce5aa004351cfb0eb4757a93c161ed4,REVIEW_REQUIRED,ORIGINALITY_AND_LICENSE_REVIEW,pending-review
mrg_v25_historical,components/mrg-world-state/config/v25_3_b4_joint_lifecycle.json,.json,587,8d0e20992fdf0d52ca06ccfe2df346a1b49ec6e9268715b51fc8803aee3789be,REVIEW_REQUIRED,ORIGINALITY_AND_LICENSE_REVIEW,pending-review
mrg_v25_historical,components/mrg-world-state/docs/V25_3_A_PARITY.md,.md,1179,606ffb2d35a3fef1c462e8968ad3dfcf8d2a5691760031424dc94ba49679cd2a,REVIEW_REQUIRED,ORIGINALITY_AND_LICENSE_REVIEW,pending-review
mrg_v25_historical,components/mrg-world-state/pyproject.toml,.toml,760,86e485d875c6558a26b4bdc37408db48400b2278c89ddcb412d551292a03e0a8,REVIEW_REQUIRED,ORIGINALITY_AND_LICENSE_REVIEW,pending-review
mrg_v25_historical,components/mrg-world-state/schemas/person_id_scenario_manifest_v2.schema.json,.json,1175,772c78e6a22ac756a4ce15a0273348a378a01c03a9c0393cce5cf9292739efd3,REVIEW_REQUIRED,ORIGINALITY_AND_LICENSE_REVIEW,pending-review
mrg_v25_historical,components/mrg-world-state/src/mrg_world_state/__init__.py,.py,689,9b4b9e6a91f05e3a20c0766fe4cceae1652ce486db4ed2f9692cbcb1be370997,REVIEW_REQUIRED,ORIGINALITY_AND_LICENSE_REVIEW,pending-review
mrg_v25_historical,components/mrg-world-state/src/mrg_world_state/association.py,.py,4217,1738b19bb9a45e9da40debedf680125ecf1f5c5ac8c1cced378ff5502032be6c,REVIEW_REQUIRED,ORIGINALITY_AND_LICENSE_REVIEW,pending-review
mrg_v25_historical,components/mrg-world-state/src/mrg_world_state/authority.py,.py,3188,0d299fdb67b7143bd16f2f186921057f7c8c0fd29d37e08316fb9eecd40e6b16,REVIEW_REQUIRED,ORIGINALITY_AND_LICENSE_REVIEW,pending-review
mrg_v25_historical,components/mrg-world-state/src/mrg_world_state/business_rules.py,.py,1235,e10ae1620d33bca5c0f8fa5baeb30c673a401059ed22a35f9e9d63eb91d3d009,REVIEW_REQUIRED,ORIGINALITY_AND_LICENSE_REVIEW,pending-review
mrg_v25_historical,components/mrg-world-state/src/mrg_world_state/candidate_evaluation.py,.py,13024,6e8cd60ad1152c81ddd0f0be652b95b4709d84c8e3289d9e5f92e7b87dddadbe,REVIEW_REQUIRED,ORIGINALITY_AND_LICENSE_REVIEW,pending-review
mrg_v25_historical,components/mrg-world-state/src/mrg_world_state/candidate_policy.py,.py,6167,f224fee4b6a03ffcdda9e2f0e1bbb0d22f29f43a3a2a56b9815747da4596a85a,REVIEW_REQUIRED,ORIGINALITY_AND_LICENSE_REVIEW,pending-review
mrg_v25_historical,components/mrg-world-state/src/mrg_world_state/cli.py,.py,6144,3fa712a44529fd79d759634a9404fae3f86bba7b1c3b6ee35347ef72a84eaa5b,REVIEW_REQUIRED,ORIGINALITY_AND_LICENSE_REVIEW,pending-review
mrg_v25_historical,components/mrg-world-state/src/mrg_world_state/clock.py,.py,1211,1d059cceb26d2d8e00aa7b4299a58cbfde1de6eb89c61686508fd19e30793dda,REVIEW_REQUIRED,ORIGINALITY_AND_LICENSE_REVIEW,pending-review
mrg_v25_historical,components/mrg-world-state/src/mrg_world_state/evaluation.py,.py,18846,f6359e0a4a0935416f794ff6ffd54fc1eb9f6e5e26d419b3bff76969023245f7,REVIEW_REQUIRED,ORIGINALITY_AND_LICENSE_REVIEW,pending-review
mrg_v25_historical,components/mrg-world-state/src/mrg_world_state/filters.py,.py,861,307e546abcab4516526a1b99e1eb9495d8917cfc20db08720e3d66dd05a4c32b,REVIEW_REQUIRED,ORIGINALITY_AND_LICENSE_REVIEW,pending-review
mrg_v25_historical,components/mrg-world-state/src/mrg_world_state/fusion.py,.py,1121,9c2585343d4ec96455fd40027b34cd587101f61911f5ee6d233ac8150bb31309,REVIEW_REQUIRED,ORIGINALITY_AND_LICENSE_REVIEW,pending-review
mrg_v25_historical,components/mrg-world-state/src/mrg_world_state/legacy_human_result_adapter.py,.py,3696,67d857b92b49dd077b235fd4b352d68421e1957fdf5af148d4ec239972194296,REVIEW_REQUIRED,ORIGINALITY_AND_LICENSE_REVIEW,pending-review
mrg_v25_historical,components/mrg-world-state/src/mrg_world_state/legacy_kernel.py,.py,90347,c848cb2710fa7836780130b5bad16afbb63395e33d2ba4370705532540d65046,REVIEW_REQUIRED,ORIGINALITY_AND_LICENSE_REVIEW,pending-review
mrg_v25_historical,components/mrg-world-state/src/mrg_world_state/pair_diagnostics.py,.py,5052,315916a4282bf29708d799f45cc60538f798588daebe28c3e059abb82634aa9a,REVIEW_REQUIRED,ORIGINALITY_AND_LICENSE_REVIEW,pending-review
mrg_v25_historical,components/mrg-world-state/src/mrg_world_state/robust_fusion.py,.py,6201,9a07d3fcadfcd8d75f9770c339e35dcc9858e5e7acb927b6361814ce7d3dc261,REVIEW_REQUIRED,ORIGINALITY_AND_LICENSE_REVIEW,pending-review
mrg_v25_historical,components/mrg-world-state/src/mrg_world_state/scenarios.py,.py,5979,c1c147666abccae71bd5a9405caf4683787541540370d81d31ed6a6ae00aaa8c,REVIEW_REQUIRED,ORIGINALITY_AND_LICENSE_REVIEW,pending-review
mrg_v25_historical,components/mrg-world-state/src/mrg_world_state/service.py,.py,27358,aad6b938596344101a1b0b9908e7fa250deb3e4de1f9d296097bbf9a57a40301,REVIEW_REQUIRED,ORIGINALITY_AND_LICENSE_REVIEW,pending-review
mrg_v25_historical,components/mrg-world-state/src/mrg_world_state/snapshots.py,.py,1662,ea078ee15f7b7d39f1cf5b4a8d2f7c78666b03bdec64112aca7bf9ced9113037,REVIEW_REQUIRED,ORIGINALITY_AND_LICENSE_REVIEW,pending-review
mrg_v25_historical,components/mrg-world-state/src/mrg_world_state/synthetic_evaluation.py,.py,8883,d2565b3b8b651782e623db06a842caeeb0709c641e6d8fa405c598e1f5acd857,REVIEW_REQUIRED,ORIGINALITY_AND_LICENSE_REVIEW,pending-review
mrg_v25_historical,components/mrg-world-state/src/mrg_world_state/tracker.py,.py,2217,9eea6c109617ae58b141619b6434260026f7ec726c1c0776cfdfb79535b4b284,REVIEW_REQUIRED,ORIGINALITY_AND_LICENSE_REVIEW,pending-review
mrg_v25_historical,components/mrg-world-state/tests/test_world_state.py,.py,20145,2642002f142963b7afa6c0e85f9affea9892aaba3ba0d6b61c0edfbe20fcc43f,REVIEW_REQUIRED,ORIGINALITY_AND_LICENSE_REVIEW,pending-review
mrg_v25_historical,evidence/v25_8_rc1_local_c1_20260711/v25_4/fixtures/fixture_catalog.json,.json,1604,efbea58d9a9d21c74df80cc3d5ddd7408f971d8d738dcd7bc61315939003135f,REVIEW_REQUIRED,ORIGINALITY_AND_LICENSE_REVIEW,pending-review
mrg_v25_historical,evidence/v25_8_rc1_local_c1_20260711/v25_4/v25_4_d_integration_report.json,.json,18146,ae10cb1b7da3b7e2a9e2b40846f5430a2c55bff83009870b5d412f3cc1db84ae,REVIEW_REQUIRED,ORIGINALITY_AND_LICENSE_REVIEW,pending-review
mrg_v25_historical,evidence/v25_8_rc1_local_c2_20260711/v25_4/fixtures/fixture_catalog.json,.json,1604,ed158d39483090c2e4d563f926760f66e81530bff2f0e5e271bc4afdd0c43a7a,REVIEW_REQUIRED,ORIGINALITY_AND_LICENSE_REVIEW,pending-review
mrg_v25_historical,evidence/v25_8_rc1_local_c2_20260711/v25_4/v25_4_d_integration_report.json,.json,18149,295eecd3613180f1ff15eb4b19117e13c608aed3554fbd67720f9c527208a3bb,REVIEW_REQUIRED,ORIGINALITY_AND_LICENSE_REVIEW,pending-review
mrg_v25_historical,evidence/v25_8_rc1_local_c2_20260711/v25_5/v25_shadow/fixtures/fixture_catalog.json,.json,2773,b388308af2f81f44f32853cbd56b0d0bdb0882bed3e3eba8edc433c2c9b7a9ee,REVIEW_REQUIRED,ORIGINALITY_AND_LICENSE_REVIEW,pending-review
mrg_v25_historical,evidence/v25_8_rc1_local_c2_20260711/v25_5/v25_shadow/system_status_latest.json,.json,2370,737b99da6f6421e341be56a25e73b23599ae22799c046318590cbd88248aa1f8,REVIEW_REQUIRED,ORIGINALITY_AND_LICENSE_REVIEW,pending-review
mrg_v25_historical,evidence/v25_8_rc1_local_c2_20260711/v25_5/v25_shadow/v25_5_d_integration_report.json,.json,14609,2be76a4d6f3ca63f229d17b16debd409d7ac274dd16ed4861f456ba7a551e888,REVIEW_REQUIRED,ORIGINALITY_AND_LICENSE_REVIEW,pending-review
mrg_v25_historical,legacy/engine-g2/.github/workflows/repo-hygiene.yml,.yml,322,9db58733bac611dac2a40b7d5238ad035c22acb5c89ae3b1c24f9565fcdb2fd6,REVIEW_REQUIRED,ORIGINALITY_AND_LICENSE_REVIEW,pending-review
mrg_v25_historical,legacy/engine-g2/BUILD_CPP_SHOT_BOUNCE_LINK.sh,.sh,383,8e0399252e5545534f98e5f6b3d2fac7d6c0b985de13bff5f630b5a37927a68c,REVIEW_REQUIRED,ORIGINALITY_AND_LICENSE_REVIEW,pending-review
mrg_v25_historical,legacy/engine-g2/CHAIN_DOCUMENTATION_STANDARD.md,.md,8660,eb4545dff915ce905b18197983224e440ab6ddf1c588388d538c670118b1e91e,REVIEW_REQUIRED,ORIGINALITY_AND_LICENSE_REVIEW,pending-review
mrg_v25_historical,legacy/engine-g2/CHAIN_DOCUMENTATION_STANDARD_CN.md,.md,5059,b260a69d8d3b70bc871760358d87e93dbe4a5d201e4044ba5f76e5d3ab803467,REVIEW_REQUIRED,ORIGINALITY_AND_LICENSE_REVIEW,pending-review
mrg_v25_historical,legacy/engine-g2/EVENT_SIDE_CHAIN.md,.md,70837,12772cf675b63ddd50295e48efb63cdd965e6d2c8c74d25e97f3b96deec3d55f,REVIEW_REQUIRED,ORIGINALITY_AND_LICENSE_REVIEW,pending-review
mrg_v25_historical,legacy/engine-g2/EVENT_SIDE_CHAIN_CN.md,.md,52722,24f261c67390d11617629e9f96be27cb97d05cd577ee73ad2b020508cb570a4b,REVIEW_REQUIRED,ORIGINALITY_AND_LICENSE_REVIEW,pending-review
mrg_v25_historical,legacy/engine-g2/EVIDENCE_REPLAY_DATASET_V1.md,.md,4656,a24f8f41e07c1eb500404003f9b9b8eba149d04073577d4abe6a4b5457285c91,REVIEW_REQUIRED,ORIGINALITY_AND_LICENSE_REVIEW,pending-review
mrg_v25_historical,legacy/engine-g2/EVIDENCE_REPLAY_DATASET_V1_CN.md,.md,7696,d82a8a3b11f09adb2f214413edbe1710cdc051e253d966c18dc249f07a7d178d,REVIEW_REQUIRED,ORIGINALITY_AND_LICENSE_REVIEW,pending-review
mrg_v25_historical,legacy/engine-g2/GAME_EVENT_BRIDGE_HANDOFF_20260703.md,.md,13764,97f010f867ed917d5996b44572ae6397f5708bc5ab1ad21162bf19011986c4cd,REVIEW_REQUIRED,ORIGINALITY_AND_LICENSE_REVIEW,pending-review
mrg_v25_historical,legacy/engine-g2/GAME_EVENT_BRIDGE_HANDOFF_20260703_CN.md,.md,5442,5019ac1c5a04682e3266d1bf4d36f337e61ea6a5bb1f7ecd13cb8c15ddd50507,REVIEW_REQUIRED,ORIGINALITY_AND_LICENSE_REVIEW,pending-review
mrg_v25_historical,legacy/engine-g2/GLOBAL_YOLO_C3_ARCHITECTURE.md,.md,4290,4e73a328ef5b3a0fa4275ec933d18e30176ce13ba5323ad8dff38ba1476c77eb,REVIEW_REQUIRED,ORIGINALITY_AND_LICENSE_REVIEW,pending-review
mrg_v25_historical,legacy/engine-g2/GLOBAL_YOLO_C3_ARCHITECTURE_CN.md,.md,5149,050212c3a7bbb61131560b0a0d1c82ab268fe04ae9dc618db8374fda73059722,REVIEW_REQUIRED,ORIGINALITY_AND_LICENSE_REVIEW,pending-review
mrg_v25_historical,legacy/engine-g2/MODULAR_ARCHITECTURE_DECISION_DRAFT_20260704.md,.md,17352,216633c33a5882d35923d49c395d77e7d4918691650bc02e70edb5942922999c,REVIEW_REQUIRED,ORIGINALITY_AND_LICENSE_REVIEW,pending-review
mrg_v25_historical,legacy/engine-g2/MODULAR_ARCHITECTURE_DECISION_DRAFT_20260704_CN.md,.md,4864,956a0e11c2f68cbb269e852b8dfabee336326cf8e3c8a20288453802f76368ce,REVIEW_REQUIRED,ORIGINALITY_AND_LICENSE_REVIEW,pending-review
mrg_v25_historical,legacy/engine-g2/MVS_CAMERA_CHAIN.md,.md,25584,30bd046ef1cad714580be32a561d9d2e2243486060ce8e2465a51ba80d97f7df,REVIEW_REQUIRED,ORIGINALITY_AND_LICENSE_REVIEW,pending-review
mrg_v25_historical,legacy/engine-g2/MVS_CAMERA_CHAIN_CN.md,.md,14261,f72a7a4520bb06788c8ce84d02dc04691b1ca4ababafd9d72d48e5d38ca6a3e4,REVIEW_REQUIRED,ORIGINALITY_AND_LICENSE_REVIEW,pending-review
mrg_v25_historical,legacy/engine-g2/PERIODIC_MONITORING_CHECKLIST.md,.md,14788,67d83d33c80bb87655e4ecd5b4ef8166949766c94bf3ee697289f3142090e842,REVIEW_REQUIRED,ORIGINALITY_AND_LICENSE_REVIEW,pending-review
mrg_v25_historical,legacy/engine-g2/PERIODIC_MONITORING_CHECKLIST_CN.md,.md,4699,d628a0a91ab3d953356ae83349c90adadbd3ebc831497eccdb59de4f474ae890,REVIEW_REQUIRED,ORIGINALITY_AND_LICENSE_REVIEW,pending-review
mrg_v25_historical,legacy/engine-g2/PROJECT_DOCUMENT_INDEX_CN.md,.md,5237,62099119f0c99b459a8c6293af40c214d51a67fde0457ca5ff4368f78df80c7d,REVIEW_REQUIRED,ORIGINALITY_AND_LICENSE_REVIEW,pending-review
mrg_v25_historical,legacy/engine-g2/PROJECT_GIT_WORKFLOW.md,.md,7010,467b1deb6438e75636441ace0426f349aa377b9bcea6e988b855c1dbe1eead00,REVIEW_REQUIRED,ORIGINALITY_AND_LICENSE_REVIEW,pending-review
mrg_v25_historical,legacy/engine-g2/PROJECT_GIT_WORKFLOW_CN.md,.md,4081,063100d3b932367fc8e44eae924d71f859a989b9ee76066d736903359d9aa722,REVIEW_REQUIRED,ORIGINALITY_AND_LICENSE_REVIEW,pending-review
mrg_v25_historical,legacy/engine-g2/README.md,.md,14218,7b9157bf3b4ecdd7e47bf473778c79e976c87c7593308a4e9c9012acf769f8c3,REVIEW_REQUIRED,ORIGINALITY_AND_LICENSE_REVIEW,pending-review
mrg_v25_historical,legacy/engine-g2/REMOTE_TEST_WORKFLOW.md,.md,30248,6393ad6e583e10946f81244dc46f7889f8ebf1520c30ece132d1dce4ebed2e63,REVIEW_REQUIRED,ORIGINALITY_AND_LICENSE_REVIEW,pending-review
mrg_v25_historical,legacy/engine-g2/REMOTE_TEST_WORKFLOW_CN.md,.md,18690,edee7d26c714f73f09c19a397d850ffde0c97d152c586cfd7454a71ed253db72,REVIEW_REQUIRED,ORIGINALITY_AND_LICENSE_REVIEW,pending-review
mrg_v25_historical,legacy/engine-g2/TEST.py,.py,2971,b579d4b4dae0a38d1d85d20dd513878d60b77d1ccd2d412df5e00ec6aa9877d4,REVIEW_REQUIRED,ORIGINALITY_AND_LICENSE_REVIEW,pending-review
mrg_v25_historical,legacy/engine-g2/V25_MAIN_TASK_TREE_20260709.md,.md,25462,228498899642230fb8b2b3b3df0bde8c0c72de602d0ad222b620ba3073af82d5,REVIEW_REQUIRED,ORIGINALITY_AND_LICENSE_REVIEW,pending-review
mrg_v25_historical,legacy/engine-g2/active_led_marker_worker.py,.py,18535,99505ca73139af6ec1aa4057c4f08267f8019e87f6f4bbceedc4211602ff5819,REVIEW_REQUIRED,ORIGINALITY_AND_LICENSE_REVIEW,pending-review
mrg_v25_historical,legacy/engine-g2/after_step4_hit_test_and_pack.sh,.sh,4645,e11105056149dc16bd4b2ac05a6f4c3151aaaeee165d9f34dec692587828b8c5,REVIEW_REQUIRED,ORIGINALITY_AND_LICENSE_REVIEW,pending-review
mrg_v25_historical,legacy/engine-g2/analyze_display_composite.py,.py,5883,e6dbc6c4c5c6281cf05dcf37cb42287d6356f686e51a2e37bdffc7fc1542fade,REVIEW_REQUIRED,ORIGINALITY_AND_LICENSE_REVIEW,pending-review
mrg_v25_historical,legacy/engine-g2/analyze_fusion_display_stats.py,.py,13764,bf9d4856205137cca320aa981717524fdcc510387508c13880464644902ff4d2,REVIEW_REQUIRED,ORIGINALITY_AND_LICENSE_REVIEW,pending-review
mrg_v25_historical,legacy/engine-g2/analyze_mvs_event_sync_quality.py,.py,21205,5a899f61c71973f507335f135f2202ccde5f35ca1f6242ba77850ffbfe0f6c20,REVIEW_REQUIRED,ORIGINALITY_AND_LICENSE_REVIEW,pending-review
mrg_v25_historical,legacy/engine-g2/arrange_camera_windows.py,.py,12060,db1670c25fd7b862f66f40fca3cda110ac61fb2ec75f7ab278d5073ac6269ba0,REVIEW_REQUIRED,ORIGINALITY_AND_LICENSE_REVIEW,pending-review
mrg_v25_historical,legacy/engine-g2/bullet_event_sender.py,.py,63503,f0edcc3e32df59f66831dabdaec66d20f92a1faf1cbb1cab3ec7e6bebd534a43,REVIEW_REQUIRED,ORIGINALITY_AND_LICENSE_REVIEW,pending-review
mrg_v25_historical,legacy/engine-g2/check_D_trigger_rate.sh,.sh,2100,00ef1f720b82f3a3e07932b5149ba073bf587d5eab92f6907a627063a498773b,REVIEW_REQUIRED,ORIGINALITY_AND_LICENSE_REVIEW,pending-review
mrg_v25_historical,legacy/engine-g2/check_sync_pair_quality.py,.py,2995,c2185d3d3ee2d318ed13fbf9a6695f4c4b38ca9125aec92f3986f12e4b9bf4ed,REVIEW_REQUIRED,ORIGINALITY_AND_LICENSE_REVIEW,pending-review
mrg_v25_historical,legacy/engine-g2/clean_homography_outliers.py,.py,2814,aeb366cce747213d356ccbb367cebce6cfdd443b901562ad190b8a4f167b6f93,REVIEW_REQUIRED,ORIGINALITY_AND_LICENSE_REVIEW,pending-review
mrg_v25_historical,legacy/engine-g2/collect_E_hit_raw.sh,.sh,3164,7a0268dd66c1ccc005aea53525067ae555799a2061af256e6e95767773e080dd,REVIEW_REQUIRED,ORIGINALITY_AND_LICENSE_REVIEW,pending-review
mrg_v25_historical,legacy/engine-g2/compute_event_mvs_homography.py,.py,3100,46dcb6fa75a2f3ac8425a823e7217bd0457885358dcd03e88b2b33e891c5f70f,REVIEW_REQUIRED,ORIGINALITY_AND_LICENSE_REVIEW,pending-review
mrg_v25_historical,legacy/engine-g2/compute_two_plane_homography.py,.py,7168,7bdb9aca0222f4d0b990c968a1585112b44e0cf0f3ab696525e7e81863f46d7d,REVIEW_REQUIRED,ORIGINALITY_AND_LICENSE_REVIEW,pending-review
mrg_v25_historical,legacy/engine-g2/cpp_bullet_core/analyze_mvs_event_sync_quality.py,.py,21205,5a899f61c71973f507335f135f2202ccde5f35ca1f6242ba77850ffbfe0f6c20,REVIEW_REQUIRED,ORIGINALITY_AND_LICENSE_REVIEW,pending-review
mrg_v25_historical,legacy/engine-g2/cpp_bullet_core/arrange_camera_windows.py,.py,12060,db1670c25fd7b862f66f40fca3cda110ac61fb2ec75f7ab278d5073ac6269ba0,REVIEW_REQUIRED,ORIGINALITY_AND_LICENSE_REVIEW,pending-review
mrg_v25_historical,legacy/engine-g2/cpp_bullet_core/bullet_event_sender.py,.py,44102,b7423a18bcc1c6416fc5caa30a9bf31eef8348cb99a453967d21c907d9bec995,REVIEW_REQUIRED,ORIGINALITY_AND_LICENSE_REVIEW,pending-review
mrg_v25_historical,legacy/engine-g2/cpp_bullet_core/cpp_line_motion_filter.py,.py,11067,1ca8a9caac0a52709f5bd594ac88091bb0746bd59aa88fdf345f48a17af70490,REVIEW_REQUIRED,ORIGINALITY_AND_LICENSE_REVIEW,pending-review
mrg_v25_historical,legacy/engine-g2/cpp_bullet_core/diagnose_mvs_a_line_status.py,.py,5689,c9613b5f286af9a698b57be9530707a1320939a3908f64b248ccc3ea0b4e579c,REVIEW_REQUIRED,ORIGINALITY_AND_LICENSE_REVIEW,pending-review
mrg_v25_historical,legacy/engine-g2/cpp_bullet_core/hik_mvs_obs_srt_streamer.py,.py,60226,0aaf9880a3352bfa6bf91edffc6e5fba0534803c4dcbaacae3a2d81006eb8d65,REVIEW_REQUIRED,ORIGINALITY_AND_LICENSE_REVIEW,pending-review
mrg_v25_historical,legacy/engine-g2/cpp_bullet_core/hik_rgb_yolo_seg_multicam_same_model_stableid_v5.py,.py,363955,4620b7b5ec146528ba1b074465ba9a0eb1dedf42f0f5e4248ffe130b8e445385,REVIEW_REQUIRED,ORIGINALITY_AND_LICENSE_REVIEW,pending-review
mrg_v25_historical,legacy/engine-g2/cpp_bullet_core/hit_protocol.py,.py,14954,4c6473d471410c5cc2223d7466e3051331e6ff19cc5cb5aaa4d0ecf5363a0de4,REVIEW_REQUIRED,ORIGINALITY_AND_LICENSE_REVIEW,pending-review
mrg_v25_historical,legacy/engine-g2/cpp_bullet_core/include/cpp_bullet_types.hpp,.hpp,13317,c5451f1ad4de85dde0fe45acbed2623c761258ff111f6e1fc194e2eff99a0f8f,REVIEW_REQUIRED,ORIGINALITY_AND_LICENSE_REVIEW,pending-review
mrg_v25_historical,legacy/engine-g2/cpp_bullet_core/include/cpp_line_motion_filter.hpp,.hpp,19315,bb7b1d1a958a685fdb8a598eebee71d10c3f39673d3602c1b98ab38d511bcdb2,REVIEW_REQUIRED,ORIGINALITY_AND_LICENSE_REVIEW,pending-review
mrg_v25_historical,legacy/engine-g2/cpp_bullet_core/latest_frame_shm.py,.py,9765,342bfa4d78b14ecc1894e10c58ba7ff2f1c1b944d6ddd095397665c99ddbd1dd,REVIEW_REQUIRED,ORIGINALITY_AND_LICENSE_REVIEW,pending-review
mrg_v25_historical,legacy/engine-g2/cpp_bullet_core/latest_frame_tsf1_sender.py,.py,10895,8083151052aa72d24cc3ebd8f722359ea6d9f01450805357062c9251d81c6182,REVIEW_REQUIRED,ORIGINALITY_AND_LICENSE_REVIEW,pending-review
mrg_v25_historical,legacy/engine-g2/cpp_bullet_core/line_motion_filter_backfill.py,.py,224147,6dfc5f90354d560aa67608a9507a755a3b2e84f2998108a0883506ebf22cd8f0,REVIEW_REQUIRED,ORIGINALITY_AND_LICENSE_REVIEW,pending-review
mrg_v25_historical,legacy/engine-g2/cpp_bullet_core/metavision_spatter_tracking_linefilter_tsf1_autosender_backfill.py,.py,220307,1ae7a4caa4dbea4526dc1e1deaf9f2da35e764c4e81ab31822dfcf4b801eeb70,REVIEW_REQUIRED,ORIGINALITY_AND_LICENSE_REVIEW,pending-review
mrg_v25_historical,legacy/engine-g2/cpp_bullet_core/multi_camera_launcher.py,.py,23535,d7c7b0793778005ec496868ec5847946983ce5b394790e01c27e4d2359ac9cd5,REVIEW_REQUIRED,ORIGINALITY_AND_LICENSE_REVIEW,pending-review
mrg_v25_historical,legacy/engine-g2/cpp_bullet_core/mvs_softsync_capture_core.py,.py,42081,06567e727046541be46273ecf6622e8550f1940059c20a094067e4345de54430,REVIEW_REQUIRED,ORIGINALITY_AND_LICENSE_REVIEW,pending-review
mrg_v25_historical,legacy/engine-g2/cpp_bullet_core/obs_srt_streamer.py,.py,24970,4cc3efee5099ebc2c3cbe3d4b80af1ae86fc16d8ba52bdbf16bcbc7969ca1150,REVIEW_REQUIRED,ORIGINALITY_AND_LICENSE_REVIEW,pending-review
mrg_v25_historical,legacy/engine-g2/cpp_bullet_core/pyproject.toml,.toml,105,716109e0e15fdc29ea82f00debd2ce560040a33b85abaf041b435df239d20063,REVIEW_REQUIRED,ORIGINALITY_AND_LICENSE_REVIEW,pending-review
mrg_v25_historical,legacy/engine-g2/cpp_bullet_core/rentijiance/hik_rgb_yolo_seg_multicam_same_model_stableid_v5.py,.py,297960,58f91a37da42d3915238421cbfb8ffad957fcc316efdbc1db577bc37ee5eaa27,REVIEW_REQUIRED,ORIGINALITY_AND_LICENSE_REVIEW,pending-review
mrg_v25_historical,legacy/engine-g2/cpp_bullet_core/rentijiance/hit_judge_server.py,.py,159233,0ddf622e1ca70b90e29b6a72b15863b5f42398dfaac08a99c30e704f9c30a6ae,REVIEW_REQUIRED,ORIGINALITY_AND_LICENSE_REVIEW,pending-review
mrg_v25_historical,legacy/engine-g2/cpp_bullet_core/setup.py,.py,958,90cdfe3a27b93e32a1c938ee30d347d666162f3a17693a8ebe8f44821384dd02,REVIEW_REQUIRED,ORIGINALITY_AND_LICENSE_REVIEW,pending-review
mrg_v25_historical,legacy/engine-g2/cpp_bullet_core/src/cpp_line_motion_filter.cpp,.cpp,134511,063c8446e58fb29be777a10efa1d66ae57b1ec1425167a4467c1753e3782e278,REVIEW_REQUIRED,ORIGINALITY_AND_LICENSE_REVIEW,pending-review
mrg_v25_historical,legacy/engine-g2/cpp_bullet_core/src/pybind_module.cpp,.cpp,19475,3a10c62a78f2b9df351cd1e691a3d8a067603a404d13d5529b286d1735b65475,REVIEW_REQUIRED,ORIGINALITY_AND_LICENSE_REVIEW,pending-review
mrg_v25_historical,legacy/engine-g2/cpp_bullet_core/start_event_and_rentijiance_test523.py,.py,16942,4558e3d905586a905a6c1ff5923ecbfb93f2a3a31528f10222d91949653bad50,REVIEW_REQUIRED,ORIGINALITY_AND_LICENSE_REVIEW,pending-review
mrg_v25_historical,legacy/engine-g2/cpp_bullet_core/tools/analyze_frame_bundle_audit.py,.py,16757,43080a4503fe01cd167c2e976581cbdd374102003ecedea5eaa8607a190fec94,REVIEW_REQUIRED,ORIGINALITY_AND_LICENSE_REVIEW,pending-review
mrg_v25_historical,legacy/engine-g2/cpp_line_motion_filter.py,.py,11067,1ca8a9caac0a52709f5bd594ac88091bb0746bd59aa88fdf345f48a17af70490,REVIEW_REQUIRED,ORIGINALITY_AND_LICENSE_REVIEW,pending-review
mrg_v25_historical,legacy/engine-g2/cuda_bayer_preprocess/README.md,.md,429,3ff1f14c2cb5006d0a1c1d57d89a5d82e74b8543378bdf2d92f799e54684639e,REVIEW_REQUIRED,ORIGINALITY_AND_LICENSE_REVIEW,pending-review
mrg_v25_historical,legacy/engine-g2/cuda_bayer_preprocess/__init__.py,.py,323,44e5d0c3aa072dde1679a01d4ed6eb1cfef88adc53a21413457b94c1c5d698ed,REVIEW_REQUIRED,ORIGINALITY_AND_LICENSE_REVIEW,pending-review
mrg_v25_historical,legacy/engine-g2/cuda_bayer_preprocess/bayer_preprocess.cpp,.cpp,733,d5d88bfe4304ef71f86b1108714458af922131710dd277f78c8cec5cbd1738e6,REVIEW_REQUIRED,ORIGINALITY_AND_LICENSE_REVIEW,pending-review
mrg_v25_historical,legacy/engine-g2/cuda_bayer_preprocess/preprocess.py,.py,3581,5c7a8a69cc5eac4b64f56a41448a794057348230d449cdeecf3c26b7b4fc30fd,REVIEW_REQUIRED,ORIGINALITY_AND_LICENSE_REVIEW,pending-review
mrg_v25_historical,legacy/engine-g2/cuda_bayer_preprocess/setup.py,.py,595,631787e21a3512cafc154fc96713f8e530b06cba339571a149d766c367692c2e,REVIEW_REQUIRED,ORIGINALITY_AND_LICENSE_REVIEW,pending-review
mrg_v25_historical,legacy/engine-g2/damage_attribution_service.py,.py,53703,5e88a745a9b21281c9799eec0a22b14c2040182ecf9b7e0c5425551d491d8b80,REVIEW_REQUIRED,ORIGINALITY_AND_LICENSE_REVIEW,pending-review
mrg_v25_historical,legacy/engine-g2/diagnose_mvs_a_line_status.py,.py,5689,c9613b5f286af9a698b57be9530707a1320939a3908f64b248ccc3ea0b4e579c,REVIEW_REQUIRED,ORIGINALITY_AND_LICENSE_REVIEW,pending-review
mrg_v25_historical,legacy/engine-g2/docs/README_CN.md,.md,992,ce2a9830fe6f527b6b7c8d976f93280c58d2bc200de03f28ba0f7177cd5b46f6,REVIEW_REQUIRED,ORIGINALITY_AND_LICENSE_REVIEW,pending-review
mrg_v25_historical,legacy/engine-g2/docs/architecture/HIT_JUDGE_V20_SPLIT_DIRECTION.md,.md,5394,7a7e4928b1f26c4557ed94549a0401181c9b7d12105f9d80b23d5c6b84ac397a,REVIEW_REQUIRED,ORIGINALITY_AND_LICENSE_REVIEW,pending-review
mrg_v25_historical,legacy/engine-g2/docs/architecture/V20C_IDENTITY_EVIDENCE_CHAIN_GOVERNANCE_20260703.md,.md,12461,d0cc821fc17e073213adb770587fe6b0db59b5b1c51850e2f7c0b7089afc1477,REVIEW_REQUIRED,ORIGINALITY_AND_LICENSE_REVIEW,pending-review
mrg_v25_historical,legacy/engine-g2/docs/architecture/V22_HOT_UPDATE_LAB_ARCHITECTURE.md,.md,4789,f30767ccae84b42ea0f0b38263c16d597eb89f90e4e6e005f4e9f6cc2a09f4ef,REVIEW_REQUIRED,ORIGINALITY_AND_LICENSE_REVIEW,pending-review
mrg_v25_historical,legacy/engine-g2/docs/operations/A_TEST_PROJECT_MANAGEMENT.md,.md,3918,4b452370c482a43110b2109e2e2d20205eb34398915fc8073cb4726a3d1a90a4,REVIEW_REQUIRED,ORIGINALITY_AND_LICENSE_REVIEW,pending-review
mrg_v25_historical,legacy/engine-g2/docs/operations/IR_ID_V26D_MINIMUM_FIELD_RUN.en.md,.md,5596,dcacf05a60b80cad67558c11b638d493026a27d4bc64df6aa468d547786ed56f,REVIEW_REQUIRED,ORIGINALITY_AND_LICENSE_REVIEW,pending-review
mrg_v25_historical,legacy/engine-g2/docs/operations/IR_ID_V26D_MINIMUM_FIELD_RUN.zh-CN.md,.md,5301,3b86cdfbd205efe2646114bfc67aa5aec95957263a45e2bd1e0db825470c0e85,REVIEW_REQUIRED,ORIGINALITY_AND_LICENSE_REVIEW,pending-review
mrg_v25_historical,legacy/engine-g2/docs/operations/PYOPENGL_CUDA_PREVIEW_TEST_PLAN.md,.md,8594,b18efced494fe5c31738ab7a3379fac6cb60d3fba78458f42124cdf4a6f5905b,REVIEW_REQUIRED,ORIGINALITY_AND_LICENSE_REVIEW,pending-review
mrg_v25_historical,legacy/engine-g2/docs/reports/BGR8_CODELEVEL_FORCE_README.md,.md,1421,4280b867c62c7a82cc97be2020cd9932c0774299d5e8906981fed8ac5292411c,REVIEW_REQUIRED,ORIGINALITY_AND_LICENSE_REVIEW,pending-review
mrg_v25_historical,legacy/engine-g2/docs/reports/BGR8_INTEGRATION_README_20260625.md,.md,1819,09538ec402ce25404546caf5ee9f2399e594eda1380d50fae25addfcfcf0c572,REVIEW_REQUIRED,ORIGINALITY_AND_LICENSE_REVIEW,pending-review
mrg_v25_historical,legacy/engine-g2/docs/reports/BGR8_SAFE_RECOVERY_README.md,.md,743,10eda89eff0374db570ac6049562bf0b37ba132ebffeef149e516b8e9378cb92,REVIEW_REQUIRED,ORIGINALITY_AND_LICENSE_REVIEW,pending-review
mrg_v25_historical,legacy/engine-g2/docs/reports/EVENT_SIDE_CHAIN_V24E1_CN.md,.md,3707,a239dcc282cd65ffc312a5275c08a981b4804b78416ecb09d6fcfbd26ff48fbf,REVIEW_REQUIRED,ORIGINALITY_AND_LICENSE_REVIEW,pending-review
mrg_v25_historical,legacy/engine-g2/docs/reports/GLOBAL_PERSON_ID_V18_HORIZONTAL_COMPARE.md,.md,3036,97465d8ef83aefaac1dbdeb2467b79ce789f27e74dbe5031111eb26d574175c3,REVIEW_REQUIRED,ORIGINALITY_AND_LICENSE_REVIEW,pending-review
mrg_v25_historical,legacy/engine-g2/docs/reports/GLOBAL_PERSON_ID_V19B2_ANCHOR_RERUN.md,.md,4155,1f501e25e9ce22745a5f3fda771b36d3bfae1513cc6e369446a19143d811b0f0,REVIEW_REQUIRED,ORIGINALITY_AND_LICENSE_REVIEW,pending-review
mrg_v25_historical,legacy/engine-g2/docs/reports/GLOBAL_PERSON_ID_V19B_POLYGON_COMPARE.md,.md,4455,456d5a27bf04d749ae6fde7c8aeaaf7f6c1e42da8825937a20c3f317d63a656a,REVIEW_REQUIRED,ORIGINALITY_AND_LICENSE_REVIEW,pending-review
mrg_v25_historical,legacy/engine-g2/docs/reports/GLOBAL_PERSON_ID_V19C_HANDOFF_AWARE.md,.md,3678,a2d337463f96a4f1bb55ea461a7bde566d30cda2eb0442f7c457eeb62ff8e250,REVIEW_REQUIRED,ORIGINALITY_AND_LICENSE_REVIEW,pending-review
mrg_v25_historical,legacy/engine-g2/docs/reports/GLOBAL_PERSON_ID_V19E_COUNT_GATE_NODE.md,.md,2901,5b27bdbcbfbdcf6504f17ddc068838259e47e76d75751c5089150731bb97effc,REVIEW_REQUIRED,ORIGINALITY_AND_LICENSE_REVIEW,pending-review
mrg_v25_historical,legacy/engine-g2/docs/reports/GLOBAL_PERSON_ID_V19_ANCHOR_COMPARE.md,.md,4054,546c832adff0fbd4e556850148d44070487033e8912fb315ffce8d9e4681b261,REVIEW_REQUIRED,ORIGINALITY_AND_LICENSE_REVIEW,pending-review
mrg_v25_historical,legacy/engine-g2/docs/reports/HANDOFF_20260702_EVENT_OVERLAY_BEV_DILATE_CONTROL.md,.md,4403,2220dd35d9dd41587a9501c1f3911d9e154b3fcdfd8a3401a95bd063c089698d,REVIEW_REQUIRED,ORIGINALITY_AND_LICENSE_REVIEW,pending-review
mrg_v25_historical,legacy/engine-g2/docs/reports/REMOTE_EVENT_CHAIN_REPORT_20260704.md,.md,9770,6a4ae67f68b8496b52fe15eeb96c8518425080a5554b31076fbe5185edaf0e85,REVIEW_REQUIRED,ORIGINALITY_AND_LICENSE_REVIEW,pending-review
mrg_v25_historical,legacy/engine-g2/docs/reports/SYNC_DEGRADE_BUG_20260703.md,.md,3783,d5e005ab252ad274e83c1112e009228b59f9a5ef9f50b7ee6b970dadd71b1f89,REVIEW_REQUIRED,ORIGINALITY_AND_LICENSE_REVIEW,pending-review
mrg_v25_historical,legacy/engine-g2/docs/reports/TEST_REPORT_20260701_V15_NOISE_DEFH.md,.md,6964,54ece76358ec27b5d7a7a8b549ca3b83ab392012354e1a54f4848cb73eb4e39d,REVIEW_REQUIRED,ORIGINALITY_AND_LICENSE_REVIEW,pending-review
mrg_v25_historical,legacy/engine-g2/docs/reports/YOLO_SHARD_OPTIMIZATION_README.md,.md,2510,63e6027bb35f07d2d16beaa722a99587c567c9daa542732d8e50d72781053d4f,REVIEW_REQUIRED,ORIGINALITY_AND_LICENSE_REVIEW,pending-review
mrg_v25_historical,legacy/engine-g2/docs/versions/NODE_VERSION_20260701_PRE_V10A_ROLLBACK.md,.md,2219,19ad367d8b3715c40318ecf14eb822ad3fe956d86e607b8f855cb774c8825ce6,REVIEW_REQUIRED,ORIGINALITY_AND_LICENSE_REVIEW,pending-review
mrg_v25_historical,legacy/engine-g2/docs/versions/NODE_VERSION_20260701_V14_E_HIT_NO_MISS_STAGE.md,.md,4080,c9ea9a64be05e7776c4cf1490fa6f5a542d2c08c1015bf480dff315653e256cf,REVIEW_REQUIRED,ORIGINALITY_AND_LICENSE_REVIEW,pending-review
mrg_v25_historical,legacy/engine-g2/docs/versions/NODE_VERSION_20260701_V15_2_TRAJECTORY_ONLY_CHECK.md,.md,9428,43561e555d8674fa55f83b6a4c7363bc0ef1e9472fca70e47f4c67fac7ecea4d,REVIEW_REQUIRED,ORIGINALITY_AND_LICENSE_REVIEW,pending-review
mrg_v25_historical,legacy/engine-g2/docs/versions/NODE_VERSION_20260701_V1_1_STRICT_MASK_TSF12.md,.md,3369,28fcc0635fb0bb802a68d7242c39e4d864f261c16898b7fc0bd15c4dcaa3765a,REVIEW_REQUIRED,ORIGINALITY_AND_LICENSE_REVIEW,pending-review
mrg_v25_historical,legacy/engine-g2/docs/versions/NODE_VERSION_20260701_V1_3_GLOBAL_BEV_30FPS.md,.md,4215,1d94d6c2543a7c937c6a77e809e43cc0fc6b582125596bcc75080a48a73b168b,REVIEW_REQUIRED,ORIGINALITY_AND_LICENSE_REVIEW,pending-review
mrg_v25_historical,legacy/engine-g2/docs/versions/NODE_VERSION_20260702_A_TEST_EVENT_OVERLAY_BEV_DILATE_CONTROL.md,.md,4288,9eb5b9ec96a9876395b6f868559668a5601e18d5a010da7c8b60dd7afee8510b,REVIEW_REQUIRED,ORIGINALITY_AND_LICENSE_REVIEW,pending-review
mrg_v25_historical,legacy/engine-g2/docs/versions/NODE_VERSION_20260702_V17A_ATEST_MERGED.md,.md,2962,d6cbd2a9e3cde493e6a5c01f63bc9a406ee3a00aad078b410fd70c37b0c74266,REVIEW_REQUIRED,ORIGINALITY_AND_LICENSE_REVIEW,pending-review
mrg_v25_historical,legacy/engine-g2/docs/versions/NODE_VERSION_20260702_V17_A_DIAG_LOG_THROTTLE.md,.md,2026,3bba6e5385c799cfb62c2f333f3e789dfa8683889d722504fb67fef82f19bd44,REVIEW_REQUIRED,ORIGINALITY_AND_LICENSE_REVIEW,pending-review
mrg_v25_historical,legacy/engine-g2/docs/versions/NODE_VERSION_20260704_EF_EVENT_CHAIN_HOTPIXEL_FIX.md,.md,6091,421e80e6f0b0e71cba09573131eddd08d3eba416efcaaae04d8769cb5cadd561,REVIEW_REQUIRED,ORIGINALITY_AND_LICENSE_REVIEW,pending-review
mrg_v25_historical,legacy/engine-g2/docs/versions/NODE_VERSION_20260704_MANUAL_HIT_GLOBAL_CLICK.md,.md,7538,280785d399b14ea14edc7bc0b55be61e5d0069f18004bc9df2a1c6f62e7b9e5d,REVIEW_REQUIRED,ORIGINALITY_AND_LICENSE_REVIEW,pending-review
mrg_v25_historical,legacy/engine-g2/docs/versions/NODE_VERSION_20260705_V24B_SPARSE_GL_UNCLOSED.md,.md,9207,8f092563fb5cf2444d913dce3ff9a1dedeab87b0926ce4e1c7fc7f4d5f1f9f5b,REVIEW_REQUIRED,ORIGINALITY_AND_LICENSE_REVIEW,pending-review
mrg_v25_historical,legacy/engine-g2/docs/versions/NODE_VERSION_20260707_V24C3_DELAYED_ALIGNMENT_SHADOW.md,.md,3746,dedae4452790e13bccd3064196eeefa2d6e4786128cddfea8c15d1d9cecef3b5,REVIEW_REQUIRED,ORIGINALITY_AND_LICENSE_REVIEW,pending-review
mrg_v25_historical,legacy/engine-g2/docs/versions/NODE_VERSION_20260707_V24C4_PREFLIGHT_ALIGNMENT_DIAG.md,.md,5117,c0c28963f51c5c1ea6c91bfa8635f7ebe69407746cc92b79450d5d5702f59adc,REVIEW_REQUIRED,ORIGINALITY_AND_LICENSE_REVIEW,pending-review
mrg_v25_historical,legacy/engine-g2/docs/versions/NODE_VERSION_20260707_V24C5_C6_BEV_UPLOAD_DISPLAY_BUDGET.md,.md,8780,5982e6750feb7515d120390c8c5ce97185d4f8cb770602515657911185226cf2,REVIEW_REQUIRED,ORIGINALITY_AND_LICENSE_REVIEW,pending-review
mrg_v25_historical,legacy/engine-g2/docs/versions/NODE_VERSION_20260707_V24D_TEST_TOOLCHAIN_DOCS_HARDENING.md,.md,5966,9fc25d6e6b30e3bb7b0c00858f63f3af4fc7e5e4d7b9cc58a7e52669378f9a0f,REVIEW_REQUIRED,ORIGINALITY_AND_LICENSE_REVIEW,pending-review
mrg_v25_historical,legacy/engine-g2/docs/versions/NODE_VERSION_20260707_V24Z_YOLO_ASYNC_POSTPROCESS.md,.md,15356,f898a162529623c2a63377bfcf1abfc63ff78dff07e7e64c75a104d7407a4e40,REVIEW_REQUIRED,ORIGINALITY_AND_LICENSE_REVIEW,pending-review
mrg_v25_historical,legacy/engine-g2/docs/versions/NODE_VERSION_20260708_V24E5_BEV_EVENT_TARGET_RING_ACTIVE.md,.md,6295,95ef3e35811794d39accdc7e23711b1dc9f699b7d0f6844d25398ba6e7a9d1d5,REVIEW_REQUIRED,ORIGINALITY_AND_LICENSE_REVIEW,pending-review
mrg_v25_historical,legacy/engine-g2/docs/versions/NODE_VERSION_20260708_V24Z4_POSTMASK_ROLLBACK.md,.md,3082,adc235d5f83bd4753e85619070d7284aa93cfc0b44a7a0863178988e572d225f,REVIEW_REQUIRED,ORIGINALITY_AND_LICENSE_REVIEW,pending-review
mrg_v25_historical,legacy/engine-g2/docs/versions/NODE_VERSION_20260709_V25B_EXTTRIG_REPLAY.md,.md,6353,aa75f38517a46d00ad6ea89626a0b81e7263242ce34becfee24f3b179cfd55bd,REVIEW_REQUIRED,ORIGINALITY_AND_LICENSE_REVIEW,pending-review
mrg_v25_historical,legacy/engine-g2/docs/versions/NODE_VERSION_20260709_V25C_MVS_FILE_REPLAY.md,.md,4368,f2b41eb689abe974e36b7585e3851d470d30ed965c569533eb08521d641d06d8,REVIEW_REQUIRED,ORIGINALITY_AND_LICENSE_REVIEW,pending-review
mrg_v25_historical,legacy/engine-g2/docs/versions/NODE_VERSION_20260709_V25D_MANIFEST_SOURCE_EXPAND.md,.md,5991,1fcd59aa108efaf4b4dbad91838d2666150cea3c6d1922b1aaafb50f827116d5,REVIEW_REQUIRED,ORIGINALITY_AND_LICENSE_REVIEW,pending-review
mrg_v25_historical,legacy/engine-g2/docs/versions/NODE_VERSION_20260709_V25_ADE_STATUS_WINDOW_CLOSURE.md,.md,5782,161df3da0c3a9eb496c7193745511d1c530af6b7c5125d2a9be8b96872664667,REVIEW_REQUIRED,ORIGINALITY_AND_LICENSE_REVIEW,pending-review
mrg_v25_historical,legacy/engine-g2/docs/versions/NODE_VERSION_20260710_G0_G2_REPOSITORY_GOVERNANCE.md,.md,3033,f02c5b7295642ed94c8ee0f2a02a6a41cce5cc0d1017ee1c1360c519406eb514,REVIEW_REQUIRED,ORIGINALITY_AND_LICENSE_REVIEW,pending-review
mrg_v25_historical,legacy/engine-g2/docs/versions/NODE_VERSION_20260710_V25_STARTUP_CONTROL_PANEL.md,.md,3165,e783ff030696f94621c45c633b3e3597183e0cbe0139572c1a888093692754e6,REVIEW_REQUIRED,ORIGINALITY_AND_LICENSE_REVIEW,pending-review
mrg_v25_historical,legacy/engine-g2/docs/versions/STAGE_VERSION_20260630_EVENT_YOLO_MASK_OPTIMIZATION.md,.md,15360,b3ab623c8e046ef2c44f82d3246402cbdf0ccb95fbad5d66734e64f4d1fd50a1,REVIEW_REQUIRED,ORIGINALITY_AND_LICENSE_REVIEW,pending-review
mrg_v25_historical,legacy/engine-g2/docs/versions/VERSION_MANIFEST_20260702_EVENT_OVERLAY_BEV_DILATE_CONTROL.json,.json,4434,82526403cfd57c4b8117786a3e960f3c817ca2a71367956ca0a352099b10de8e,REVIEW_REQUIRED,ORIGINALITY_AND_LICENSE_REVIEW,pending-review
mrg_v25_historical,legacy/engine-g2/event_mask_evidence_service.py,.py,31988,342e2a8816ccc65f6a46c3ad32a52bf4c88bcddd56748c22625f734a9784dc64,REVIEW_REQUIRED,ORIGINALITY_AND_LICENSE_REVIEW,pending-review
mrg_v25_historical,legacy/engine-g2/event_overlay_overview_renderer.py,.py,10685,df44b7f6479b147215647cd94d77d8bfcd5866e20e8bb743ae45dab964b111cb,REVIEW_REQUIRED,ORIGINALITY_AND_LICENSE_REVIEW,pending-review
mrg_v25_historical,legacy/engine-g2/experiments/global_id/alpha_beta_countgate.json,.json,641,e1d73c8846b4f78900333ccb82c22bb18f1fed906dcecf2b1070b7b5ead6363b,REVIEW_REQUIRED,ORIGINALITY_AND_LICENSE_REVIEW,pending-review
mrg_v25_historical,legacy/engine-g2/experiments/global_id/handoff_strict_anchor.json,.json,776,f101aeedb607a283acf6d930095be02b5d58cdaa8fb5512f1a1df1606a0068fe,REVIEW_REQUIRED,ORIGINALITY_AND_LICENSE_REVIEW,pending-review
mrg_v25_historical,legacy/engine-g2/experiments/global_id/kalman_shadow_countgate.json,.json,757,b4c971bc16ad81c8cb1f8838900f0198154ed6846d51a486ee37b9bcf87bc6e4,REVIEW_REQUIRED,ORIGINALITY_AND_LICENSE_REVIEW,pending-review
mrg_v25_historical,legacy/engine-g2/experiments/hit_judge/bbox48_shadow.json,.json,705,f13feed8adc39ae575077fcc7120efb39e764c4b1f0dd17987c3c8153801aeb3,REVIEW_REQUIRED,ORIGINALITY_AND_LICENSE_REVIEW,pending-review
mrg_v25_historical,legacy/engine-g2/experiments/hit_judge/bbox48_soft.json,.json,712,6dbb3676665fd0c28fbea5098ea808256ea6b25b57a2ff2adfd68ef4ac49c3bb,REVIEW_REQUIRED,ORIGINALITY_AND_LICENSE_REVIEW,pending-review
mrg_v25_historical,legacy/engine-g2/experiments/hit_judge/bbox96_soft.json,.json,709,41f025b229ab12d1c4227c260e80157b0c22497747f8b57ec2d83b07ffcaa32d,REVIEW_REQUIRED,ORIGINALITY_AND_LICENSE_REVIEW,pending-review
mrg_v25_historical,legacy/engine-g2/fusion_renderer_gl.py,.py,133171,aff898bcbb9ef3bd9c7af30b4a0d3f496f60da18843a3a4f5c9be3f9102ea78b,REVIEW_REQUIRED,ORIGINALITY_AND_LICENSE_REVIEW,pending-review
mrg_v25_historical,legacy/engine-g2/game_event_bridge_service.py,.py,27721,b5d8ea5e2a9a765a9a7e694b625b4cc76b2b5581c85aafd226e70f93fb0eb2aa,REVIEW_REQUIRED,ORIGINALITY_AND_LICENSE_REVIEW,pending-review
mrg_v25_historical,legacy/engine-g2/global_bev_fusion_renderer.py,.py,568207,6493f774ea7fbe4089f4978f195828ed49f4153a6d21071e6428ba9ce395bb77,REVIEW_REQUIRED,ORIGINALITY_AND_LICENSE_REVIEW,pending-review
mrg_v25_historical,legacy/engine-g2/global_bullet_fusion_service.py,.py,17722,22efc0266941b761a9b99c49c42886c198443b6f93e34f4fd47dac55fe6e5be6,REVIEW_REQUIRED,ORIGINALITY_AND_LICENSE_REVIEW,pending-review
mrg_v25_historical,legacy/engine-g2/global_bullet_reprocess_service.py,.py,9681,7bb33a834ec05114059d8a78d6db8073e059f13ee51d611977eab7a54180f3e1,REVIEW_REQUIRED,ORIGINALITY_AND_LICENSE_REVIEW,pending-review
mrg_v25_historical,legacy/engine-g2/global_person_id_server.py,.py,89190,7e4432e4d74e95ad9708175987f2be6c095c3ad09e57cae5418335add9bd250e,REVIEW_REQUIRED,ORIGINALITY_AND_LICENSE_REVIEW,pending-review
mrg_v25_historical,legacy/engine-g2/global_yolo_infer_server.py,.py,138834,53d9c450ad0f670e6a3f28427ae28810028f12bed70eaa67cca959ad3cc84eab,REVIEW_REQUIRED,ORIGINALITY_AND_LICENSE_REVIEW,pending-review
mrg_v25_historical,legacy/engine-g2/global_yolo_merge_publisher.py,.py,31695,f026e019a553bd24dd9a78147f2f76472fe76f7afa8f9aa1f06370843e964aa2,REVIEW_REQUIRED,ORIGINALITY_AND_LICENSE_REVIEW,pending-review
mrg_v25_historical,legacy/engine-g2/governance/README_CN.md,.md,1054,118f47f139ffba5bda436ba065120a2bf4578f1d37aa8e57bd118659d1461599,REVIEW_REQUIRED,ORIGINALITY_AND_LICENSE_REVIEW,pending-review
mrg_v25_historical,legacy/engine-g2/governance/entrypoints.json,.json,4187,2969913ed5357218e443e084ddbb32e491ada692d0c22ef42d50ffbb48e1abb6,REVIEW_REQUIRED,ORIGINALITY_AND_LICENSE_REVIEW,pending-review
mrg_v25_historical,legacy/engine-g2/governance/file_ownership.json,.json,3787,ed1211e8f028598d7fbffa2480c08e06c0c781b4b7a75c29e0237423553a5996,REVIEW_REQUIRED,ORIGINALITY_AND_LICENSE_REVIEW,pending-review
mrg_v25_historical,legacy/engine-g2/governance/hygiene_baseline.json,.json,2754,a83f8e546a6cb045a1abdf3cd077c901baa9ea83aa11c99b2817687a92a3d655,REVIEW_REQUIRED,ORIGINALITY_AND_LICENSE_REVIEW,pending-review
mrg_v25_historical,legacy/engine-g2/hik_mvs_obs_srt_streamer.py,.py,60226,0aaf9880a3352bfa6bf91edffc6e5fba0534803c4dcbaacae3a2d81006eb8d65,REVIEW_REQUIRED,ORIGINALITY_AND_LICENSE_REVIEW,pending-review
mrg_v25_historical,legacy/engine-g2/hik_rgb_yolo_seg_multicam_same_model_stableid_v5.json,.json,35205,3bfa530472150b354fed530909c4bd04dd7efa5fd8cab462d40551cac1c43fa4,REVIEW_REQUIRED,ORIGINALITY_AND_LICENSE_REVIEW,pending-review
mrg_v25_historical,legacy/engine-g2/hik_rgb_yolo_seg_multicam_same_model_stableid_v5.py,.py,454936,d594927b162c64e2f8f03b44edf02e50daedcd51cf531ea394879e8d539ba56f,REVIEW_REQUIRED,ORIGINALITY_AND_LICENSE_REVIEW,pending-review
mrg_v25_historical,legacy/engine-g2/hit_judge_server.py,.py,392459,a13dcfcd91f5d4aecefa8df07e5fb993324e26927cfc885b11f31b2b63525b3c,REVIEW_REQUIRED,ORIGINALITY_AND_LICENSE_REVIEW,pending-review
mrg_v25_historical,legacy/engine-g2/hit_protocol.py,.py,14954,4c6473d471410c5cc2223d7466e3051331e6ff19cc5cb5aaa4d0ecf5363a0de4,REVIEW_REQUIRED,ORIGINALITY_AND_LICENSE_REVIEW,pending-review
mrg_v25_historical,legacy/engine-g2/human_mask_fast_shm.py,.py,7634,034ff112ecd50b123903cf25eb6216526fc031bf2818a94b019e813666993a89,REVIEW_REQUIRED,ORIGINALITY_AND_LICENSE_REVIEW,pending-review
mrg_v25_historical,legacy/engine-g2/ids_8cam_fusion_config.json,.json,56073,5b53c4e0d42949cfa78be908a12f81a3e8040bf4d2b4717728497d977357ee79,REVIEW_REQUIRED,ORIGINALITY_AND_LICENSE_REVIEW,pending-review
mrg_v25_historical,legacy/engine-g2/ids_8cam_fusion_config_627_runtime.json,.json,57096,3ffa97bdbba89e61e56ef4e4c5f67bf9f8a57cea46bca46968a6d83895e189cd,REVIEW_REQUIRED,ORIGINALITY_AND_LICENSE_REVIEW,pending-review
mrg_v25_historical,legacy/engine-g2/jiaoyan.py,.py,2768,708940989c25d235fdf49b4f6a2ca73a69655bab9da38e41429f6559d2e875fa,REVIEW_REQUIRED,ORIGINALITY_AND_LICENSE_REVIEW,pending-review
mrg_v25_historical,legacy/engine-g2/latest_frame_shm.py,.py,10581,1aa61e2f89212c1785585bb159201e6a1d940b10075b1d4515a07438617f3149,REVIEW_REQUIRED,ORIGINALITY_AND_LICENSE_REVIEW,pending-review
mrg_v25_historical,legacy/engine-g2/latest_frame_tsf1_sender.py,.py,10895,8083151052aa72d24cc3ebd8f722359ea6d9f01450805357062c9251d81c6182,REVIEW_REQUIRED,ORIGINALITY_AND_LICENSE_REVIEW,pending-review
mrg_v25_historical,legacy/engine-g2/launch_fusion_system.py,.py,266019,22935d83dd4e071b6ae800b7fe2319d2f5da01ee43289f5badd36c27ba6ff49f,REVIEW_REQUIRED,ORIGINALITY_AND_LICENSE_REVIEW,pending-review
mrg_v25_historical,legacy/engine-g2/launch_fusion_system_syncstart.py,.py,28761,b752d9e6d945ef97326a9ef10b4a8bee25f19ad52a543fb268b8baf06a4fb864,REVIEW_REQUIRED,ORIGINALITY_AND_LICENSE_REVIEW,pending-review
mrg_v25_historical,legacy/engine-g2/launch_profiles/627_event_overlay_bev.json,.json,28681,34d92abcf93eaa923081dc92260eb6b6e424f8b1be09e09f60f17ff004588774,REVIEW_REQUIRED,ORIGINALITY_AND_LICENSE_REVIEW,pending-review
mrg_v25_historical,legacy/engine-g2/launch_profiles/627_event_overlay_bev_v3_sandbox.json,.json,9649,2ad36f3ac4a720b54c2bee994b389d77ee3eb01c4ec871588ed9e89af6c2f2c1,REVIEW_REQUIRED,ORIGINALITY_AND_LICENSE_REVIEW,pending-review
mrg_v25_historical,legacy/engine-g2/line_motion_filter_backfill.py,.py,224147,6dfc5f90354d560aa67608a9507a755a3b2e84f2998108a0883506ebf22cd8f0,REVIEW_REQUIRED,ORIGINALITY_AND_LICENSE_REVIEW,pending-review
mrg_v25_historical,legacy/engine-g2/manual_hit_service.py,.py,30080,2c0b195f130fbb76348ba95c79ccfb394274f2458407329660ba503384ce1425,REVIEW_REQUIRED,ORIGINALITY_AND_LICENSE_REVIEW,pending-review
mrg_v25_historical,legacy/engine-g2/marker_blink_decoder.py,.py,28721,af45635ad0325c46ead95e16d340fdb3baef6d1b086cfab0741e3e80afd6d8d5,REVIEW_REQUIRED,ORIGINALITY_AND_LICENSE_REVIEW,pending-review
mrg_v25_historical,legacy/engine-g2/marker_replay_fixture.py,.py,5506,0dad1682c2c2c481a6afb5c4901e4433fec78db3f5cc2fc51cb5f5b948a5014b,REVIEW_REQUIRED,ORIGINALITY_AND_LICENSE_REVIEW,pending-review
mrg_v25_historical,legacy/engine-g2/metavision_spatter_tracking.py,.py,12775,b26610081c969015c42bf1d2f06bfd3d11ab6f2eb0715de96c972543b4742b7e,REVIEW_REQUIRED,ORIGINALITY_AND_LICENSE_REVIEW,pending-review
mrg_v25_historical,legacy/engine-g2/metavision_spatter_tracking_linefilter_tsf1_autosender_backfill.py,.py,437590,c1b77085b59682638beb373295145d052ee69574899aeaa04dc415a0dc0ee1f7,REVIEW_REQUIRED,ORIGINALITY_AND_LICENSE_REVIEW,pending-review
mrg_v25_historical,legacy/engine-g2/metavision_spatter_tracking_linefilter_tsf1_autosender_backfill_syncstart.py,.py,197442,cac60f83707af6dc279bd252acd63b469f96a33a6ee61c5a8db6876bcd490f1f,REVIEW_REQUIRED,ORIGINALITY_AND_LICENSE_REVIEW,pending-review
mrg_v25_historical,legacy/engine-g2/modify_hit.py,.py,26251,8fd5e8486da87159d1a3036bbb2486a1effaee53a37d158d47d19c08c685928d,REVIEW_REQUIRED,ORIGINALITY_AND_LICENSE_REVIEW,pending-review
mrg_v25_historical,legacy/engine-g2/monitor_camera_usb_throughput.py,.py,13761,2d0b0a8fe3014d87fc93a96c6a0e3fe157aa9619a42010f3ddb6474c8643abb3,REVIEW_REQUIRED,ORIGINALITY_AND_LICENSE_REVIEW,pending-review
mrg_v25_historical,legacy/engine-g2/multi_camera_launcher.py,.py,57770,8928697817b41e18da735a32ce6b9c36570e6e1d202552b529f68464bf71ad08,REVIEW_REQUIRED,ORIGINALITY_AND_LICENSE_REVIEW,pending-review
mrg_v25_historical,legacy/engine-g2/mvs_cam_worker_external_trigger.py,.py,26386,b13aa6f665d28c765d7c74b637d7f1176eb2626ede8907b33789b867b886db2c,REVIEW_REQUIRED,ORIGINALITY_AND_LICENSE_REVIEW,pending-review
mrg_v25_historical,legacy/engine-g2/mvs_softsync_capture_core.py,.py,42081,06567e727046541be46273ecf6622e8550f1940059c20a094067e4345de54430,REVIEW_REQUIRED,ORIGINALITY_AND_LICENSE_REVIEW,pending-review
mrg_v25_historical,legacy/engine-g2/mvs_trigger_coordinator.py,.py,17194,7237b484ebdf189825bb8d95e6f54d63599f23a4ee1921aa676bb315d85dc7fb,REVIEW_REQUIRED,ORIGINALITY_AND_LICENSE_REVIEW,pending-review
mrg_v25_historical,legacy/engine-g2/mvs_trigger_coordinator_syncstart.py,.py,10067,8ffa0c7ca05d36f3db11ddebc9542ae98374449b4a66f360787042861cc56951,REVIEW_REQUIRED,ORIGINALITY_AND_LICENSE_REVIEW,pending-review
mrg_v25_historical,legacy/engine-g2/native_event_bridge/build_native_event_bridge.sh,.sh,486,40e8aba512ad38dd791d56466f39b4ff1f198cff221af1f4691d0721fb5c7c87,REVIEW_REQUIRED,ORIGINALITY_AND_LICENSE_REVIEW,pending-review
mrg_v25_historical,legacy/engine-g2/native_event_bridge/camera_doc_pipeline_smoke.cpp,.cpp,8102,b8e360f2fcc0f494c7000b780014fc29f7c2514779fd395f7a1da732c711b3a6,REVIEW_REQUIRED,ORIGINALITY_AND_LICENSE_REVIEW,pending-review
mrg_v25_historical,legacy/engine-g2/native_event_bridge/camera_open_smoke.cpp,.cpp,4983,7b86ce9d930000fa698a3d01836b4ce8669062a8d7e5278615f474354fd5b592,REVIEW_REQUIRED,ORIGINALITY_AND_LICENSE_REVIEW,pending-review
mrg_v25_historical,legacy/engine-g2/native_event_bridge/event_file_fifo_broker.cpp,.cpp,38595,9294e4734e44f5217fd96c04f3b15f09c84474b4845c1ba8ef385865f7a609ef,REVIEW_REQUIRED,ORIGINALITY_AND_LICENSE_REVIEW,pending-review
mrg_v25_historical,legacy/engine-g2/native_event_bridge/hal_event_fifo_broker.cpp,.cpp,124965,1259e3272d76bef8d8fb880bf73736a3c58a8a1c03311cc9c1d34b36f28d4403,REVIEW_REQUIRED,ORIGINALITY_AND_LICENSE_REVIEW,pending-review
mrg_v25_historical,legacy/engine-g2/native_event_bridge/hal_event_pipe_bridge.cpp,.cpp,17479,a9856e33d01f046d462d42ffd6a4ed937957317b1192baf25ebc11c29f395231,REVIEW_REQUIRED,ORIGINALITY_AND_LICENSE_REVIEW,pending-review
mrg_v25_historical,legacy/engine-g2/native_event_bridge/hal_event_pipe_iterator.py,.py,9506,19d791cdf5358b524c5ae7e501b51679f5306f8f4f8798b17866f9577e071a87,REVIEW_REQUIRED,ORIGINALITY_AND_LICENSE_REVIEW,pending-review
mrg_v25_historical,legacy/engine-g2/native_event_bridge/run_v6b_8route_smoke.sh,.sh,2680,d6ccc93c3cec4d73626e51cae48eb312217c465f33bd19bc018e30567ce90ed0,REVIEW_REQUIRED,ORIGINALITY_AND_LICENSE_REVIEW,pending-review
mrg_v25_historical,legacy/engine-g2/native_event_bridge/run_v6c_broker_dryrun_smoke.sh,.sh,2265,3c9cdea1b784306e2ff20430b8c86a4667a44fbb547bf060f5d1d0a78673cd92,REVIEW_REQUIRED,ORIGINALITY_AND_LICENSE_REVIEW,pending-review
mrg_v25_historical,legacy/engine-g2/native_event_bridge/run_v6c_event_worker_fifo_smoke.sh,.sh,4483,875dfe3c48bd23240b5375b3316cda869e0a1ab0d4038a431305f6f7b2e077df,REVIEW_REQUIRED,ORIGINALITY_AND_LICENSE_REVIEW,pending-review
mrg_v25_historical,legacy/engine-g2/native_event_bridge/run_v6c_fifo_smoke.sh,.sh,3102,0de9eaa5d66acd7f02711a369404aad35cfe92bb7ea33febd03ab2c26e5f1907,REVIEW_REQUIRED,ORIGINALITY_AND_LICENSE_REVIEW,pending-review
mrg_v25_historical,legacy/engine-g2/native_event_bridge/smoke_hal_fifo_consumer.py,.py,1681,388edf03b78c4890b51ebf74e40cc2be7256cb0912be97e09e7d56596f4e2faf,REVIEW_REQUIRED,ORIGINALITY_AND_LICENSE_REVIEW,pending-review
mrg_v25_historical,legacy/engine-g2/native_event_bridge/smoke_hal_pipe_iterator.py,.py,2859,90c88319412f7b8ba46879ebef63bb4713caea6a382a4658954dad912e2db5ca,REVIEW_REQUIRED,ORIGINALITY_AND_LICENSE_REVIEW,pending-review
mrg_v25_historical,legacy/engine-g2/obs_srt_streamer.py,.py,24970,4cc3efee5099ebc2c3cbe3d4b80af1ae86fc16d8ba52bdbf16bcbc7969ca1150,REVIEW_REQUIRED,ORIGINALITY_AND_LICENSE_REVIEW,pending-review
mrg_v25_historical,legacy/engine-g2/patch_safe_hit_logic.py,.py,23135,a4849e1f6489e326f82d9884b0edf4824f07402da78a55d63134bdd10ecf112f,REVIEW_REQUIRED,ORIGINALITY_AND_LICENSE_REVIEW,pending-review
mrg_v25_historical,legacy/engine-g2/patch_track_quality_complete.py,.py,20764,3a9760ebc3647e27829baf28c7a1db117e4aa90c6d0a26fffe18a93a94f58dc3,REVIEW_REQUIRED,ORIGINALITY_AND_LICENSE_REVIEW,pending-review
mrg_v25_historical,legacy/engine-g2/person_id_dataset_recorder.py,.py,51046,a069e54608f251e4bf5c96434dd41ba0fabf36f701740c2560be8823395b515a,REVIEW_REQUIRED,ORIGINALITY_AND_LICENSE_REVIEW,pending-review
mrg_v25_historical,legacy/engine-g2/pick_calibration_points.py,.py,14827,62d0eee3674e5c1ca31389dd4d262fc5d4ffbace05b8d00eecfe5490fdc609e7,REVIEW_REQUIRED,ORIGINALITY_AND_LICENSE_REVIEW,pending-review
mrg_v25_historical,legacy/engine-g2/preview_gpu_shm.py,.py,22711,8e55a9010678efa379bc23e29dc0e238cf0f4b172ecefc879339bb33ccfeaf00,REVIEW_REQUIRED,ORIGINALITY_AND_LICENSE_REVIEW,pending-review
mrg_v25_historical,legacy/engine-g2/preview_two_plane_homography.py,.py,4026,69bebe8572a94c05983e1985231851df6a08c76429084c00b21edf17733fabb1,REVIEW_REQUIRED,ORIGINALITY_AND_LICENSE_REVIEW,pending-review
mrg_v25_historical,legacy/engine-g2/pyopengl_cuda_preview_renderer.py,.py,674332,a84e1d34610413ecb4949a79826ead297013abe9a9495a55cbb1c71a77a58c76,REVIEW_REQUIRED,ORIGINALITY_AND_LICENSE_REVIEW,pending-review
mrg_v25_historical,legacy/engine-g2/raw_marker_pulse_probe.py,.py,3525,408c8261ebe1dbab1bf25622113c97079eeb4c77da07dc4f5c25b211389856bc,REVIEW_REQUIRED,ORIGINALITY_AND_LICENSE_REVIEW,pending-review
mrg_v25_historical,legacy/engine-g2/raw_roi_preview.py,.py,4058,6a5cae0ad3aa4f694e5a071aa630e0f43f2abfad3b120f780c87da2b308c9109,REVIEW_REQUIRED,ORIGINALITY_AND_LICENSE_REVIEW,pending-review
mrg_v25_historical,legacy/engine-g2/remote_ops/build_native_brokers.sh,.sh,3034,d64c67d6fb334eaf002f6ae926b18e7464a0ebbd6d4812d551ae6f09f1a7c7b6,REVIEW_REQUIRED,ORIGINALITY_AND_LICENSE_REVIEW,pending-review
mrg_v25_historical,legacy/engine-g2/remote_ops/check_fullsys_run.py,.py,130620,0abaf32e2840d668c3c15df8e45f6c323d3d3e374d8f2acab0f9d4c87ebe6bf5,REVIEW_REQUIRED,ORIGINALITY_AND_LICENSE_REVIEW,pending-review
mrg_v25_historical,legacy/engine-g2/remote_ops/check_v25_dataset_manifest.py,.py,36071,178f485d64bd4f308b6e4077b62e73ab2f9bdb3b1328c16a1cf4425af533e2dd,REVIEW_REQUIRED,ORIGINALITY_AND_LICENSE_REVIEW,pending-review
mrg_v25_historical,legacy/engine-g2/remote_ops/deploy_branch_snapshot.sh,.sh,969,5242f2dec0b5e547b9fe16eb5a6d7c80b74e1fa5f31327e0d274f7cb9c5cd890,REVIEW_REQUIRED,ORIGINALITY_AND_LICENSE_REVIEW,pending-review
mrg_v25_historical,legacy/engine-g2/remote_ops/list_v25_datasets.py,.py,7718,64d6554078df15d37b03b8dd1a8c3c884e128c4c24a504d0acd1c25f73a6a5b6,REVIEW_REQUIRED,ORIGINALITY_AND_LICENSE_REVIEW,pending-review
mrg_v25_historical,legacy/engine-g2/remote_ops/mvs_file_frame_broker.py,.py,22848,27ff087a3dc3d12fba52efbc3689ef5bb36efe49fe8a359cc68f02102066a69a,REVIEW_REQUIRED,ORIGINALITY_AND_LICENSE_REVIEW,pending-review
mrg_v25_historical,legacy/engine-g2/remote_ops/open_startup_control_panel.sh,.sh,2252,6474e81ec0db2334846148e0dea247f31efb24753d4fd85da4c973b3c18eaae2,REVIEW_REQUIRED,ORIGINALITY_AND_LICENSE_REVIEW,pending-review
mrg_v25_historical,legacy/engine-g2/remote_ops/preflight_clean_runtime.sh,.sh,7975,2bf4afc8770fc847b990e0cfe70a495c460a9af5e8810f9761ab3b4b5e89e824,REVIEW_REQUIRED,ORIGINALITY_AND_LICENSE_REVIEW,pending-review
mrg_v25_historical,legacy/engine-g2/remote_ops/run_fullsys_test.sh,.sh,24837,38fed7384ddc406e1982781bdd8740e78e54371daf63ee64f346517538282ea6,REVIEW_REQUIRED,ORIGINALITY_AND_LICENSE_REVIEW,pending-review
mrg_v25_historical,legacy/engine-g2/remote_ops/start_latest_system.sh,.sh,15080,56df79c1725e6ac13f79e0436baad3b3f98308a91fc691e46237735dfd4643cc,REVIEW_REQUIRED,ORIGINALITY_AND_LICENSE_REVIEW,pending-review
mrg_v25_historical,legacy/engine-g2/remote_ops/start_system_from_panel.py,.py,8511,6ea2fff6a331ed37bba2b917f5c35ae6d735efd77eb97e8fced5e48867b607ba,REVIEW_REQUIRED,ORIGINALITY_AND_LICENSE_REVIEW,pending-review
mrg_v25_historical,legacy/engine-g2/remote_ops/stop_fullsys_test.sh,.sh,2187,4f43705d4bb8e65d4aed58c850693ce6f616293470efea523cdd2677b79cbaec,REVIEW_REQUIRED,ORIGINALITY_AND_LICENSE_REVIEW,pending-review
mrg_v25_historical,legacy/engine-g2/remote_ops/stop_latest_system.sh,.sh,3482,a60b2634a7f4fa6d5f6230626aa0d68b3d63e9dcf3f5a58bdbb8d4c6197fed96,REVIEW_REQUIRED,ORIGINALITY_AND_LICENSE_REVIEW,pending-review
mrg_v25_historical,legacy/engine-g2/remote_ops/v25_replay_control_panel.py,.py,14289,979af2c3d341b4a85d313484ec60dea2389b1af38f994a1eca56ea8c1af65092,REVIEW_REQUIRED,ORIGINALITY_AND_LICENSE_REVIEW,pending-review
mrg_v25_historical,legacy/engine-g2/remote_ops/validate_remote_env.sh,.sh,2496,8d1c21985293de9c7648d8b747662db91d1432079be260f3420761dde22a46a0,REVIEW_REQUIRED,ORIGINALITY_AND_LICENSE_REVIEW,pending-review
mrg_v25_historical,legacy/engine-g2/remote_ops/wait_latest_system_ready.sh,.sh,4139,f2bf8bd54d4f945af2f188f238d593328eec9c11852193ab95e471e13271579e,REVIEW_REQUIRED,ORIGINALITY_AND_LICENSE_REVIEW,pending-review
mrg_v25_historical,legacy/engine-g2/rentijiance/IMPLEMENTATION_NOTES_IMPACT_SYNC_HIT_JUDGE_20260531.md,.md,2671,2ad407cb414d3d7ea5f4bbf8e988e35fc918517c5a7dc2c53143ec2445ea607e,REVIEW_REQUIRED,ORIGINALITY_AND_LICENSE_REVIEW,pending-review
mrg_v25_historical,legacy/engine-g2/rentijiance/fusion_renderer_gl.py,.py,110759,16d02d90e9df1ac7d259a6b44b8ffe022b8937bf2cd2fc66650fbf61de2a406e,REVIEW_REQUIRED,ORIGINALITY_AND_LICENSE_REVIEW,pending-review
mrg_v25_historical,legacy/engine-g2/rentijiance/hik_rgb_yolo_seg_multicam_same_model_stableid_v5.json,.json,31926,a85f771e01c53a0c7a161de31f97e826b0abe4ed34195931538d6e5bace4ac98,REVIEW_REQUIRED,ORIGINALITY_AND_LICENSE_REVIEW,pending-review
mrg_v25_historical,legacy/engine-g2/rentijiance/hik_rgb_yolo_seg_multicam_same_model_stableid_v5.py,.py,381036,7cbf8f0e3dc51ba72de5791c1bed1c51c23379e9c3aae8b648f8ab1ec9b09665,REVIEW_REQUIRED,ORIGINALITY_AND_LICENSE_REVIEW,pending-review
mrg_v25_historical,legacy/engine-g2/rentijiance/hit_judge_server.py,.py,165914,1d7277cab4be4ac4fd8e745df880abec8153ae33ef01e43686b7a431882fcb91,REVIEW_REQUIRED,ORIGINALITY_AND_LICENSE_REVIEW,pending-review
mrg_v25_historical,legacy/engine-g2/rentijiance/run_all_fusion_system.sh,.sh,0,e3b0c44298fc1c149afbf4c8996fb92427ae41e4649b934ca495991b7852b855,REVIEW_REQUIRED,ORIGINALITY_AND_LICENSE_REVIEW,pending-review
mrg_v25_historical,legacy/engine-g2/rentijiance/run_hit_judge_server.sh,.sh,0,e3b0c44298fc1c149afbf4c8996fb92427ae41e4649b934ca495991b7852b855,REVIEW_REQUIRED,ORIGINALITY_AND_LICENSE_REVIEW,pending-review
mrg_v25_historical,legacy/engine-g2/rentijiance/run_opengl_fusion_preview.sh,.sh,178,4f56c86632a813a4954c87d93188af5362ef940271867b6fda88ce3ef93cea6f,REVIEW_REQUIRED,ORIGINALITY_AND_LICENSE_REVIEW,pending-review
mrg_v25_historical,legacy/engine-g2/rentijiance/tools/analyze_frame_bundle_audit.py,.py,16757,43080a4503fe01cd167c2e976581cbdd374102003ecedea5eaa8607a190fec94,REVIEW_REQUIRED,ORIGINALITY_AND_LICENSE_REVIEW,pending-review
mrg_v25_historical,legacy/engine-g2/replay_ir_id_sidecar.py,.py,4211,81336f303db012d6d50cd5176e1fff0e46ba098c616c728aac98712eb8391075,REVIEW_REQUIRED,ORIGINALITY_AND_LICENSE_REVIEW,pending-review
mrg_v25_historical,legacy/engine-g2/run_D_hit_test_and_pack.sh,.sh,4987,b98d16939629cf4b001105e5484bf37d2205c212184534e4ca009a065d95f8fe,REVIEW_REQUIRED,ORIGINALITY_AND_LICENSE_REVIEW,pending-review
mrg_v25_historical,legacy/engine-g2/run_all_fusion_system.sh,.sh,1684,597a3b7d992ae9c626f6f57f8fddd41aa53d7c2d20b4897987490fb663529395,REVIEW_REQUIRED,ORIGINALITY_AND_LICENSE_REVIEW,pending-review
mrg_v25_historical,legacy/engine-g2/run_hit_judge_server.sh,.sh,201,56b421c67cfa1fa063b41a4d5be7fc8c27d0f0210ef293d86f90b5a78dbf8dfa,REVIEW_REQUIRED,ORIGINALITY_AND_LICENSE_REVIEW,pending-review
mrg_v25_historical,legacy/engine-g2/run_opengl_fusion_preview.sh,.sh,296,fe0434aaf2b021be0258b27db1a60e97dda3caa51f5065a264a08d3b2bf4d670,REVIEW_REQUIRED,ORIGINALITY_AND_LICENSE_REVIEW,pending-review
mrg_v25_historical,legacy/engine-g2/run_pinned_test.sh,.sh,2266,7dfbfda3179f67533e76396d175487febfb83fc4d9924159e3b04d6b718b1c0c,REVIEW_REQUIRED,ORIGINALITY_AND_LICENSE_REVIEW,pending-review
mrg_v25_historical,legacy/engine-g2/run_pinned_test_v2.sh,.sh,3560,2ff72bf79045adc335f3cf04194ea0107f6b96da3bcd9d43f05172ccfa56ea41,REVIEW_REQUIRED,ORIGINALITY_AND_LICENSE_REVIEW,pending-review
mrg_v25_historical,legacy/engine-g2/send_event_fov_box_to_ue5.py,.py,8220,203e04d7c803d74be90d4a088bead5fa8ca906b9f7b48da117bd3c62984afdb0,REVIEW_REQUIRED,ORIGINALITY_AND_LICENSE_REVIEW,pending-review
mrg_v25_historical,legacy/engine-g2/setup_usbmon_permissions.sh,.sh,3130,16a31ea3b0073917896581390c01343fd532880da8ac5a453bb76530a14d5eff,REVIEW_REQUIRED,ORIGINALITY_AND_LICENSE_REVIEW,pending-review
mrg_v25_historical,legacy/engine-g2/start_event_and_rentijiance_test523.py,.py,19437,aad6dcae9fcab76fce225d8796d4e16824283269750f948fae3065af3e9949a0,REVIEW_REQUIRED,ORIGINALITY_AND_LICENSE_REVIEW,pending-review
mrg_v25_historical,legacy/engine-g2/startup_diagnostics_window.py,.py,4444,3ee65e40ccd67bbd8ca884d3690c041788b54c771fd32245e97a2a556cb7ca53,REVIEW_REQUIRED,ORIGINALITY_AND_LICENSE_REVIEW,pending-review
mrg_v25_historical,legacy/engine-g2/test_ir_id_marker_pipeline.py,.py,12650,07dd88cf99f584832dc8800ecc989c18e7c3abc4b8a0bf4061c669100351566c,REVIEW_REQUIRED,ORIGINALITY_AND_LICENSE_REVIEW,pending-review
mrg_v25_historical,legacy/engine-g2/tools/analyze_bev_event_sync_truth.py,.py,7245,7ce18bdc44326219fc85ea9aa1319afbe088861345a696dbfa7f96d11c500bae,REVIEW_REQUIRED,ORIGINALITY_AND_LICENSE_REVIEW,pending-review
mrg_v25_historical,legacy/engine-g2/tools/analyze_frame_bundle_audit.py,.py,19180,9a1a4ed290871adcd38b261986f37942e6705d81e1febd72f6c7d7ca0fe688ab,REVIEW_REQUIRED,ORIGINALITY_AND_LICENSE_REVIEW,pending-review
mrg_v25_historical,legacy/engine-g2/tools/analyze_hit_pipeline.py,.py,28381,42b78b1726e8329245a08cb40eb7d89868fd3665bb485b9c56eb4a592010cfa1,REVIEW_REQUIRED,ORIGINALITY_AND_LICENSE_REVIEW,pending-review
mrg_v25_historical,legacy/engine-g2/tools/analyze_human_mask_latency.py,.py,28317,5b073e5761cf2b8c0b6218b7d6d462e1eff2f53b9465e71a48da382168b29466,REVIEW_REQUIRED,ORIGINALITY_AND_LICENSE_REVIEW,pending-review
mrg_v25_historical,legacy/engine-g2/tools/check_event_raw_ext_trigger.py,.py,11541,c6182078b808588fb861c6c5edcd46bb4bd7dbfb8be16286e151fb51c557348f,REVIEW_REQUIRED,ORIGINALITY_AND_LICENSE_REVIEW,pending-review
mrg_v25_historical,legacy/engine-g2/tools/check_one_key_record_outputs.py,.py,2274,e3719f1e954619af87480ec67a592714ead80ee6803b5484b476a580fc374634,REVIEW_REQUIRED,ORIGINALITY_AND_LICENSE_REVIEW,pending-review
mrg_v25_historical,legacy/engine-g2/tools/check_repo_hygiene.py,.py,11183,5fc7fa217d427b5852d43967b0a1901c030cff355c9d4cdc5c07bd0c7bd55e7a,REVIEW_REQUIRED,ORIGINALITY_AND_LICENSE_REVIEW,pending-review
mrg_v25_historical,legacy/engine-g2/tools/check_sync_ipc_test523.py,.py,2646,03213e36918785e4b15e2b2d8a07967539c40d72cdb059ef9635a75bf6dff07a,REVIEW_REQUIRED,ORIGINALITY_AND_LICENSE_REVIEW,pending-review
mrg_v25_historical,legacy/engine-g2/tools/compare_global_person_id_filters.py,.py,32616,6dee278bce9f7495bb45a690c8a91949c84a23c24419ddb93686912ec8354b78,REVIEW_REQUIRED,ORIGINALITY_AND_LICENSE_REVIEW,pending-review
mrg_v25_historical,legacy/engine-g2/tools/compare_hit_judge_experiments.py,.py,20781,053e60cb196aaa13888a00e0d04d1ce958c95d28d091132f00c59eac377898e3,REVIEW_REQUIRED,ORIGINALITY_AND_LICENSE_REVIEW,pending-review
mrg_v25_historical,legacy/engine-g2/tools/dev_check.ps1,.ps1,5925,e2d289709067429c1460512c9851311aac0ee043c49239077553315a08387aae,REVIEW_REQUIRED,ORIGINALITY_AND_LICENSE_REVIEW,pending-review
mrg_v25_historical,legacy/engine-g2/tools/evaluate_fullsys_node.py,.py,41980,10e13b785e9e30010bbefa38e1395bc6b22ebbfe7cead60870d97bb4e038d7a6,REVIEW_REQUIRED,ORIGINALITY_AND_LICENSE_REVIEW,pending-review
mrg_v25_historical,legacy/engine-g2/tools/evaluate_mask_buffer_run.py,.py,11996,62b06457cc8c4d6334be78a1095dfa69831cd46498fe730b684fc8bc433968ee,REVIEW_REQUIRED,ORIGINALITY_AND_LICENSE_REVIEW,pending-review
mrg_v25_historical,legacy/engine-g2/tools/export_yolo_engine_from_ids8_config.py,.py,12167,c0ceffc2fc03f018184c1630c28adaa6326ebd20d38362f4d8971e05c60b3ce1,REVIEW_REQUIRED,ORIGINALITY_AND_LICENSE_REVIEW,pending-review
mrg_v25_historical,legacy/engine-g2/tools/export_yolo_tensorrt_engine.py,.py,10486,553332769ff37cd172b162516cf1e2578c1b077d5c4c668b1309201f0a0a58c5,REVIEW_REQUIRED,ORIGINALITY_AND_LICENSE_REVIEW,pending-review
mrg_v25_historical,legacy/engine-g2/tools/install_desktop_shortcuts.ps1,.ps1,5014,6b1231e0b4f2089f5821822cda2015010848ef9358de6136023e028887177296,REVIEW_REQUIRED,ORIGINALITY_AND_LICENSE_REVIEW,pending-review
mrg_v25_historical,legacy/engine-g2/tools/one_click_start_latest.ps1,.ps1,938,33ddca01c185c5cbebbb9ae720c9cf4757b4c90b3a37afac3d3846b1edd85521,REVIEW_REQUIRED,ORIGINALITY_AND_LICENSE_REVIEW,pending-review
mrg_v25_historical,legacy/engine-g2/tools/one_click_stop_latest.ps1,.ps1,553,60f302e5aef9afb4a17e1f5c7be2ec232513f74158bb12618b483b81053a8dc9,REVIEW_REQUIRED,ORIGINALITY_AND_LICENSE_REVIEW,pending-review
mrg_v25_historical,legacy/engine-g2/tools/patch_hit_protocol_event_point.py,.py,5686,3110ca9dad9a9a12f54deac073b79725d65f90980c322eebbfe1590e9b578db5,REVIEW_REQUIRED,ORIGINALITY_AND_LICENSE_REVIEW,pending-review
mrg_v25_historical,legacy/engine-g2/tools/patch_record_paths.py,.py,4607,ab9d4d3a7b1e5cff720cd3c7a306ee4bd1846436ebc60a4df3a7218d47218e39,REVIEW_REQUIRED,ORIGINALITY_AND_LICENSE_REVIEW,pending-review
mrg_v25_historical,legacy/engine-g2/tools/preflight_event_mask_buffer_run.py,.py,15947,566b3a17419455e80672bebc46e1d438600ab490260a1deda0c50c328a07bf33,REVIEW_REQUIRED,ORIGINALITY_AND_LICENSE_REVIEW,pending-review
mrg_v25_historical,legacy/engine-g2/tools/remote_test.ps1,.ps1,42959,8b6521c6c6e202a3c45bdf4d8d810e68a553a74980771c231edb3f3f2cb1fd29,REVIEW_REQUIRED,ORIGINALITY_AND_LICENSE_REVIEW,pending-review
mrg_v25_historical,legacy/engine-g2/tools/reset_event_usb_by_serial.py,.py,8898,24efb4a1477fe80125dddc692acaf9706e2cc13c30a68db374c7382c56b6e0f9,REVIEW_REQUIRED,ORIGINALITY_AND_LICENSE_REVIEW,pending-review
mrg_v25_historical,legacy/engine-g2/tools/run_event_mask_buffer_round.sh,.sh,5066,68f75ed5c31da09b5e14b62eeebe502439d180f68bb19262f332bb92ec5935f5,REVIEW_REQUIRED,ORIGINALITY_AND_LICENSE_REVIEW,pending-review
mrg_v25_historical,legacy/engine-g2/tools/run_global_bullet_reprocess_idle_test.py,.py,5865,04e1ce929aee1ba572400fca456c8a4d29e70adec18a46f3990c85edddec813a,REVIEW_REQUIRED,ORIGINALITY_AND_LICENSE_REVIEW,pending-review
mrg_v25_historical,legacy/engine-g2/tools/run_global_yolo_sweep.py,.py,17395,4cfb112d9ade4e86fa77982a8385bb0954f6d188e9194fc4ae9f4120bed2ee67,REVIEW_REQUIRED,ORIGINALITY_AND_LICENSE_REVIEW,pending-review
mrg_v25_historical,legacy/engine-g2/tools/send_A_event_fov_homography_box.py,.py,1596,4b91f796e5c837785d783d2a7176cb2ce87967212ef9cc108d63dd65656f8d7e,REVIEW_REQUIRED,ORIGINALITY_AND_LICENSE_REVIEW,pending-review
mrg_v25_historical,legacy/engine-g2/tools/send_A_event_fov_homography_box_loop.py,.py,2002,a2102cfba66522645662b0ab76a0bc94f5837550db93d52405591f64318e0ef1,REVIEW_REQUIRED,ORIGINALITY_AND_LICENSE_REVIEW,pending-review
mrg_v25_historical,legacy/engine-g2/tools/send_ue5_fullframe_box.py,.py,1646,cda2b579eca78bad4ec2cb7d378e8a8888f74cf136672733d1f81aec478504f8,REVIEW_REQUIRED,ORIGINALITY_AND_LICENSE_REVIEW,pending-review
mrg_v25_historical,legacy/engine-g2/tools/send_ue5_inset_box_loop.py,.py,2109,f9f3aeec5e46d1b54634e18f1aa067159af50962172a10091339818be7d22e81,REVIEW_REQUIRED,ORIGINALITY_AND_LICENSE_REVIEW,pending-review
mrg_v25_historical,legacy/engine-g2/tools/set_event_mask_buffer_round.py,.py,6509,4cb2ba7276b22d7d9a9330a36c572961c67cc0829b07b7b307c003393151e7d4,REVIEW_REQUIRED,ORIGINALITY_AND_LICENSE_REVIEW,pending-review
mrg_v25_historical,legacy/engine-g2/tools/test_cuda_bayer_preprocess_env.py,.py,1136,d80e65e9c5efbe2597d02a07eaffec63f96706003a9167c71f15eb3781d2f4f2,REVIEW_REQUIRED,ORIGINALITY_AND_LICENSE_REVIEW,pending-review
mrg_v25_historical,legacy/engine-g2/tools/usb_recover_v2.py,.py,11690,7a0680680ffe4c6ec081b0af719ecd2e95ad485aa0c00e1d63b6cea0a9eb8dd2,REVIEW_REQUIRED,ORIGINALITY_AND_LICENSE_REVIEW,pending-review
mrg_v25_historical,legacy/engine-g2/tools/validate_test523_sync_quality.py,.py,35122,1be10408fb9c5355e2d62d62af96032c2a6bdbc04794eb3ca6cf74e3af9ac698,REVIEW_REQUIRED,ORIGINALITY_AND_LICENSE_REVIEW,pending-review
mrg_v25_historical,legacy/engine-g2/tools/verify_display_sync_live.py,.py,11013,9853b92eb6c85ea2528748aad17322b27b955e4673d6b989186161137f136274,REVIEW_REQUIRED,ORIGINALITY_AND_LICENSE_REVIEW,pending-review
mrg_v25_historical,legacy/engine-g2/ue5_human_stream_bridge.py,.py,39746,38ca44bc0d0625c35cd7d533a89ea8b9ed287068d2a193f7d36b1763e88641ba,REVIEW_REQUIRED,ORIGINALITY_AND_LICENSE_REVIEW,pending-review
mrg_v25_historical,legacy/engine-g2/validate_ir_id_field_run.py,.py,6365,efffae6a67876730e75d736be5e9cdec9bbdfdc3aa42a1842ef82375952c7af7,REVIEW_REQUIRED,ORIGINALITY_AND_LICENSE_REVIEW,pending-review
mrg_v25_historical,legacy/engine-g2/validate_ir_id_marker_replay.py,.py,2565,629af081d7724df969d39fb0a34b3f8c66a24339c4f2c43093ef3ee2143aa672,REVIEW_REQUIRED,ORIGINALITY_AND_LICENSE_REVIEW,pending-review
mrg_v25_historical,legacy/engine-g2/websocket_bullet.py,.py,2647,25c3d7c6aa642ad2f4779c82a84615c55a1039d8b455548961e819260a88b247,REVIEW_REQUIRED,ORIGINALITY_AND_LICENSE_REVIEW,pending-review
mrg_v25_historical,legacy/engine-g2/websocket_bullet_debug.py,.py,3257,a9f5e9814009bc0abd1d8146166ca1b0f90287707281e10ffe2b9a97f90d899a,REVIEW_REQUIRED,ORIGINALITY_AND_LICENSE_REVIEW,pending-review
mrg_v25_historical,legacy/engine-g2/ysxq_verify_hit_sync.py,.py,30066,71d6cd58e38eeeda9353f5d292e7297d190aa374bb12461fda4d36bfb20fa80c,REVIEW_REQUIRED,ORIGINALITY_AND_LICENSE_REVIEW,pending-review
mrg_v25_historical,workspace/.github/workflows/validate.yml,.yml,369,839ea8a85a7180129ac199db87a008453409a2ba59b74509d287bdf86780fed7,REVIEW_REQUIRED,ORIGINALITY_AND_LICENSE_REVIEW,pending-review
mrg_v25_historical,workspace/CHANGELOG.md,.md,12298,4bcd58a5fc93a54f90155714c2abea81a98ed6959d383023a1c89541824225ee,REVIEW_REQUIRED,ORIGINALITY_AND_LICENSE_REVIEW,pending-review
mrg_v25_historical,workspace/LICENSE-PROPRIETARY.md,.md,290,b26a4054a563b0092d036da8ce0f7b014cbb0b7a44654708007fc4449194a675,BLOCKED,LICENSE_OR_SECRET_BOUND,pending-review
mrg_v25_historical,workspace/README.md,.md,4305,f788502a73fa582d122dc0daba7b7182b61504a9d5baedd184a3166ece38e928,REVIEW_REQUIRED,ORIGINALITY_AND_LICENSE_REVIEW,pending-review
mrg_v25_historical,workspace/V25_RELEASE_MANIFEST.json,.json,18039,6bc602ad9d0239857fad9683f8f4d52d78ec8aafc4309d2a2a49162e3877b23f,REVIEW_REQUIRED,ORIGINALITY_AND_LICENSE_REVIEW,pending-review
mrg_v25_historical,workspace/artifacts/v25_5_d/v25_shadow/local/fixtures/fixture_catalog.json,.json,2701,e93a3551930973328fdc2487948463f74cc1a2fbf7c3b5c47b5766b0c7d12c9d,REVIEW_REQUIRED,ORIGINALITY_AND_LICENSE_REVIEW,pending-review
mrg_v25_historical,workspace/artifacts/v25_5_d/v25_shadow/local/system_status_latest.json,.json,2370,9b8db867523efe948774cf65cd2f66ebacce83087b789af23b608cce984b8a6f,REVIEW_REQUIRED,ORIGINALITY_AND_LICENSE_REVIEW,pending-review
mrg_v25_historical,workspace/artifacts/v25_5_d/v25_shadow/local/v25_5_d_integration_report.json,.json,14608,9a91649fa94cefb9edd0bba1154e5f3562fefe17c260c68f58a1e46316b65aba,REVIEW_REQUIRED,ORIGINALITY_AND_LICENSE_REVIEW,pending-review
mrg_v25_historical,workspace/component.json,.json,313,5c02089ffe5dbf3396204166d4371ed576c19ff5a9f5f7eac3c71979c95b7139,REVIEW_REQUIRED,ORIGINALITY_AND_LICENSE_REVIEW,pending-review
mrg_v25_historical,workspace/config/environments/remote-627.json,.json,567,57b226de383a65ffc449f10801aecdfbcb2893a58ed8cf766a6b3c7e75a4c717,REVIEW_REQUIRED,ORIGINALITY_AND_LICENSE_REVIEW,pending-review
mrg_v25_historical,workspace/config/legacy/legacy_runtime_compatibility.json,.json,2381,53a5ab89dbf9a74e826db3afe9c8036c8c478d1570ba6f82689bf0231b814c4d,REVIEW_REQUIRED,ORIGINALITY_AND_LICENSE_REVIEW,pending-review
mrg_v25_historical,workspace/config/person_id_scenarios/v25_3_b0_coverage.json,.json,1802,d00a6d44c11f7e28f6d3ac398b21206146b13102daf9843546142403f778bb03,REVIEW_REQUIRED,ORIGINALITY_AND_LICENSE_REVIEW,pending-review
mrg_v25_historical,workspace/config/person_id_scenarios/v25_3_b0_left_short_edge_20260710_1929.json,.json,2228,8ef421e2c3b15ef18d4d59f3eb89c7ec4a40c11e3dea06939c44c367802a8888,REVIEW_REQUIRED,ORIGINALITY_AND_LICENSE_REVIEW,pending-review
mrg_v25_historical,workspace/config/person_id_scenarios/v25_3_b0_right_short_edge_x30_y0_7_occlusion_20260710_193530.json,.json,2517,e0ac9e79b4e94e993a2c19d1e6db41c67fd24809ea95cef4e6ab6e0740bbd251,REVIEW_REQUIRED,ORIGINALITY_AND_LICENSE_REVIEW,pending-review
mrg_v25_historical,workspace/config/person_id_scenarios/v25_3_offline_dataset_matrix.json,.json,2445,85956a630447d6ed57dced33b21262284cddcdb8cd22a29cd075dcea5e3fea32,REVIEW_REQUIRED,ORIGINALITY_AND_LICENSE_REVIEW,pending-review
mrg_v25_historical,workspace/config/v25_3_world_snapshot_consumers.json,.json,724,94eb7e5d83ccc197ff1f5a812ad81a882536e59bf9eb67288e0edd00cae3c416,REVIEW_REQUIRED,ORIGINALITY_AND_LICENSE_REVIEW,pending-review
mrg_v25_historical,workspace/config/v25_4_fixture_spec.json,.json,984,8b4cad0c155acfd1dd9b4d6a2a5e4a2f533eee7f2c3cb3ea06c9701219d06009,REVIEW_REQUIRED,ORIGINALITY_AND_LICENSE_REVIEW,pending-review
mrg_v25_historical,workspace/config/v25_5_fixture_spec.json,.json,1454,361224e071989d6dfc787885c2748561b44d99e566efefbdd8906566a08e01fd,REVIEW_REQUIRED,ORIGINALITY_AND_LICENSE_REVIEW,pending-review
mrg_v25_historical,workspace/config/v25_5_performance_budgets.json,.json,972,e126436d8e1c19ffb5204201e198f59c3be955e3d4086ddd64c155e633827bc9,REVIEW_REQUIRED,ORIGINALITY_AND_LICENSE_REVIEW,pending-review
mrg_v25_historical,workspace/config/v25_5_shadow_profile.json,.json,1156,f8abe1ae0e415798a9e78043c58ca9807bd2e74d975b32424b5e55f020d9ca87,REVIEW_REQUIRED,ORIGINALITY_AND_LICENSE_REVIEW,pending-review
mrg_v25_historical,workspace/config/v25_5_source_ownership.json,.json,1414,5e64e86e6c9769374558b09c7fb7976d4ae2bfd7eeeec744bd7fa70a41f55a31,REVIEW_REQUIRED,ORIGINALITY_AND_LICENSE_REVIEW,pending-review
mrg_v25_historical,workspace/config/v25_5_sync_policy.json,.json,482,9089160d03a5527424a17fbcbaf7920f4b52aed34aff19bbb2931c26565c86ad,REVIEW_REQUIRED,ORIGINALITY_AND_LICENSE_REVIEW,pending-review
mrg_v25_historical,workspace/config/v25_8_qualification_policy.json,.json,1653,26fa6cee437cfb4b84b3458fb7c59f72756d00900a51d06889c012e095c688b9,REVIEW_REQUIRED,ORIGINALITY_AND_LICENSE_REVIEW,pending-review
mrg_v25_historical,workspace/config/v25_8_rc1_freeze.json,.json,35022,6170825d3ed5317140625aa26c19cdac1d3045f7764843cb523036adefbe3aeb,REVIEW_REQUIRED,ORIGINALITY_AND_LICENSE_REVIEW,pending-review
mrg_v25_historical,workspace/config/v25_8_rc1_matrix.json,.json,2945,d7226ca967970dc055b1a7cb5151ec2b44f204451a77701b965c22d33dd01c7d,REVIEW_REQUIRED,ORIGINALITY_AND_LICENSE_REVIEW,pending-review
mrg_v25_historical,workspace/config/v25_8_release_authorities.json,.json,1643,578518d8389ee8b7d2914503ba279fbe43429719026cb0ec18a4ece9810ad8c1,REVIEW_REQUIRED,ORIGINALITY_AND_LICENSE_REVIEW,pending-review
mrg_v25_historical,workspace/config/v25_platform_freeze.json,.json,35251,1323f2c4c7014f597dc03ca46ce183f79bc26f4e545d43a0b014259d32c6cb77,REVIEW_REQUIRED,ORIGINALITY_AND_LICENSE_REVIEW,pending-review
mrg_v25_historical,workspace/config/v25_platform_matrix.json,.json,3014,820d744e0cf3d8bf3fd3575c6e6f3c80042d40e03a265211ae15b800697dfc7d,REVIEW_REQUIRED,ORIGINALITY_AND_LICENSE_REVIEW,pending-review
mrg_v25_historical,workspace/docs/management/README.md,.md,6678,f7de6399e8c0e85ef5be2a3695f3bdc3502ac17bdf510a7c43721ed0c4f3fd99,REVIEW_REQUIRED,ORIGINALITY_AND_LICENSE_REVIEW,pending-review
mrg_v25_historical,workspace/docs/management/V25_2_B_EXECUTION_REPORT_20260710.md,.md,2551,2b4c2e770080b07b0421e666f1b7f835e9ea1bc8af82eadc18cf76578d139356,REVIEW_REQUIRED,ORIGINALITY_AND_LICENSE_REVIEW,pending-review
mrg_v25_historical,workspace/docs/management/V25_2_CD_EXECUTION_REPORT_20260710.md,.md,2027,13af2744398eefc246710dd33527babb12793cfa7b41b1ac2477fbc62a4241d1,REVIEW_REQUIRED,ORIGINALITY_AND_LICENSE_REVIEW,pending-review
mrg_v25_historical,workspace/docs/management/V25_3_A_EXECUTION_REPORT_20260710.md,.md,3515,370b45ab2de18cb86d45243f06d96ab8e8d74b1fe26195a210395043d7e687af,REVIEW_REQUIRED,ORIGINALITY_AND_LICENSE_REVIEW,pending-review
mrg_v25_historical,workspace/docs/management/V25_3_B0_DATA_GATE_20260710.md,.md,3087,d6f365d7ed1e052d82de387e04511e87a1e6d6073e35f5c01ed9aa2764782fb4,REVIEW_REQUIRED,ORIGINALITY_AND_LICENSE_REVIEW,pending-review
mrg_v25_historical,workspace/docs/management/V25_3_B1_EXECUTION_REPORT_20260710.md,.md,2917,aaef13966943a3c109a02bf6016f1e85d806324070fa64601b42a8ba7078bb6d,REVIEW_REQUIRED,ORIGINALITY_AND_LICENSE_REVIEW,pending-review
mrg_v25_historical,workspace/docs/management/V25_3_B2_0_DIAGNOSTIC_REPORT_20260710.md,.md,4684,7ee5fb3fc942d2ac48bd6454318a818b01b3470cbafab7b02781db0c9ea29f98,REVIEW_REQUIRED,ORIGINALITY_AND_LICENSE_REVIEW,pending-review
mrg_v25_historical,workspace/docs/management/V25_3_B_REVISED_PLAN_20260710.md,.md,3768,2f841f15d0190564f74fd187f8ebc25f92bd9df41a66d4b895d090ae404cc985,REVIEW_REQUIRED,ORIGINALITY_AND_LICENSE_REVIEW,pending-review
mrg_v25_historical,workspace/docs/management/V25_3_OFFLINE_EXECUTION_REPORT_20260710.md,.md,4774,b241bd534f22fc4c126a524bd5975d1800503d013dc5b461bdbc9688ee20bfbf,REVIEW_REQUIRED,ORIGINALITY_AND_LICENSE_REVIEW,pending-review
mrg_v25_historical,workspace/docs/management/V25_4_EXECUTION_REPORT_20260710.md,.md,6083,6187a3d0cdc4214f829870df6ba16f73c4ea1e2e277a8ccfff24c13d0c1f9c4d,REVIEW_REQUIRED,ORIGINALITY_AND_LICENSE_REVIEW,pending-review
mrg_v25_historical,workspace/docs/management/V25_4_OPTIMIZED_PLAN_20260710.md,.md,6440,0e9c3af1273c93e966dcc939b84d6475ee42b007ca92a334fe856b35087fa1f6,REVIEW_REQUIRED,ORIGINALITY_AND_LICENSE_REVIEW,pending-review
mrg_v25_historical,workspace/docs/management/V25_5_0_GATE_REPORT_20260710.md,.md,2723,ccfea8a5c982a2d73a3ec5f415866bfc46adb6f35386cbef3422be9d9419570b,REVIEW_REQUIRED,ORIGINALITY_AND_LICENSE_REVIEW,pending-review
mrg_v25_historical,workspace/docs/management/V25_5_A_EXECUTION_REPORT_20260710.md,.md,2843,287c330d1b8fc08a4d6565094e1419884ae95bcb191e12914ea446ae6e994489,REVIEW_REQUIRED,ORIGINALITY_AND_LICENSE_REVIEW,pending-review
mrg_v25_historical,workspace/docs/management/V25_5_B_EXECUTION_REPORT_20260710.md,.md,3279,b075a35ce0ff4105ce11391133ee84ea16cfd64ec4ca9addb9a5717b4c43e0d0,REVIEW_REQUIRED,ORIGINALITY_AND_LICENSE_REVIEW,pending-review
mrg_v25_historical,workspace/docs/management/V25_5_C2_EXECUTION_REPORT_20260711.md,.md,1636,7a5ffa858a7c5d14007942fa674da09a222509ce5b63171bb5571989619e27ea,REVIEW_REQUIRED,ORIGINALITY_AND_LICENSE_REVIEW,pending-review
mrg_v25_historical,workspace/docs/management/V25_5_C_STOP_REPORT_20260711.md,.md,6099,4c5ce759fab0c53d409088807435ac5ffa3aafa885d456521cceedd7dfa029b3,REVIEW_REQUIRED,ORIGINALITY_AND_LICENSE_REVIEW,pending-review
mrg_v25_historical,workspace/docs/management/V25_5_D_EXECUTION_REPORT_20260711.md,.md,915,4a55e5e7c04acf866d8cacf18528c219a9e77e651ba5c064c2508396be568786,REVIEW_REQUIRED,ORIGINALITY_AND_LICENSE_REVIEW,pending-review
mrg_v25_historical,workspace/docs/management/V25_5_E_RC1_FREEZE_REPORT_20260711.md,.md,1443,19218536192098b5eae51fd4937fc8786c3f62c4f308ec241b40bcbdf83a9cb5,REVIEW_REQUIRED,ORIGINALITY_AND_LICENSE_REVIEW,pending-review
mrg_v25_historical,workspace/docs/management/V25_5_E_RC2_FREEZE_REPORT_20260711.md,.md,1135,1f73228f3f031f480577955400cb326318fe9533545aa30d9b47cda00641abb4,REVIEW_REQUIRED,ORIGINALITY_AND_LICENSE_REVIEW,pending-review
mrg_v25_historical,workspace/docs/management/V25_5_F_RC2_EARLY_STOP_REVIEW_20260711.md,.md,4515,0b555c25ed1aaabe81bc4740084c992e742eeb77701b573f2acfcd5f81a65111,REVIEW_REQUIRED,ORIGINALITY_AND_LICENSE_REVIEW,pending-review
mrg_v25_historical,workspace/docs/management/V25_5_REVISED_PLAN_20260710.md,.md,12633,cb89c8e44a4477063ab5b359c9ecffa21e86844705fd336e1820d6e523d5fc22,REVIEW_REQUIRED,ORIGINALITY_AND_LICENSE_REVIEW,pending-review
mrg_v25_historical,workspace/docs/management/V25_6_MINIMAL_PROGRESS_REPORT_20260711.md,.md,881,6e5c72aaf131d91cc0da15bf2f50226aeab3e3f9fe9562fa9ef58d37967fb0ee,REVIEW_REQUIRED,ORIGINALITY_AND_LICENSE_REVIEW,pending-review
mrg_v25_historical,workspace/docs/management/V25_7_MINIMAL_PROGRESS_REPORT_20260711.md,.md,699,63eb71e1b4285ac7bc12de154f21d93df0ba1a9363da5a450d3a3f0b89676403,REVIEW_REQUIRED,ORIGINALITY_AND_LICENSE_REVIEW,pending-review
mrg_v25_historical,workspace/docs/management/V25_8_2_SYNC_TIMELINE_REPAIR_20260711.md,.md,3041,567efc745be2b37777931496fba3929a9944d6e4709892cf1c08f4338134878b,REVIEW_REQUIRED,ORIGINALITY_AND_LICENSE_REVIEW,pending-review
mrg_v25_historical,workspace/docs/management/V25_8_3_MVS_LATE_DROP_BUDGET_20260711.md,.md,3058,add5ca105ba1fe0c9785fbb91a5ee4ba80271a396c1895500dadde5a767f5dae,REVIEW_REQUIRED,ORIGINALITY_AND_LICENSE_REVIEW,pending-review
mrg_v25_historical,workspace/docs/management/V25_8_4_BASELINE_GATE_REPAIR_20260711.md,.md,2207,860c427ee906b04fb4ddba7daeef660757549ffbc35d2ea7fae7d38454a7af8d,REVIEW_REQUIRED,ORIGINALITY_AND_LICENSE_REVIEW,pending-review
mrg_v25_historical,workspace/docs/management/V25_8_5_PLATFORM_CLOSEOUT_PASS_20260711.md,.md,2806,07fb2e4cd7b115d90e3683ffea40d46bc08d8167fbe6f42ecc73ddb343805315,REVIEW_REQUIRED,ORIGINALITY_AND_LICENSE_REVIEW,pending-review
mrg_v25_historical,workspace/docs/management/V25_8_5_PREAMBLE_STARTUP_REPAIR_20260711.md,.md,3161,9499abde2017850265d76bda1bfc28ebaf3f8acad788c7bc78ca26c80274e5a0,REVIEW_REQUIRED,ORIGINALITY_AND_LICENSE_REVIEW,pending-review
mrg_v25_historical,workspace/docs/management/V25_8_MINIMAL_SMOKE_REPORT_20260711.md,.md,1996,dc12ba181b41d037ff099289dcb1dbfa8a14224e62d46793d71859005f6f26fd,REVIEW_REQUIRED,ORIGINALITY_AND_LICENSE_REVIEW,pending-review
mrg_v25_historical,workspace/docs/management/V25_8_R1_BLOCKED_REPORT_20260711.md,.md,2999,631410afe8a34c9d05bd1d6f5f95b620def97d0d9e6f715da3c35c942b37b81a,REVIEW_REQUIRED,ORIGINALITY_AND_LICENSE_REVIEW,pending-review
mrg_v25_historical,workspace/docs/management/V25_8_R1_PYTHON_SUPERVISOR_REPORT_20260711.md,.md,1483,2aaa87dad8698feacd201dac6ded7db9b4df0c57ed9cdb4ba75be4bc94a1cdad,REVIEW_REQUIRED,ORIGINALITY_AND_LICENSE_REVIEW,pending-review
mrg_v25_historical,workspace/docs/management/V25_8_R2_EXECUTION_REPORT_20260711.md,.md,2777,22a311d5a25c706ba26b912ddd84fa5bba6b37b6f8dfbd3f6015468e4ac7bcc2,REVIEW_REQUIRED,ORIGINALITY_AND_LICENSE_REVIEW,pending-review
mrg_v25_historical,workspace/docs/management/V25_8_R3_EXECUTION_REPORT_20260711.md,.md,3377,117cf7621814e1dfe6b4b89093f32e13fcfddfbd2c1a04317ebfba6ffd31747f,REVIEW_REQUIRED,ORIGINALITY_AND_LICENSE_REVIEW,pending-review
mrg_v25_historical,workspace/docs/management/V25_8_R4_EXECUTION_REPORT_20260711.md,.md,2102,15041740601ccbd206ce90a93218e92693a3df101c7ec408e4f4f3c8fd2498f4,REVIEW_REQUIRED,ORIGINALITY_AND_LICENSE_REVIEW,pending-review
mrg_v25_historical,workspace/docs/management/V25_8_R5_RELEASE_GOVERNANCE_REPORT_20260711.md,.md,3834,03eed788de431ae2c2e4893299d6acfe61fd112f0691c8baa35b029aff1c68ea,REVIEW_REQUIRED,ORIGINALITY_AND_LICENSE_REVIEW,pending-review
mrg_v25_historical,workspace/docs/management/V25_8_RC1_C1_OFFLINE_FAILURE_20260711.md,.md,1416,fa4220e3ad29c1e39d6b8734ef9676a54ca9cc911f948c379707cad578f36413,REVIEW_REQUIRED,ORIGINALITY_AND_LICENSE_REVIEW,pending-review
mrg_v25_historical,workspace/docs/management/V25_8_RC1_C2_EARLY_STOP_REVIEW_20260711.md,.md,3715,8860a84974e1c66525dcefc3db0281aebe28a3840d59b2d2e3fe1b366513e9d2,REVIEW_REQUIRED,ORIGINALITY_AND_LICENSE_REVIEW,pending-review
mrg_v25_historical,workspace/docs/management/V25_8_R_AUTOMATED_REMEDIATION_PLAN_20260711.md,.md,4325,d02df40792ce158b361e3c54c0bd4c433fdf267189e5a3b078b3b463f3f790f9,REVIEW_REQUIRED,ORIGINALITY_AND_LICENSE_REVIEW,pending-review
mrg_v25_historical,workspace/docs/management/V25_CONTRACT_MATRIX.md,.md,2263,4d6137923f6360b345d895a64447a99fe8b68af7d69fcea1414d30cb7acddf1c,REVIEW_REQUIRED,ORIGINALITY_AND_LICENSE_REVIEW,pending-review
mrg_v25_historical,workspace/docs/management/V25_DECISION_LOG.md,.md,15962,e6f9e930dbb75842319038e6b63b934d8ed0c58c61c86141c88d4909c8d05cd3,REVIEW_REQUIRED,ORIGINALITY_AND_LICENSE_REVIEW,pending-review
mrg_v25_historical,workspace/docs/management/V25_DEFERRED_BUSINESS_BACKLOG.md,.md,1758,825a210f093ffbd231476c5964f45e1221475c58dac1d4caf1073598c11c627a,REVIEW_REQUIRED,ORIGINALITY_AND_LICENSE_REVIEW,pending-review
mrg_v25_historical,workspace/docs/management/V25_EXECUTION_REPORT_20260710.md,.md,2867,f2ef9630b683c07b79fcaed86bb28ac0fbc5b097a558729729ae4e6dd0bb504b,REVIEW_REQUIRED,ORIGINALITY_AND_LICENSE_REVIEW,pending-review
mrg_v25_historical,workspace/docs/management/V25_GITHUB_REPOSITORY_MAP.md,.md,2371,afeced1ab894d0aa1a944292275417c46a9c36c421c05ac99bfb63b9c3494cc4,REVIEW_REQUIRED,ORIGINALITY_AND_LICENSE_REVIEW,pending-review
mrg_v25_historical,workspace/docs/management/V25_HANDOFF_CN.md,.md,5330,5d25eeb150d9766a67be3d34d7e4285df009d8808d1bcc1eeb4f175ed887f88f,REVIEW_REQUIRED,ORIGINALITY_AND_LICENSE_REVIEW,pending-review
mrg_v25_historical,workspace/docs/management/V25_LEGACY_BASELINE_DEPLOYMENT.md,.md,1918,333b5fee747049eb9902bf64c6f8a7758e7a19856d8572dc0b71cbfc58f11d21,REVIEW_REQUIRED,ORIGINALITY_AND_LICENSE_REVIEW,pending-review
mrg_v25_historical,workspace/docs/management/V25_LEGACY_DATASET_ADAPTER.md,.md,2326,9648712a17d77854c5f2f31f0dcc96444795eba50a1e1454796d2127db7c5794,REVIEW_REQUIRED,ORIGINALITY_AND_LICENSE_REVIEW,pending-review
mrg_v25_historical,workspace/docs/management/V25_LEGACY_RUNTIME_CLOSURE.md,.md,2752,b41238192867dc3678c15c958c707ac2474566f6bf7f63c0da41d39b8acbfbc6,REVIEW_REQUIRED,ORIGINALITY_AND_LICENSE_REVIEW,pending-review
mrg_v25_historical,workspace/docs/management/V25_MASTER_PLAN.md,.md,10867,d7d0447f98d90cbe6ccd4a6c9e831abacbf21331060297ae8d8f44856ad364d7,REVIEW_REQUIRED,ORIGINALITY_AND_LICENSE_REVIEW,pending-review
mrg_v25_historical,workspace/docs/management/V25_MIGRATION_LEDGER.md,.md,1972,6f2d6755cefdc2a71ce7d60bb21d9073fe59dac1972d45dfad38172040627a73,REVIEW_REQUIRED,ORIGINALITY_AND_LICENSE_REVIEW,pending-review
mrg_v25_historical,workspace/docs/management/V25_OFFLINE_AUTHORITY_MASTER_PLAN_20260710.md,.md,10492,61bf7929d22cc31d1ddefbc6971ffaf7c760df5745444c084ec3f71a890d562d,REVIEW_REQUIRED,ORIGINALITY_AND_LICENSE_REVIEW,pending-review
mrg_v25_historical,workspace/docs/management/V25_OPEN_CLOSED_POLICY.md,.md,1179,48b31070539e7142ecb4364eccad2676f545c29b42a898a177b2b2c51815694d,REVIEW_REQUIRED,ORIGINALITY_AND_LICENSE_REVIEW,pending-review
mrg_v25_historical,workspace/docs/management/V25_PLAN_SUPERSESSION_20260711.md,.md,3448,37b642303562a14421882cb76ab0f3890b19cf7ea8935c0dc45cb92bba61a732,REVIEW_REQUIRED,ORIGINALITY_AND_LICENSE_REVIEW,pending-review
mrg_v25_historical,workspace/docs/management/V25_PLATFORM_CLOSEOUT_EXECUTION.md,.md,6411,de20f22628f5f83af0c07df26a0a5756097b90a1522a02675b9c1ecbecf3627e,REVIEW_REQUIRED,ORIGINALITY_AND_LICENSE_REVIEW,pending-review
mrg_v25_historical,workspace/docs/management/V25_PLATFORM_MINIMUM_CLOSEOUT_PLAN.md,.md,6584,4c80727360d1b4f3cae357474dadcf131960231562aabf95949dcf4203f4a3bd,REVIEW_REQUIRED,ORIGINALITY_AND_LICENSE_REVIEW,pending-review
mrg_v25_historical,workspace/docs/management/V25_PLATFORM_RC3_FAILURE_REPORT_20260711.md,.md,3667,3eb35f3ac9a05e59368a3985b5b68d3c093de3d16dbd6439e7671d0d84f26fa3,REVIEW_REQUIRED,ORIGINALITY_AND_LICENSE_REVIEW,pending-review
mrg_v25_historical,workspace/docs/management/V25_PROJECT_CHARTER.md,.md,2246,9ecc1bc794383987b5e78f88aa4291e96da6b54b03fd4baa2ce7c4db7b4f9e15,REVIEW_REQUIRED,ORIGINALITY_AND_LICENSE_REVIEW,pending-review
mrg_v25_historical,workspace/docs/management/V25_RELEASE_CHECKLIST.md,.md,7741,33b3eed7b21b6fe467fa3d612849ce97da128bd8df365a090e05c975d4045553,REVIEW_REQUIRED,ORIGINALITY_AND_LICENSE_REVIEW,pending-review
mrg_v25_historical,workspace/docs/management/V25_REPLAY_REGRESSION.md,.md,2108,fdbd3172bcb99989b17c43bcef5dc96424cd85c9c403d22baa15cdb68ca6f6ac,REVIEW_REQUIRED,ORIGINALITY_AND_LICENSE_REVIEW,pending-review
mrg_v25_historical,workspace/docs/management/V25_REPO_CATALOG.md,.md,1376,ef47936c79d5feda5d73912a4579dfdd6d4f0135b51d059625be739a981a4ca9,REVIEW_REQUIRED,ORIGINALITY_AND_LICENSE_REVIEW,pending-review
mrg_v25_historical,workspace/docs/management/V25_RISK_GATE_20260710.md,.md,1745,a977ce743800e136eb2e834e8b5468baf644bbb142e91fe6cb881cad2bef4942,REVIEW_REQUIRED,ORIGINALITY_AND_LICENSE_REVIEW,pending-review
mrg_v25_historical,workspace/docs/management/V25_RISK_REGISTER.md,.md,18156,5b4fabd11d5c44d1a7f0081b58a1e3f0b21f84fa389af6611f5f61eb4ff749e5,REVIEW_REQUIRED,ORIGINALITY_AND_LICENSE_REVIEW,pending-review
mrg_v25_historical,workspace/docs/management/V25_TEST_MATRIX.md,.md,5264,1d13bf2b80ef31e62986ec8cad5e8d6611944ac14a09846334ac236902c892bb,REVIEW_REQUIRED,ORIGINALITY_AND_LICENSE_REVIEW,pending-review
mrg_v25_historical,workspace/docs/management/V25_WBS.md,.md,3919,c09d91462d29c9eb5dacc1d84c95ea5539550f51256989f14a9a79859353420e,REVIEW_REQUIRED,ORIGINALITY_AND_LICENSE_REVIEW,pending-review
mrg_v25_historical,workspace/docs/management/V26_A_CLOSEOUT_RISK_ACCEPTANCE_20260711.md,.md,1615,ebb0d33399e44bc46a4d4d33e400f43a51bb7866f4ed96ee5439c1aac19da835,REVIEW_REQUIRED,ORIGINALITY_AND_LICENSE_REVIEW,pending-review
mrg_v25_historical,workspace/docs/management/V26_B_ACTIVE_CLOSEOUT_RISK_ACCEPTANCE_20260711.md,.md,2698,a8ae80227140c87b776961cb9ffe536a87fd92281cd31e8cb5550d7d870e041d,REVIEW_REQUIRED,ORIGINALITY_AND_LICENSE_REVIEW,pending-review
mrg_v25_historical,workspace/docs/management/V26_B_MAINLINE_SHADOW_DECISION_20260711.md,.md,2210,851fa77041a9d8b68658bad6372bbb59620acc2e8cef095a56cded69b318a235,REVIEW_REQUIRED,ORIGINALITY_AND_LICENSE_REVIEW,pending-review
mrg_v25_historical,workspace/docs/management/V26_B_ONLINE_SHADOW_REPORT_20260711.md,.md,3778,aa254d9556e35fb2893ee42e600fe0d0e986371faa267fae8b208e193693295a,REVIEW_REQUIRED,ORIGINALITY_AND_LICENSE_REVIEW,pending-review
mrg_v25_historical,workspace/docs/management/V26_D_IR_ID_ACTIVE_MARKER_LIVE_ENABLE_20260711.md,.md,7027,733f13db72b67bdb9de5215413694b23f98fa019ccc961b00e33ba36a7000db0,REVIEW_REQUIRED,ORIGINALITY_AND_LICENSE_REVIEW,pending-review
mrg_v25_historical,workspace/docs/management/V26_D_IR_ID_KEY_MILESTONE_REVIEW_20260712.en.md,.md,4457,a8752e4cbd1b24d611dd1b3ad5e51cbfd6d6f598d53703f9d00517a18437a52b,REVIEW_REQUIRED,ORIGINALITY_AND_LICENSE_REVIEW,pending-review
mrg_v25_historical,workspace/docs/management/V26_D_IR_ID_KEY_MILESTONE_REVIEW_20260712.zh-CN.md,.md,3968,1babe2979b18ab36cd109f6f8f6b564924a94fbb5475edc4ccdc4f61cb459c84,REVIEW_REQUIRED,ORIGINALITY_AND_LICENSE_REVIEW,pending-review
mrg_v25_historical,workspace/docs/management/V26_PATCH_FANOUT_BASELINE_20260711.md,.md,5803,e0deda7a7896f0fadac454e691269eea625b7842f0eeaec11b90577163805374,REVIEW_REQUIRED,ORIGINALITY_AND_LICENSE_REVIEW,pending-review
mrg_v25_historical,workspace/docs/management/patch_records/README.md,.md,389,4d40c2bc102f79a14003b2dbb4a832b8548b45cb6412579b43b149280c303240,REVIEW_REQUIRED,ORIGINALITY_AND_LICENSE_REVIEW,pending-review
mrg_v25_historical,workspace/docs/management/patch_records/V26_A_UNIFIED_RECORDING_BUNDLE.md,.md,6631,86cc909e989dc68fb37aef5696683d93541dd847d32e8b4d4acc7e3fece98e19,REVIEW_REQUIRED,ORIGINALITY_AND_LICENSE_REVIEW,pending-review
mrg_v25_historical,workspace/docs/management/patch_records/v26-b.md,.md,3896,fbe589875f8f97721924ce954d1666ad548d925dcd15335e615cb13666cd6450,REVIEW_REQUIRED,ORIGINALITY_AND_LICENSE_REVIEW,pending-review
mrg_v25_historical,workspace/docs/management/patch_records/v26-d-ir-id.md,.md,5047,3d6bae1ad9d9a6deb5c881d86eb5088ea503d5c060667f5dd2ebda036685b5d5,REVIEW_REQUIRED,ORIGINALITY_AND_LICENSE_REVIEW,pending-review
mrg_v25_historical,workspace/docs/management/release_records/V25_8_R5_20260711/authority_exercise_report.json,.json,2570,21cbeceb7d1310f07a4c007b5df1ba07c179b80c6a4eb333110bd206b64b6c9c,REVIEW_REQUIRED,ORIGINALITY_AND_LICENSE_REVIEW,pending-review
mrg_v25_historical,workspace/docs/management/release_records/V25_8_R5_20260711/github_remote_verification.json,.json,3877,4e70392459f38b656da7dafd5521397d48e2c4e48da2bebf29034761e3353ee0,REVIEW_REQUIRED,ORIGINALITY_AND_LICENSE_REVIEW,pending-review
mrg_v25_historical,workspace/docs/management/release_records/V25_8_R5_20260711/sbom.cdx.json,.json,11655,c1f184bae9452cd05e2e489c7432d733cdbdc0e2a99425f34c107488398771e6,REVIEW_REQUIRED,ORIGINALITY_AND_LICENSE_REVIEW,pending-review
mrg_v25_historical,workspace/docs/management/release_records/V25_8_R5_20260711/v25_8_r5_governance_report.json,.json,10450,06f3d4c7d1a52ca9d6993bf6bb5de3ab740070c3790aa031861ec5fb28d31930,REVIEW_REQUIRED,ORIGINALITY_AND_LICENSE_REVIEW,pending-review
mrg_v25_historical,workspace/evidence/local_v25_4/fixtures/fixture_catalog.json,.json,1544,2ff6e103d6c4e97deae8ab8195b1f960d490b1c88848ba07756144711c4239e6,REVIEW_REQUIRED,ORIGINALITY_AND_LICENSE_REVIEW,pending-review
mrg_v25_historical,workspace/evidence/local_v25_4/v25_4_d_integration_report.json,.json,18143,b26ee330dad892db3dc173deb8d3a5a86eb460f88a3f170a4cb766a208bfd2cc,REVIEW_REQUIRED,ORIGINALITY_AND_LICENSE_REVIEW,pending-review
mrg_v25_historical,workspace/evidence/local_v25_4_check_v25_8_5/fixtures/fixture_catalog.json,.json,1469,76a8c2ed118fbbcf70a4fc115b65d9c2eb582ed93ea1444c87427439c570740b,REVIEW_REQUIRED,ORIGINALITY_AND_LICENSE_REVIEW,pending-review
mrg_v25_historical,workspace/evidence/local_v25_4_check_v25_8_5/v25_4_d_integration_report.json,.json,18149,828ebc8011772c2262784fe572f255b61ba6ac679e8b4c3b9ed3a20828ea3048,REVIEW_REQUIRED,ORIGINALITY_AND_LICENSE_REVIEW,pending-review
mrg_v25_historical,workspace/evidence/local_v25_5/v25_shadow/fixtures/fixture_catalog.json,.json,2665,d07a37160e20014e73246127412a2b8aa8aa97dfe387552f366c736f80823093,REVIEW_REQUIRED,ORIGINALITY_AND_LICENSE_REVIEW,pending-review
mrg_v25_historical,workspace/evidence/local_v25_5/v25_shadow/system_status_latest.json,.json,2370,fb1ce13955926d560a4bb995a5694ad76985430f9c7224c8e8fecfab16410b33,REVIEW_REQUIRED,ORIGINALITY_AND_LICENSE_REVIEW,pending-review
mrg_v25_historical,workspace/evidence/local_v25_5/v25_shadow/v25_5_d_integration_report.json,.json,14609,7d97ced6df71f9dd84f33425999e19438605c13db4dd1b39a92734bb9f9a044b,REVIEW_REQUIRED,ORIGINALITY_AND_LICENSE_REVIEW,pending-review
mrg_v25_historical,workspace/evidence/local_v25_5_check_v25_8_5/v25_shadow/fixtures/fixture_catalog.json,.json,2791,f0315dcb1976ab7629fc5c13aa4a238b6ffa21d8d539f212fd0cdf30da095053,REVIEW_REQUIRED,ORIGINALITY_AND_LICENSE_REVIEW,pending-review
mrg_v25_historical,workspace/evidence/local_v25_5_check_v25_8_5/v25_shadow/system_status_latest.json,.json,2370,8d27c8073a9002627e1ad142c9e4a688974ac96f90b6be84a0f67c8199f5a9ef,REVIEW_REQUIRED,ORIGINALITY_AND_LICENSE_REVIEW,pending-review
mrg_v25_historical,workspace/evidence/local_v25_5_check_v25_8_5/v25_shadow/v25_5_d_integration_report.json,.json,14609,89b16a7371560514e948ba26bd2db2b8bc245786d8a7a36e33297364614a8b0e,REVIEW_REQUIRED,ORIGINALITY_AND_LICENSE_REVIEW,pending-review
mrg_v25_historical,workspace/evidence/platform/v25_8_platform_rc1_20260711_162141_display1_keepstdin/v25_8_platform_rc1_20260711_162141_display1_keepstdin/candidate_patch_manifest.json,.json,3203,feabd8ff0147b79cde433b82f820d03102129bef518d1e679a9e8b385d00b269,REVIEW_REQUIRED,ORIGINALITY_AND_LICENSE_REVIEW,pending-review
mrg_v25_historical,workspace/evidence/platform/v25_8_platform_rc1_20260711_162141_display1_keepstdin/v25_8_platform_rc1_20260711_162141_display1_keepstdin/final_residual_processes.json,.json,36,f76bfa8faa6e40432b203614facfc26014a2739b6ab3b334a738b1cdab20eb07,REVIEW_REQUIRED,ORIGINALITY_AND_LICENSE_REVIEW,pending-review
mrg_v25_historical,workspace/evidence/platform/v25_8_platform_rc1_20260711_162141_display1_keepstdin/v25_8_platform_rc1_20260711_162141_display1_keepstdin/freeze_verification.json,.json,55559,23149e2cdcbde953a6e84aab7b745325ac1f12509d6dabdf7f0572c2919a7ea7,REVIEW_REQUIRED,ORIGINALITY_AND_LICENSE_REVIEW,pending-review
mrg_v25_historical,workspace/evidence/platform/v25_8_platform_rc1_20260711_162141_display1_keepstdin/v25_8_platform_rc1_20260711_162141_display1_keepstdin/offline/v25_4/fixtures/fixture_catalog.json,.json,1989,046df386a3f6384ccc3d0b3ee8a7dd845e68ce476760a69e4a0e3d051f675abb,REVIEW_REQUIRED,ORIGINALITY_AND_LICENSE_REVIEW,pending-review
mrg_v25_historical,workspace/evidence/platform/v25_8_platform_rc1_20260711_162141_display1_keepstdin/v25_8_platform_rc1_20260711_162141_display1_keepstdin/offline/v25_4/v25_4_d_integration_report.json,.json,17604,b5befbf9dc56322a3620acdf7dbd4cdc42527fb81dedd6b5a1ea470f1d6518fe,REVIEW_REQUIRED,ORIGINALITY_AND_LICENSE_REVIEW,pending-review
mrg_v25_historical,workspace/evidence/platform/v25_8_platform_rc1_20260711_162141_display1_keepstdin/v25_8_platform_rc1_20260711_162141_display1_keepstdin/offline/v25_5/v25_shadow/fixtures/fixture_catalog.json,.json,3465,73eea7e4fbd93d8fd7915dc232e268da8f2194348c1c3e750a1a9cc72a135513,REVIEW_REQUIRED,ORIGINALITY_AND_LICENSE_REVIEW,pending-review
mrg_v25_historical,workspace/evidence/platform/v25_8_platform_rc1_20260711_162141_display1_keepstdin/v25_8_platform_rc1_20260711_162141_display1_keepstdin/offline/v25_5/v25_shadow/system_status_latest.json,.json,2245,182e77d505cf8e48ad86dce8992e850334ef1ce44070f9b587a7d607f063b102,REVIEW_REQUIRED,ORIGINALITY_AND_LICENSE_REVIEW,pending-review
mrg_v25_historical,workspace/evidence/platform/v25_8_platform_rc1_20260711_162141_display1_keepstdin/v25_8_platform_rc1_20260711_162141_display1_keepstdin/offline/v25_5/v25_shadow/v25_5_d_integration_report.json,.json,14066,9e2212d846092639a88102fbe69c5560a57289199a3a298e9cd8ceaa7c4c8f4a,REVIEW_REQUIRED,ORIGINALITY_AND_LICENSE_REVIEW,pending-review
mrg_v25_historical,workspace/evidence/platform/v25_8_platform_rc1_20260711_162141_display1_keepstdin/v25_8_platform_rc1_20260711_162141_display1_keepstdin/phases/candidate_cold_smoke_10m/event_overlay_overview_status.json,.json,10460,97c45556e4fd987f5d71bbaa05b974968cb0a36fdb4eeb3778527e4362bfff2f,REVIEW_REQUIRED,ORIGINALITY_AND_LICENSE_REVIEW,pending-review
mrg_v25_historical,workspace/evidence/platform/v25_8_platform_rc1_20260711_162141_display1_keepstdin/v25_8_platform_rc1_20260711_162141_display1_keepstdin/phases/candidate_cold_smoke_10m/global_bev_status.json,.json,214341,b8dbfa889f90160d5d4822c1078d5bc9921c34ae3a90c2b61bc2f6f43706bc60,REVIEW_REQUIRED,ORIGINALITY_AND_LICENSE_REVIEW,pending-review
mrg_v25_historical,workspace/evidence/platform/v25_8_platform_rc1_20260711_162141_display1_keepstdin/v25_8_platform_rc1_20260711_162141_display1_keepstdin/phases/candidate_cold_smoke_10m/global_yolo_status.json,.json,35591,cc9face7ef45d93ed980021e5705b0fd24963eb12b86e775c2d9a030cfbf2137,REVIEW_REQUIRED,ORIGINALITY_AND_LICENSE_REVIEW,pending-review
mrg_v25_historical,workspace/evidence/platform/v25_8_platform_rc1_20260711_162141_display1_keepstdin/v25_8_platform_rc1_20260711_162141_display1_keepstdin/phases/candidate_cold_smoke_10m/global_yolo_worker_0_status.json,.json,17219,8b1089ef876c668ef54fb47cd8176ed56a60baa1ab6bb84f67e0fe7406c18989,REVIEW_REQUIRED,ORIGINALITY_AND_LICENSE_REVIEW,pending-review
mrg_v25_historical,workspace/evidence/platform/v25_8_platform_rc1_20260711_162141_display1_keepstdin/v25_8_platform_rc1_20260711_162141_display1_keepstdin/phases/candidate_cold_smoke_10m/global_yolo_worker_1_status.json,.json,17072,1257835cd05166e25d162086b304e01bc7486e1636b3ece7a0d73dbf5df5518c,REVIEW_REQUIRED,ORIGINALITY_AND_LICENSE_REVIEW,pending-review
mrg_v25_historical,workspace/evidence/platform/v25_8_platform_rc1_20260711_162141_display1_keepstdin/v25_8_platform_rc1_20260711_162141_display1_keepstdin/phases/candidate_cold_smoke_10m/phase_meta.json,.json,11235,988a701c4e92e7b1125d9e89832bb63ed30c6f081ad4b6dbe57c2c4c65b9c690,REVIEW_REQUIRED,ORIGINALITY_AND_LICENSE_REVIEW,pending-review
mrg_v25_historical,workspace/evidence/platform/v25_8_platform_rc1_20260711_162141_display1_keepstdin/v25_8_platform_rc1_20260711_162141_display1_keepstdin/phases/candidate_cold_smoke_10m/profile_candidate.json,.json,29210,bfa41600dd657c8c3164177311668fa1477c84a1e438a7cb5e2d7b9fbe796b08,REVIEW_REQUIRED,ORIGINALITY_AND_LICENSE_REVIEW,pending-review
mrg_v25_historical,workspace/evidence/platform/v25_8_platform_rc1_20260711_162141_display1_keepstdin/v25_8_platform_rc1_20260711_162141_display1_keepstdin/phases/candidate_cold_smoke_10m/profile_patch_report.json,.json,1642,12a97c4608591e6fcb010e346999ed0537741cc22fc74cfd6f80b44f50a2c284,REVIEW_REQUIRED,ORIGINALITY_AND_LICENSE_REVIEW,pending-review
mrg_v25_historical,workspace/evidence/platform/v25_8_platform_rc1_20260711_162141_display1_keepstdin/v25_8_platform_rc1_20260711_162141_display1_keepstdin/phases/candidate_cold_smoke_10m/shadow_sync_rings/event_sync_map_ring_A.json,.json,97933,4c92c7fbfff3eb6b904825050fc39a824396f220f86733075c15d2d206b376dd,REVIEW_REQUIRED,ORIGINALITY_AND_LICENSE_REVIEW,pending-review
mrg_v25_historical,workspace/evidence/platform/v25_8_platform_rc1_20260711_162141_display1_keepstdin/v25_8_platform_rc1_20260711_162141_display1_keepstdin/phases/candidate_cold_smoke_10m/shadow_sync_rings/event_sync_map_ring_B.json,.json,97933,3c72c1eefca4c28aefe80816754d4eb73b7cf2af66c26cb646d77015dbac259d,REVIEW_REQUIRED,ORIGINALITY_AND_LICENSE_REVIEW,pending-review
mrg_v25_historical,workspace/evidence/platform/v25_8_platform_rc1_20260711_162141_display1_keepstdin/v25_8_platform_rc1_20260711_162141_display1_keepstdin/phases/candidate_cold_smoke_10m/shadow_sync_rings/event_sync_map_ring_C.json,.json,97933,1d06c8059e4805d9cd04c6129ae6b2fdfc0ad06fa24d88c7a6020e92a845f09c,REVIEW_REQUIRED,ORIGINALITY_AND_LICENSE_REVIEW,pending-review
mrg_v25_historical,workspace/evidence/platform/v25_8_platform_rc1_20260711_162141_display1_keepstdin/v25_8_platform_rc1_20260711_162141_display1_keepstdin/phases/candidate_cold_smoke_10m/shadow_sync_rings/event_sync_map_ring_D.json,.json,97933,39cb9d83885ac43e38e4a22fe7d6ae0ee479fcf30cc87f209d6840fb5f95d820,REVIEW_REQUIRED,ORIGINALITY_AND_LICENSE_REVIEW,pending-review
mrg_v25_historical,workspace/evidence/platform/v25_8_platform_rc1_20260711_162141_display1_keepstdin/v25_8_platform_rc1_20260711_162141_display1_keepstdin/phases/candidate_cold_smoke_10m/shadow_sync_rings/event_sync_map_ring_E.json,.json,97933,598c3629943009dd30c97f4797e6cd773307aff9e2c48b1553cd33353e0ee2a1,REVIEW_REQUIRED,ORIGINALITY_AND_LICENSE_REVIEW,pending-review
mrg_v25_historical,workspace/evidence/platform/v25_8_platform_rc1_20260711_162141_display1_keepstdin/v25_8_platform_rc1_20260711_162141_display1_keepstdin/phases/candidate_cold_smoke_10m/shadow_sync_rings/event_sync_map_ring_F.json,.json,97933,ab526e12f4702b37ac364dcd5779686bfb8fdf19abd219cb4502089cee37e6b7,REVIEW_REQUIRED,ORIGINALITY_AND_LICENSE_REVIEW,pending-review
mrg_v25_historical,workspace/evidence/platform/v25_8_platform_rc1_20260711_162141_display1_keepstdin/v25_8_platform_rc1_20260711_162141_display1_keepstdin/phases/candidate_cold_smoke_10m/shadow_sync_rings/event_sync_map_ring_G.json,.json,97920,b7316beb4897cc33e5cd090a1cb6a6d0fbcc00a6d81960c332a89c71f3443c46,REVIEW_REQUIRED,ORIGINALITY_AND_LICENSE_REVIEW,pending-review
mrg_v25_historical,workspace/evidence/platform/v25_8_platform_rc1_20260711_162141_display1_keepstdin/v25_8_platform_rc1_20260711_162141_display1_keepstdin/phases/candidate_cold_smoke_10m/shadow_sync_rings/event_sync_map_ring_H.json,.json,97557,18afc1d214f759ff99b615af2b2bcc7c7ab4320c42bf2127d43d53d2cf708b90,REVIEW_REQUIRED,ORIGINALITY_AND_LICENSE_REVIEW,pending-review
mrg_v25_historical,workspace/evidence/platform/v25_8_platform_rc1_20260711_162141_display1_keepstdin/v25_8_platform_rc1_20260711_162141_display1_keepstdin/phases/candidate_cold_smoke_10m/sparse_projection_fixture.json,.json,9315,20acd0876477bbc2aa0af46d36a7de1ca105c8c4f6c13a55f26f54725106d661,REVIEW_REQUIRED,ORIGINALITY_AND_LICENSE_REVIEW,pending-review
mrg_v25_historical,workspace/evidence/platform/v25_8_platform_rc1_20260711_162141_display1_keepstdin/v25_8_platform_rc1_20260711_162141_display1_keepstdin/phases/candidate_cold_smoke_10m/sync_epoch_latest.json,.json,4662,893a20c227347fe451ac5857b39eddc5e0a613237d5581fb9142e6bb49d1c1c7,REVIEW_REQUIRED,ORIGINALITY_AND_LICENSE_REVIEW,pending-review
mrg_v25_historical,workspace/evidence/platform/v25_8_platform_rc1_20260711_162141_display1_keepstdin/v25_8_platform_rc1_20260711_162141_display1_keepstdin/phases/candidate_cold_smoke_10m/system_status_latest.json,.json,907395,332595cce3d8e9fefdef13a5f7da7d8f588dfea66715845ae3148c713f3ebaca,REVIEW_REQUIRED,ORIGINALITY_AND_LICENSE_REVIEW,pending-review
mrg_v25_historical,workspace/evidence/platform/v25_8_platform_rc1_20260711_162141_display1_keepstdin/v25_8_platform_rc1_20260711_162141_display1_keepstdin/phases/candidate_cold_smoke_10m/trigger_status.json,.json,679,75810466a65884c8418e6211f4e3cbba83243f184a37efafe17722b07c20ae70,REVIEW_REQUIRED,ORIGINALITY_AND_LICENSE_REVIEW,pending-review
mrg_v25_historical,workspace/evidence/platform/v25_8_platform_rc1_20260711_162141_display1_keepstdin/v25_8_platform_rc1_20260711_162141_display1_keepstdin/phases/candidate_cold_smoke_10m/v25_live_shadow/combat/status.json,.json,1504,cea6ba7aac035e641854826e58703ef3eaf36bf5cc6062a13b20f64f35c706b2,REVIEW_REQUIRED,ORIGINALITY_AND_LICENSE_REVIEW,pending-review
mrg_v25_historical,workspace/evidence/platform/v25_8_platform_rc1_20260711_162141_display1_keepstdin/v25_8_platform_rc1_20260711_162141_display1_keepstdin/phases/candidate_cold_smoke_10m/v25_live_shadow/game_bridge/status.json,.json,1727,3b9046afdab554baf2e24b4dd006719959acfd0652434883501f6177aef047f5,REVIEW_REQUIRED,ORIGINALITY_AND_LICENSE_REVIEW,pending-review
mrg_v25_historical,workspace/evidence/platform/v25_8_platform_rc1_20260711_162141_display1_keepstdin/v25_8_platform_rc1_20260711_162141_display1_keepstdin/phases/candidate_cold_smoke_10m/v25_live_shadow/visualization/latest.json,.json,1593,7e10fbf5752eec196e8725b063cf2ccd132bedc523195f54ad2a5dc2bfba2f78,REVIEW_REQUIRED,ORIGINALITY_AND_LICENSE_REVIEW,pending-review
mrg_v25_historical,workspace/evidence/platform/v25_8_platform_rc1_20260711_162141_display1_keepstdin/v25_8_platform_rc1_20260711_162141_display1_keepstdin/phases/candidate_cold_smoke_10m/v25_live_shadow/visualization/status.json,.json,702,ec642517d59ac689d459b48131ad87c8623a41fd2687d28303c2080d08c0a077,REVIEW_REQUIRED,ORIGINALITY_AND_LICENSE_REVIEW,pending-review
mrg_v25_historical,workspace/evidence/platform/v25_8_platform_rc1_20260711_162141_display1_keepstdin/v25_8_platform_rc1_20260711_162141_display1_keepstdin/phases/candidate_cold_smoke_10m/v25_shadow_sync/mrg_sync_engine_status.json,.json,3623,848b662f2fe2c473eb70078d3f0c2fd41be75fa09827462c5b3f78dba012cecd,REVIEW_REQUIRED,ORIGINALITY_AND_LICENSE_REVIEW,pending-review
mrg_v25_historical,workspace/evidence/platform/v25_8_platform_rc1_20260711_162141_display1_keepstdin/v25_8_platform_rc1_20260711_162141_display1_keepstdin/phases/candidate_cold_smoke_10m/v25_shadow_sync/sequence_sync_map_A_latest.json,.json,483,8506684cb8528f4bbd7e78872c1948b185c50dc252d514de65e77734656db48d,REVIEW_REQUIRED,ORIGINALITY_AND_LICENSE_REVIEW,pending-review
mrg_v25_historical,workspace/evidence/platform/v25_8_platform_rc1_20260711_162141_display1_keepstdin/v25_8_platform_rc1_20260711_162141_display1_keepstdin/phases/candidate_cold_smoke_10m/v25_shadow_sync/sequence_sync_map_B_latest.json,.json,483,d6c40edf2a76d6e9dd688e4679a8c7dd35b11f1a2892de64bd046f21bcf6bc3c,REVIEW_REQUIRED,ORIGINALITY_AND_LICENSE_REVIEW,pending-review
mrg_v25_historical,workspace/evidence/platform/v25_8_platform_rc1_20260711_162141_display1_keepstdin/v25_8_platform_rc1_20260711_162141_display1_keepstdin/phases/candidate_cold_smoke_10m/v25_shadow_sync/sequence_sync_map_C_latest.json,.json,483,3deae5ae64c8dfb85b172a2ca2cd8edb7c085330a525ce3a2f6eb280068b051c,REVIEW_REQUIRED,ORIGINALITY_AND_LICENSE_REVIEW,pending-review
mrg_v25_historical,workspace/evidence/platform/v25_8_platform_rc1_20260711_162141_display1_keepstdin/v25_8_platform_rc1_20260711_162141_display1_keepstdin/phases/candidate_cold_smoke_10m/v25_shadow_sync/sequence_sync_map_D_latest.json,.json,483,d33fbdeb9e8f51bd74873bde03c7c83812c95d0183b9f6f650aea74f2c4ab1bd,REVIEW_REQUIRED,ORIGINALITY_AND_LICENSE_REVIEW,pending-review
mrg_v25_historical,workspace/evidence/platform/v25_8_platform_rc1_20260711_162141_display1_keepstdin/v25_8_platform_rc1_20260711_162141_display1_keepstdin/phases/candidate_cold_smoke_10m/v25_shadow_sync/sequence_sync_map_E_latest.json,.json,483,24e545521550c2b78956be3cf2f3b4183bd357d7b7c6d8d8081a9866b6c74fa7,REVIEW_REQUIRED,ORIGINALITY_AND_LICENSE_REVIEW,pending-review
mrg_v25_historical,workspace/evidence/platform/v25_8_platform_rc1_20260711_162141_display1_keepstdin/v25_8_platform_rc1_20260711_162141_display1_keepstdin/phases/candidate_cold_smoke_10m/v25_shadow_sync/sequence_sync_map_F_latest.json,.json,483,a8d94dba53684ff089f89cf644e934f2785d9c9fcd8989e46f20288243bb1e8c,REVIEW_REQUIRED,ORIGINALITY_AND_LICENSE_REVIEW,pending-review
mrg_v25_historical,workspace/evidence/platform/v25_8_platform_rc1_20260711_162141_display1_keepstdin/v25_8_platform_rc1_20260711_162141_display1_keepstdin/phases/candidate_cold_smoke_10m/v25_shadow_sync/sequence_sync_map_G_latest.json,.json,483,20d56786e6098bbde2b5be5df603e317d31b190a5b9330f1895ebd53a9e846e1,REVIEW_REQUIRED,ORIGINALITY_AND_LICENSE_REVIEW,pending-review
mrg_v25_historical,workspace/evidence/platform/v25_8_platform_rc1_20260711_162141_display1_keepstdin/v25_8_platform_rc1_20260711_162141_display1_keepstdin/phases/candidate_cold_smoke_10m/v25_shadow_sync/sequence_sync_map_H_latest.json,.json,468,85583673b95b7408889361005c87193f001e9e0891ea3aee771f179f6599f669,REVIEW_REQUIRED,ORIGINALITY_AND_LICENSE_REVIEW,pending-review
mrg_v25_historical,workspace/evidence/platform/v25_8_platform_rc1_20260711_162141_display1_keepstdin/v25_8_platform_rc1_20260711_162141_display1_keepstdin/phases/candidate_cold_smoke_10m/v25_shadow_sync/v25_5_c2_report.json,.json,4242,48020f838eadea3e88c902bf5e5bd987c2a58a511013f5e980a96b001b1e159a,REVIEW_REQUIRED,ORIGINALITY_AND_LICENSE_REVIEW,pending-review
mrg_v25_historical,workspace/evidence/platform/v25_8_platform_rc1_20260711_162141_display1_keepstdin/v25_8_platform_rc1_20260711_162141_display1_keepstdin/pre_existing/legacy_patch/global_bev_fusion_renderer.py,.py,568207,6493f774ea7fbe4089f4978f195828ed49f4153a6d21071e6428ba9ce395bb77,REVIEW_REQUIRED,ORIGINALITY_AND_LICENSE_REVIEW,pending-review
mrg_v25_historical,workspace/evidence/platform/v25_8_platform_rc1_20260711_162141_display1_keepstdin/v25_8_platform_rc1_20260711_162141_display1_keepstdin/pre_existing/legacy_patch/global_yolo_infer_server.py,.py,138834,53d9c450ad0f670e6a3f28427ae28810028f12bed70eaa67cca959ad3cc84eab,REVIEW_REQUIRED,ORIGINALITY_AND_LICENSE_REVIEW,pending-review
mrg_v25_historical,workspace/evidence/platform/v25_8_platform_rc1_20260711_162141_display1_keepstdin/v25_8_platform_rc1_20260711_162141_display1_keepstdin/pre_existing/legacy_patch/global_yolo_merge_publisher.py,.py,31695,f026e019a553bd24dd9a78147f2f76472fe76f7afa8f9aa1f06370843e964aa2,REVIEW_REQUIRED,ORIGINALITY_AND_LICENSE_REVIEW,pending-review
mrg_v25_historical,workspace/evidence/platform/v25_8_platform_rc1_20260711_162141_display1_keepstdin/v25_8_platform_rc1_20260711_162141_display1_keepstdin/pre_existing/legacy_patch/launch_fusion_system.py,.py,260519,5661b308509a797801acca7b0df68e13fa073bcc2927d96705bbef45f5e45dae,REVIEW_REQUIRED,ORIGINALITY_AND_LICENSE_REVIEW,pending-review
mrg_v25_historical,workspace/evidence/platform/v25_8_platform_rc1_20260711_162141_display1_keepstdin/v25_8_platform_rc1_20260711_162141_display1_keepstdin/pre_existing/legacy_patch/mvs_trigger_coordinator.py,.py,17194,7237b484ebdf189825bb8d95e6f54d63599f23a4ee1921aa676bb315d85dc7fb,REVIEW_REQUIRED,ORIGINALITY_AND_LICENSE_REVIEW,pending-review
mrg_v25_historical,workspace/evidence/platform/v25_8_platform_rc1_20260711_162141_display1_keepstdin/v25_8_platform_rc1_20260711_162141_display1_keepstdin/pre_existing/legacy_patch/pyopengl_cuda_preview_renderer.py,.py,674332,a84e1d34610413ecb4949a79826ead297013abe9a9495a55cbb1c71a77a58c76,REVIEW_REQUIRED,ORIGINALITY_AND_LICENSE_REVIEW,pending-review
mrg_v25_historical,workspace/evidence/platform/v25_8_platform_rc1_20260711_162141_display1_keepstdin/v25_8_platform_rc1_20260711_162141_display1_keepstdin/preflight_processes.json,.json,36,f76bfa8faa6e40432b203614facfc26014a2739b6ab3b334a738b1cdab20eb07,REVIEW_REQUIRED,ORIGINALITY_AND_LICENSE_REVIEW,pending-review
mrg_v25_historical,workspace/evidence/platform/v25_8_platform_rc1_20260711_162141_display1_keepstdin/v25_8_platform_rc1_20260711_162141_display1_keepstdin/v25_platform_report.json,.json,259,682ad8c4c64e7eb105438a508e0458bce6fc975d567f4955d2efbc38e5a0c737,REVIEW_REQUIRED,ORIGINALITY_AND_LICENSE_REVIEW,pending-review
mrg_v25_historical,workspace/evidence/platform/v25_8_platform_rc1_20260711_165838_display1_keepstdin/candidate_patch_manifest.json,.json,3203,feabd8ff0147b79cde433b82f820d03102129bef518d1e679a9e8b385d00b269,REVIEW_REQUIRED,ORIGINALITY_AND_LICENSE_REVIEW,pending-review
mrg_v25_historical,workspace/evidence/platform/v25_8_platform_rc1_20260711_165838_display1_keepstdin/final_residual_processes.json,.json,36,f76bfa8faa6e40432b203614facfc26014a2739b6ab3b334a738b1cdab20eb07,REVIEW_REQUIRED,ORIGINALITY_AND_LICENSE_REVIEW,pending-review
mrg_v25_historical,workspace/evidence/platform/v25_8_platform_rc1_20260711_165838_display1_keepstdin/freeze_verification.json,.json,55559,69639a73ac99b30dc22fed8de323819206317d2ec7bf50f5db395d11b57921fc,REVIEW_REQUIRED,ORIGINALITY_AND_LICENSE_REVIEW,pending-review
mrg_v25_historical,workspace/evidence/platform/v25_8_platform_rc1_20260711_165838_display1_keepstdin/offline/v25_4/fixtures/fixture_catalog.json,.json,1989,025d3eb81ce15fd2bf6c97352de94ef642f735d7541b8041292256d0843c4da6,REVIEW_REQUIRED,ORIGINALITY_AND_LICENSE_REVIEW,pending-review
mrg_v25_historical,workspace/evidence/platform/v25_8_platform_rc1_20260711_165838_display1_keepstdin/offline/v25_4/v25_4_d_integration_report.json,.json,17604,2a524bcbcb505b994f0c473b77708fcd39297f21e7b0e7c0e9bca094e7e5bbc6,REVIEW_REQUIRED,ORIGINALITY_AND_LICENSE_REVIEW,pending-review
mrg_v25_historical,workspace/evidence/platform/v25_8_platform_rc1_20260711_165838_display1_keepstdin/offline/v25_5/v25_shadow/fixtures/fixture_catalog.json,.json,3465,ceb7830ed3169f2be9b50dd572559041e360d903eb0ced12e0301938f5e3adec,REVIEW_REQUIRED,ORIGINALITY_AND_LICENSE_REVIEW,pending-review
mrg_v25_historical,workspace/evidence/platform/v25_8_platform_rc1_20260711_165838_display1_keepstdin/offline/v25_5/v25_shadow/system_status_latest.json,.json,2245,f36db9e74680089a07650588e9a2d4860aa0964523ab17694ca60db45ba4a6c6,REVIEW_REQUIRED,ORIGINALITY_AND_LICENSE_REVIEW,pending-review
mrg_v25_historical,workspace/evidence/platform/v25_8_platform_rc1_20260711_165838_display1_keepstdin/offline/v25_5/v25_shadow/v25_5_d_integration_report.json,.json,14066,17598b9a0d36811a80846d24ad08343af35b2d00f2b347f57a2d302d3e80a546,REVIEW_REQUIRED,ORIGINALITY_AND_LICENSE_REVIEW,pending-review
mrg_v25_historical,workspace/evidence/platform/v25_8_platform_rc1_20260711_165838_display1_keepstdin/phases/candidate_cold_smoke_10m/event_overlay_overview_status.json,.json,10454,fb7ac6faa14c09677232d35841cd89c9c8d040eb61542fda3343956298b5e731,REVIEW_REQUIRED,ORIGINALITY_AND_LICENSE_REVIEW,pending-review
mrg_v25_historical,workspace/evidence/platform/v25_8_platform_rc1_20260711_165838_display1_keepstdin/phases/candidate_cold_smoke_10m/global_bev_status.json,.json,215522,39c85048d1e3853bc9522da071663b3da4b5f98df293544f140c356b4c9a081b,REVIEW_REQUIRED,ORIGINALITY_AND_LICENSE_REVIEW,pending-review
mrg_v25_historical,workspace/evidence/platform/v25_8_platform_rc1_20260711_165838_display1_keepstdin/phases/candidate_cold_smoke_10m/global_yolo_status.json,.json,35559,39906513142636c258a68e80fabd7df6e981b96e004845976142cf57ad30ff52,REVIEW_REQUIRED,ORIGINALITY_AND_LICENSE_REVIEW,pending-review
mrg_v25_historical,workspace/evidence/platform/v25_8_platform_rc1_20260711_165838_display1_keepstdin/phases/candidate_cold_smoke_10m/global_yolo_worker_0_status.json,.json,17366,ae5f4dbb1d4f098a5ff994259f6b0416f72a6eeb7b700eda0f3f4b2acf5b1c8c,REVIEW_REQUIRED,ORIGINALITY_AND_LICENSE_REVIEW,pending-review
mrg_v25_historical,workspace/evidence/platform/v25_8_platform_rc1_20260711_165838_display1_keepstdin/phases/candidate_cold_smoke_10m/global_yolo_worker_1_status.json,.json,17039,6997cbdd07c376bb704d757cd87b68de1c7efb32118832fa48c3a15f3b00e143,REVIEW_REQUIRED,ORIGINALITY_AND_LICENSE_REVIEW,pending-review
mrg_v25_historical,workspace/evidence/platform/v25_8_platform_rc1_20260711_165838_display1_keepstdin/phases/candidate_cold_smoke_10m/phase_meta.json,.json,11235,5dc201f5b5887485f50fe3cc348879aebc03e41c27c4fac40679fa3ad827e056,REVIEW_REQUIRED,ORIGINALITY_AND_LICENSE_REVIEW,pending-review
mrg_v25_historical,workspace/evidence/platform/v25_8_platform_rc1_20260711_165838_display1_keepstdin/phases/candidate_cold_smoke_10m/platform_phase_report.json,.json,14267,133ca4915c54fb92e637e25997cef4528c7b0397b0a922f4487f98fc3dd937ea,REVIEW_REQUIRED,ORIGINALITY_AND_LICENSE_REVIEW,pending-review
mrg_v25_historical,workspace/evidence/platform/v25_8_platform_rc1_20260711_165838_display1_keepstdin/phases/candidate_cold_smoke_10m/pre_existing/preamble_plan_latest.json,.json,412,603423c9e8818368485ffe71454a8ef14993bc15c5d0c2df974cdbb169815c5e,REVIEW_REQUIRED,ORIGINALITY_AND_LICENSE_REVIEW,pending-review
mrg_v25_historical,workspace/evidence/platform/v25_8_platform_rc1_20260711_165838_display1_keepstdin/phases/candidate_cold_smoke_10m/pre_existing/sync_epoch_latest.json,.json,4662,893a20c227347fe451ac5857b39eddc5e0a613237d5581fb9142e6bb49d1c1c7,REVIEW_REQUIRED,ORIGINALITY_AND_LICENSE_REVIEW,pending-review
mrg_v25_historical,workspace/evidence/platform/v25_8_platform_rc1_20260711_165838_display1_keepstdin/phases/candidate_cold_smoke_10m/profile_candidate.json,.json,29210,e0b7e1d74524f6c069b377269e504c9ca016901a71c6977fbf890ec3d69bb4e8,REVIEW_REQUIRED,ORIGINALITY_AND_LICENSE_REVIEW,pending-review
mrg_v25_historical,workspace/evidence/platform/v25_8_platform_rc1_20260711_165838_display1_keepstdin/phases/candidate_cold_smoke_10m/profile_patch_report.json,.json,1642,ca9977c30a782302e95b1fb5acedb724285654876dc45c1c1dccd8d007cc6304,REVIEW_REQUIRED,ORIGINALITY_AND_LICENSE_REVIEW,pending-review
mrg_v25_historical,workspace/evidence/platform/v25_8_platform_rc1_20260711_165838_display1_keepstdin/phases/candidate_cold_smoke_10m/shadow_sync_rings/event_sync_map_ring_A.json,.json,97933,f7afade3923327f57ce860e9eb2dad1130bf139f8a7630573ce263b0763185aa,REVIEW_REQUIRED,ORIGINALITY_AND_LICENSE_REVIEW,pending-review
mrg_v25_historical,workspace/evidence/platform/v25_8_platform_rc1_20260711_165838_display1_keepstdin/phases/candidate_cold_smoke_10m/shadow_sync_rings/event_sync_map_ring_B.json,.json,97933,72efc8e8c5cb5cc353aa72c05ed2a9feb35663a16e0a447d2e11faca42484852,REVIEW_REQUIRED,ORIGINALITY_AND_LICENSE_REVIEW,pending-review
mrg_v25_historical,workspace/evidence/platform/v25_8_platform_rc1_20260711_165838_display1_keepstdin/phases/candidate_cold_smoke_10m/shadow_sync_rings/event_sync_map_ring_C.json,.json,97933,709839f9d2939ea5eff8cb73b7cc021a37357c6690721eadb6e5f14175afcd2f,REVIEW_REQUIRED,ORIGINALITY_AND_LICENSE_REVIEW,pending-review
mrg_v25_historical,workspace/evidence/platform/v25_8_platform_rc1_20260711_165838_display1_keepstdin/phases/candidate_cold_smoke_10m/shadow_sync_rings/event_sync_map_ring_D.json,.json,97933,d79fce7160d105de47b5c7e0131ab0c37e2f4b65e74041c16ac5ab1bef120a75,REVIEW_REQUIRED,ORIGINALITY_AND_LICENSE_REVIEW,pending-review
mrg_v25_historical,workspace/evidence/platform/v25_8_platform_rc1_20260711_165838_display1_keepstdin/phases/candidate_cold_smoke_10m/shadow_sync_rings/event_sync_map_ring_E.json,.json,97933,406fc045882596b8b93339f8ea539a2ee5c182e417a7f9e5384238a80c8cca82,REVIEW_REQUIRED,ORIGINALITY_AND_LICENSE_REVIEW,pending-review
mrg_v25_historical,workspace/evidence/platform/v25_8_platform_rc1_20260711_165838_display1_keepstdin/phases/candidate_cold_smoke_10m/shadow_sync_rings/event_sync_map_ring_F.json,.json,97933,d7795f6550a96c943e3bcc5acb4e232b2126008e2e5ffcec139a9111ec61d62b,REVIEW_REQUIRED,ORIGINALITY_AND_LICENSE_REVIEW,pending-review
mrg_v25_historical,workspace/evidence/platform/v25_8_platform_rc1_20260711_165838_display1_keepstdin/phases/candidate_cold_smoke_10m/shadow_sync_rings/event_sync_map_ring_G.json,.json,97933,d48e2c61421f260e0f24e5c08da5d62e7340bd92bdcec5cf221a26728208c0af,REVIEW_REQUIRED,ORIGINALITY_AND_LICENSE_REVIEW,pending-review
mrg_v25_historical,workspace/evidence/platform/v25_8_platform_rc1_20260711_165838_display1_keepstdin/phases/candidate_cold_smoke_10m/shadow_sync_rings/event_sync_map_ring_H.json,.json,97933,645370d1823e6aa37ebbae5c236e91dffeb8b31d7f98e2e7414c879cc6d83b32,REVIEW_REQUIRED,ORIGINALITY_AND_LICENSE_REVIEW,pending-review
mrg_v25_historical,workspace/evidence/platform/v25_8_platform_rc1_20260711_165838_display1_keepstdin/phases/candidate_cold_smoke_10m/sparse_projection_fixture.json,.json,9315,20acd0876477bbc2aa0af46d36a7de1ca105c8c4f6c13a55f26f54725106d661,REVIEW_REQUIRED,ORIGINALITY_AND_LICENSE_REVIEW,pending-review
mrg_v25_historical,workspace/evidence/platform/v25_8_platform_rc1_20260711_165838_display1_keepstdin/phases/candidate_cold_smoke_10m/sync_epoch_latest.json,.json,4654,433001f2fcb6b45ee642850ab95aa2e6bf5d52a2dc335b8855a4afd57c2dc60c,REVIEW_REQUIRED,ORIGINALITY_AND_LICENSE_REVIEW,pending-review
mrg_v25_historical,workspace/evidence/platform/v25_8_platform_rc1_20260711_165838_display1_keepstdin/phases/candidate_cold_smoke_10m/system_status_latest.json,.json,904411,0e5106e2e4a63c2ac9a1d66e2474a51d3e1fa2e640d6a7bda85bed681581bf00,REVIEW_REQUIRED,ORIGINALITY_AND_LICENSE_REVIEW,pending-review
mrg_v25_historical,workspace/evidence/platform/v25_8_platform_rc1_20260711_165838_display1_keepstdin/phases/candidate_cold_smoke_10m/trigger_status.json,.json,678,2615b3652a30c7a4afd529b0ee1c50815a5842bb217f3ea4d5dae2640aece9b2,REVIEW_REQUIRED,ORIGINALITY_AND_LICENSE_REVIEW,pending-review
mrg_v25_historical,workspace/evidence/platform/v25_8_platform_rc1_20260711_165838_display1_keepstdin/phases/candidate_cold_smoke_10m/v25_8_r3_report.json,.json,2560,0817fd91c1580f8035864dcdbcd7d9dd2393be3b23a9c43d4d4ea9b6d76484e6,REVIEW_REQUIRED,ORIGINALITY_AND_LICENSE_REVIEW,pending-review
mrg_v25_historical,workspace/evidence/platform/v25_8_platform_rc1_20260711_165838_display1_keepstdin/phases/candidate_cold_smoke_10m/v25_8_r4_report.json,.json,8444,50c6b99016f7d275badc58e02beb83515676646c25b32490f9f51702194c6232,REVIEW_REQUIRED,ORIGINALITY_AND_LICENSE_REVIEW,pending-review
mrg_v25_historical,workspace/evidence/platform/v25_8_platform_rc1_20260711_165838_display1_keepstdin/phases/candidate_cold_smoke_10m/v25_live_shadow/combat/status.json,.json,1504,93c517f3e66e2181a82f379c294d2b32296e3e92c2ae9a67844a072dba811fe7,REVIEW_REQUIRED,ORIGINALITY_AND_LICENSE_REVIEW,pending-review
mrg_v25_historical,workspace/evidence/platform/v25_8_platform_rc1_20260711_165838_display1_keepstdin/phases/candidate_cold_smoke_10m/v25_live_shadow/game_bridge/status.json,.json,1727,30b39f27cbc7822e4e81d58c74204a9ceeb45735f66f3820fe7cbf228343d547,REVIEW_REQUIRED,ORIGINALITY_AND_LICENSE_REVIEW,pending-review
mrg_v25_historical,workspace/evidence/platform/v25_8_platform_rc1_20260711_165838_display1_keepstdin/phases/candidate_cold_smoke_10m/v25_live_shadow/visualization/latest.json,.json,1589,ed7f0aec73501670174b4d1a666a77e1ab79611cd1fd488c270c32ce74aed0e9,REVIEW_REQUIRED,ORIGINALITY_AND_LICENSE_REVIEW,pending-review
mrg_v25_historical,workspace/evidence/platform/v25_8_platform_rc1_20260711_165838_display1_keepstdin/phases/candidate_cold_smoke_10m/v25_live_shadow/visualization/status.json,.json,702,72c9aa9a60901d16ac98bdbaf7a03483d4e6f2e203c7c6df10352f9c38113e4c,REVIEW_REQUIRED,ORIGINALITY_AND_LICENSE_REVIEW,pending-review
mrg_v25_historical,workspace/evidence/platform/v25_8_platform_rc1_20260711_165838_display1_keepstdin/phases/candidate_cold_smoke_10m/v25_shadow_sync/mrg_sync_engine_status.json,.json,6140,d167dd8f14b5438c19e916f056c112130a270f023632a9e43b97cdb29d76af8d,REVIEW_REQUIRED,ORIGINALITY_AND_LICENSE_REVIEW,pending-review
mrg_v25_historical,workspace/evidence/platform/v25_8_platform_rc1_20260711_165838_display1_keepstdin/phases/candidate_cold_smoke_10m/v25_shadow_sync/sequence_sync_map_A_latest.json,.json,558,7a6accc8c5d546f01966defa393da6a813cdce382723a57da1dbb7f74ccf23a1,REVIEW_REQUIRED,ORIGINALITY_AND_LICENSE_REVIEW,pending-review
mrg_v25_historical,workspace/evidence/platform/v25_8_platform_rc1_20260711_165838_display1_keepstdin/phases/candidate_cold_smoke_10m/v25_shadow_sync/sequence_sync_map_B_latest.json,.json,558,de5bc916c5c437dbf09faa00a6468c0a883511ff0835d8ba270602b6ac7ee1ea,REVIEW_REQUIRED,ORIGINALITY_AND_LICENSE_REVIEW,pending-review
mrg_v25_historical,workspace/evidence/platform/v25_8_platform_rc1_20260711_165838_display1_keepstdin/phases/candidate_cold_smoke_10m/v25_shadow_sync/sequence_sync_map_C_latest.json,.json,558,0a68dca0198cad332a6b6c0e25fc2c05ac262b0cfc3ad22ace1d7c444ff00768,REVIEW_REQUIRED,ORIGINALITY_AND_LICENSE_REVIEW,pending-review
mrg_v25_historical,workspace/evidence/platform/v25_8_platform_rc1_20260711_165838_display1_keepstdin/phases/candidate_cold_smoke_10m/v25_shadow_sync/sequence_sync_map_D_latest.json,.json,558,cf51fa20d1a1c3837c8d0a261bc80132b844d61d04008e8a87969db840b6e139,REVIEW_REQUIRED,ORIGINALITY_AND_LICENSE_REVIEW,pending-review
mrg_v25_historical,workspace/evidence/platform/v25_8_platform_rc1_20260711_165838_display1_keepstdin/phases/candidate_cold_smoke_10m/v25_shadow_sync/sequence_sync_map_E_latest.json,.json,558,2bcc07f19ccb0b7e5c56ec29070c94bf8fc7c84db0f97b4f8774559d2e4dfaf6,REVIEW_REQUIRED,ORIGINALITY_AND_LICENSE_REVIEW,pending-review
mrg_v25_historical,workspace/evidence/platform/v25_8_platform_rc1_20260711_165838_display1_keepstdin/phases/candidate_cold_smoke_10m/v25_shadow_sync/sequence_sync_map_F_latest.json,.json,558,b263c7eca72a93c1d18b3ec829b396d17d28405faf033cff4f6167cf7170f82a,REVIEW_REQUIRED,ORIGINALITY_AND_LICENSE_REVIEW,pending-review
mrg_v25_historical,workspace/evidence/platform/v25_8_platform_rc1_20260711_165838_display1_keepstdin/phases/candidate_cold_smoke_10m/v25_shadow_sync/sequence_sync_map_G_latest.json,.json,558,e46b040f9c33880caaae2b34c5e97ae15742f6601ef3fd9441a4a66f4ecac0f4,REVIEW_REQUIRED,ORIGINALITY_AND_LICENSE_REVIEW,pending-review
mrg_v25_historical,workspace/evidence/platform/v25_8_platform_rc1_20260711_165838_display1_keepstdin/phases/candidate_cold_smoke_10m/v25_shadow_sync/sequence_sync_map_H_latest.json,.json,558,96d5cbb436505ff07625893e7e5150c867f693da942d21b83d13ed27639c1433,REVIEW_REQUIRED,ORIGINALITY_AND_LICENSE_REVIEW,pending-review
mrg_v25_historical,workspace/evidence/platform/v25_8_platform_rc1_20260711_165838_display1_keepstdin/phases/candidate_cold_smoke_10m/v25_shadow_sync/v25_5_c2_report.json,.json,6682,2a222291e099dbebcb9e5f638a6b89d5fc0b6021dc8f4fbf9104d17524dd7fc9,REVIEW_REQUIRED,ORIGINALITY_AND_LICENSE_REVIEW,pending-review
mrg_v25_historical,workspace/evidence/platform/v25_8_platform_rc1_20260711_165838_display1_keepstdin/pre_existing/legacy_patch/global_bev_fusion_renderer.py,.py,568207,6493f774ea7fbe4089f4978f195828ed49f4153a6d21071e6428ba9ce395bb77,REVIEW_REQUIRED,ORIGINALITY_AND_LICENSE_REVIEW,pending-review
mrg_v25_historical,workspace/evidence/platform/v25_8_platform_rc1_20260711_165838_display1_keepstdin/pre_existing/legacy_patch/global_yolo_infer_server.py,.py,138834,53d9c450ad0f670e6a3f28427ae28810028f12bed70eaa67cca959ad3cc84eab,REVIEW_REQUIRED,ORIGINALITY_AND_LICENSE_REVIEW,pending-review
mrg_v25_historical,workspace/evidence/platform/v25_8_platform_rc1_20260711_165838_display1_keepstdin/pre_existing/legacy_patch/global_yolo_merge_publisher.py,.py,31695,f026e019a553bd24dd9a78147f2f76472fe76f7afa8f9aa1f06370843e964aa2,REVIEW_REQUIRED,ORIGINALITY_AND_LICENSE_REVIEW,pending-review
mrg_v25_historical,workspace/evidence/platform/v25_8_platform_rc1_20260711_165838_display1_keepstdin/pre_existing/legacy_patch/launch_fusion_system.py,.py,260519,5661b308509a797801acca7b0df68e13fa073bcc2927d96705bbef45f5e45dae,REVIEW_REQUIRED,ORIGINALITY_AND_LICENSE_REVIEW,pending-review
mrg_v25_historical,workspace/evidence/platform/v25_8_platform_rc1_20260711_165838_display1_keepstdin/pre_existing/legacy_patch/mvs_trigger_coordinator.py,.py,17194,7237b484ebdf189825bb8d95e6f54d63599f23a4ee1921aa676bb315d85dc7fb,REVIEW_REQUIRED,ORIGINALITY_AND_LICENSE_REVIEW,pending-review
mrg_v25_historical,workspace/evidence/platform/v25_8_platform_rc1_20260711_165838_display1_keepstdin/pre_existing/legacy_patch/pyopengl_cuda_preview_renderer.py,.py,674332,a84e1d34610413ecb4949a79826ead297013abe9a9495a55cbb1c71a77a58c76,REVIEW_REQUIRED,ORIGINALITY_AND_LICENSE_REVIEW,pending-review
mrg_v25_historical,workspace/evidence/platform/v25_8_platform_rc1_20260711_165838_display1_keepstdin/preflight_processes.json,.json,36,f76bfa8faa6e40432b203614facfc26014a2739b6ab3b334a738b1cdab20eb07,REVIEW_REQUIRED,ORIGINALITY_AND_LICENSE_REVIEW,pending-review
mrg_v25_historical,workspace/evidence/platform/v25_8_platform_rc1_20260711_165838_display1_keepstdin/v25_platform_report.json,.json,299,4eaa045151567ca69c594c2a7e9fb0cef9ba5261ac4d04e2ba52b7c84966dc52,REVIEW_REQUIRED,ORIGINALITY_AND_LICENSE_REVIEW,pending-review
mrg_v25_historical,workspace/evidence/platform/v25_8_platform_rc1_20260711_172727_display1_keepstdin/candidate_patch_manifest.json,.json,3203,4f9700eaf0c9f6938857d3366a3654b996a1cfb65d7c104d949b57f27fe20da2,REVIEW_REQUIRED,ORIGINALITY_AND_LICENSE_REVIEW,pending-review
mrg_v25_historical,workspace/evidence/platform/v25_8_platform_rc1_20260711_172727_display1_keepstdin/final_residual_processes.json,.json,36,f76bfa8faa6e40432b203614facfc26014a2739b6ab3b334a738b1cdab20eb07,REVIEW_REQUIRED,ORIGINALITY_AND_LICENSE_REVIEW,pending-review
mrg_v25_historical,workspace/evidence/platform/v25_8_platform_rc1_20260711_172727_display1_keepstdin/freeze_verification.json,.json,55559,b81572cd25516f5271fab88e958af3e3c82954287af68c59cef0e4fd2d97a4c9,REVIEW_REQUIRED,ORIGINALITY_AND_LICENSE_REVIEW,pending-review
mrg_v25_historical,workspace/evidence/platform/v25_8_platform_rc1_20260711_172727_display1_keepstdin/offline/v25_4/fixtures/fixture_catalog.json,.json,1989,bfa7a27523a481c041d4324e9ffd009c6a0aa61c2d93e6922c1918704bf96d0b,REVIEW_REQUIRED,ORIGINALITY_AND_LICENSE_REVIEW,pending-review
mrg_v25_historical,workspace/evidence/platform/v25_8_platform_rc1_20260711_172727_display1_keepstdin/offline/v25_4/v25_4_d_integration_report.json,.json,17602,79bd2e80930444c7bfe1ab32f55be90605bd0840861b81ce8113bb50af42d518,REVIEW_REQUIRED,ORIGINALITY_AND_LICENSE_REVIEW,pending-review
mrg_v25_historical,workspace/evidence/platform/v25_8_platform_rc1_20260711_172727_display1_keepstdin/offline/v25_5/v25_shadow/fixtures/fixture_catalog.json,.json,3465,6d8d33a25ead79e8c13a785cdf5d505823100a2ce4874471aeaed7c1b398cc5f,REVIEW_REQUIRED,ORIGINALITY_AND_LICENSE_REVIEW,pending-review
mrg_v25_historical,workspace/evidence/platform/v25_8_platform_rc1_20260711_172727_display1_keepstdin/offline/v25_5/v25_shadow/system_status_latest.json,.json,2245,02abfc9b68cfc18e20731999c6396d6a047a0cc4782cdbc3d311bb473693b5f5,REVIEW_REQUIRED,ORIGINALITY_AND_LICENSE_REVIEW,pending-review
mrg_v25_historical,workspace/evidence/platform/v25_8_platform_rc1_20260711_172727_display1_keepstdin/offline/v25_5/v25_shadow/v25_5_d_integration_report.json,.json,14065,7165afac685d00bcd5894a6e88e235247314337ad2bcde9c9c051984de1dd23f,REVIEW_REQUIRED,ORIGINALITY_AND_LICENSE_REVIEW,pending-review
mrg_v25_historical,workspace/evidence/platform/v25_8_platform_rc1_20260711_172727_display1_keepstdin/phases/aba_legacy_a1_5m/event_overlay_overview_status.json,.json,9941,15492288c65f1c2784a2ef5b152c68a7d4a92b6ef2c188fe1ebd44a4467b1bcf,REVIEW_REQUIRED,ORIGINALITY_AND_LICENSE_REVIEW,pending-review
mrg_v25_historical,workspace/evidence/platform/v25_8_platform_rc1_20260711_172727_display1_keepstdin/phases/aba_legacy_a1_5m/global_bev_status.json,.json,253389,cddb204ff01907945fb3ec2c757aff4ca85442cafa6946de75a9aea5519fee37,REVIEW_REQUIRED,ORIGINALITY_AND_LICENSE_REVIEW,pending-review
mrg_v25_historical,workspace/evidence/platform/v25_8_platform_rc1_20260711_172727_display1_keepstdin/phases/aba_legacy_a1_5m/global_yolo_status.json,.json,35816,5ac23584cfad4ed2114e18b041414c3f9c4e20b8c360f6df7772c940ceef5431,REVIEW_REQUIRED,ORIGINALITY_AND_LICENSE_REVIEW,pending-review
mrg_v25_historical,workspace/evidence/platform/v25_8_platform_rc1_20260711_172727_display1_keepstdin/phases/aba_legacy_a1_5m/global_yolo_worker_0_status.json,.json,16898,4c0d0bdc2fc89646e92aa48f42df7ce2e2dcc37d47990bbf5ea65213f9ea62e3,REVIEW_REQUIRED,ORIGINALITY_AND_LICENSE_REVIEW,pending-review
mrg_v25_historical,workspace/evidence/platform/v25_8_platform_rc1_20260711_172727_display1_keepstdin/phases/aba_legacy_a1_5m/global_yolo_worker_1_status.json,.json,16734,6daaca126152169a05abb3beef36fb6980a7624b72da2c16b0b626688e1102ae,REVIEW_REQUIRED,ORIGINALITY_AND_LICENSE_REVIEW,pending-review
mrg_v25_historical,workspace/evidence/platform/v25_8_platform_rc1_20260711_172727_display1_keepstdin/phases/aba_legacy_a1_5m/phase_meta.json,.json,1030,903c370714941bfe02ee9327be5fa8923073e9bf6961b9e4f7f4ca53e9bd8ab2,REVIEW_REQUIRED,ORIGINALITY_AND_LICENSE_REVIEW,pending-review
mrg_v25_historical,workspace/evidence/platform/v25_8_platform_rc1_20260711_172727_display1_keepstdin/phases/aba_legacy_a1_5m/platform_phase_report.json,.json,3301,0226cf1fa2e2559b1629467ada1fe1077d7c4988fe8fd2b8c03973bb8c5216b0,REVIEW_REQUIRED,ORIGINALITY_AND_LICENSE_REVIEW,pending-review
mrg_v25_historical,workspace/evidence/platform/v25_8_platform_rc1_20260711_172727_display1_keepstdin/phases/aba_legacy_a1_5m/pre_existing/preamble_plan_latest.json,.json,412,7fc6e7ef9682bd44d6197ad2ceafc51e672828041e1c14468683e5817badc3c4,REVIEW_REQUIRED,ORIGINALITY_AND_LICENSE_REVIEW,pending-review
mrg_v25_historical,workspace/evidence/platform/v25_8_platform_rc1_20260711_172727_display1_keepstdin/phases/aba_legacy_a1_5m/pre_existing/sync_epoch_latest.json,.json,4693,15272845eb12b7b2c0afa7e91c511c810b48c24cb7abf9fd8a8935610bef23a7,REVIEW_REQUIRED,ORIGINALITY_AND_LICENSE_REVIEW,pending-review
mrg_v25_historical,workspace/evidence/platform/v25_8_platform_rc1_20260711_172727_display1_keepstdin/phases/aba_legacy_a1_5m/system_status_latest.json,.json,1064467,7f451308f3484f68b5d2e2b49b8ab0a34c0e624ba1d4a78e510e607f93653b40,REVIEW_REQUIRED,ORIGINALITY_AND_LICENSE_REVIEW,pending-review
mrg_v25_historical,workspace/evidence/platform/v25_8_platform_rc1_20260711_172727_display1_keepstdin/phases/aba_legacy_a1_5m/trigger_status.json,.json,52,39c90dc0f99da9506fcf1752305ad6b009641397576144f02b25b8861e6f90c9,REVIEW_REQUIRED,ORIGINALITY_AND_LICENSE_REVIEW,pending-review
mrg_v25_historical,workspace/evidence/platform/v25_8_platform_rc1_20260711_172727_display1_keepstdin/phases/candidate_cold_smoke_10m/event_overlay_overview_status.json,.json,10440,cacc0510ae22533eeedf2f509f925d71ccef49d7692cd3fc2e9e9ef416f76bd9,REVIEW_REQUIRED,ORIGINALITY_AND_LICENSE_REVIEW,pending-review
mrg_v25_historical,workspace/evidence/platform/v25_8_platform_rc1_20260711_172727_display1_keepstdin/phases/candidate_cold_smoke_10m/global_bev_status.json,.json,216087,144bd487481339266494bf0045c55260f090ca2dcd0d798453cea1a1209624d7,REVIEW_REQUIRED,ORIGINALITY_AND_LICENSE_REVIEW,pending-review
mrg_v25_historical,workspace/evidence/platform/v25_8_platform_rc1_20260711_172727_display1_keepstdin/phases/candidate_cold_smoke_10m/global_yolo_status.json,.json,35588,700d6a3f98334c36cedc31c83a85498068ab58dc4c338de036340d2e4e9ba6e0,REVIEW_REQUIRED,ORIGINALITY_AND_LICENSE_REVIEW,pending-review
mrg_v25_historical,workspace/evidence/platform/v25_8_platform_rc1_20260711_172727_display1_keepstdin/phases/candidate_cold_smoke_10m/global_yolo_worker_0_status.json,.json,17371,71e728bd2ef95aeffd08d0283d39a0239b91ecb1101d0c4c99007589cc174f9f,REVIEW_REQUIRED,ORIGINALITY_AND_LICENSE_REVIEW,pending-review
mrg_v25_historical,workspace/evidence/platform/v25_8_platform_rc1_20260711_172727_display1_keepstdin/phases/candidate_cold_smoke_10m/global_yolo_worker_1_status.json,.json,17064,3a2520a742c62a8cf444bf0c2aa9de7171028518a15f344e1e783cb3f076c638,REVIEW_REQUIRED,ORIGINALITY_AND_LICENSE_REVIEW,pending-review
mrg_v25_historical,workspace/evidence/platform/v25_8_platform_rc1_20260711_172727_display1_keepstdin/phases/candidate_cold_smoke_10m/phase_meta.json,.json,11235,871e8881d27f40903368de2b31032c915319dbd9b87619c8b0be4f36832024b1,REVIEW_REQUIRED,ORIGINALITY_AND_LICENSE_REVIEW,pending-review
mrg_v25_historical,workspace/evidence/platform/v25_8_platform_rc1_20260711_172727_display1_keepstdin/phases/candidate_cold_smoke_10m/platform_phase_report.json,.json,14244,ce15bf8513da384eb752564ea9c8134764cfc5e6b9ad0a7bbedb1050b5d8c574,REVIEW_REQUIRED,ORIGINALITY_AND_LICENSE_REVIEW,pending-review
mrg_v25_historical,workspace/evidence/platform/v25_8_platform_rc1_20260711_172727_display1_keepstdin/phases/candidate_cold_smoke_10m/pre_existing/preamble_plan_latest.json,.json,412,bc8c9ec384ed835cc667cf935517d1a72135115a9f3d25d921d53965abaaf4d4,REVIEW_REQUIRED,ORIGINALITY_AND_LICENSE_REVIEW,pending-review
mrg_v25_historical,workspace/evidence/platform/v25_8_platform_rc1_20260711_172727_display1_keepstdin/phases/candidate_cold_smoke_10m/pre_existing/sync_epoch_latest.json,.json,4654,433001f2fcb6b45ee642850ab95aa2e6bf5d52a2dc335b8855a4afd57c2dc60c,REVIEW_REQUIRED,ORIGINALITY_AND_LICENSE_REVIEW,pending-review
mrg_v25_historical,workspace/evidence/platform/v25_8_platform_rc1_20260711_172727_display1_keepstdin/phases/candidate_cold_smoke_10m/profile_candidate.json,.json,29247,1bb97c44d6d27c6a08a8808f0b9fc732eb114287dcf24bbdd1a4122cdd15c7cc,REVIEW_REQUIRED,ORIGINALITY_AND_LICENSE_REVIEW,pending-review
mrg_v25_historical,workspace/evidence/platform/v25_8_platform_rc1_20260711_172727_display1_keepstdin/phases/candidate_cold_smoke_10m/profile_patch_report.json,.json,1716,e576939eaf927f438ea2c8f49c683c68cd6adbc0e7d8c7f9fa8a39699e531d92,REVIEW_REQUIRED,ORIGINALITY_AND_LICENSE_REVIEW,pending-review
mrg_v25_historical,workspace/evidence/platform/v25_8_platform_rc1_20260711_172727_display1_keepstdin/phases/candidate_cold_smoke_10m/shadow_sync_rings/event_sync_map_ring_A.json,.json,97933,4384c1bc2518be930dee54998f227bd08e5b070ab66cdc03f733ac07a181786a,REVIEW_REQUIRED,ORIGINALITY_AND_LICENSE_REVIEW,pending-review
mrg_v25_historical,workspace/evidence/platform/v25_8_platform_rc1_20260711_172727_display1_keepstdin/phases/candidate_cold_smoke_10m/shadow_sync_rings/event_sync_map_ring_B.json,.json,97933,ec5f1b4f681cb3de0a196fcccfd1e19b643dbbdcc3c831097af3f476bfb404d6,REVIEW_REQUIRED,ORIGINALITY_AND_LICENSE_REVIEW,pending-review
mrg_v25_historical,workspace/evidence/platform/v25_8_platform_rc1_20260711_172727_display1_keepstdin/phases/candidate_cold_smoke_10m/shadow_sync_rings/event_sync_map_ring_C.json,.json,97933,4de1a24dfb5aa2fa0c3e8cc4b17c1ea40396d01e6a8796110a0abe656fe786c9,REVIEW_REQUIRED,ORIGINALITY_AND_LICENSE_REVIEW,pending-review
mrg_v25_historical,workspace/evidence/platform/v25_8_platform_rc1_20260711_172727_display1_keepstdin/phases/candidate_cold_smoke_10m/shadow_sync_rings/event_sync_map_ring_D.json,.json,97933,101e469bffe2ff8aa0f7b58458ae0f87d08290f26d04dbb3facf2b11aee53566,REVIEW_REQUIRED,ORIGINALITY_AND_LICENSE_REVIEW,pending-review
mrg_v25_historical,workspace/evidence/platform/v25_8_platform_rc1_20260711_172727_display1_keepstdin/phases/candidate_cold_smoke_10m/shadow_sync_rings/event_sync_map_ring_E.json,.json,97933,ca42dab560e88a39f06dd4dc8bc7c77ff19df7d7b80cd95084d256e6adeee305,REVIEW_REQUIRED,ORIGINALITY_AND_LICENSE_REVIEW,pending-review
mrg_v25_historical,workspace/evidence/platform/v25_8_platform_rc1_20260711_172727_display1_keepstdin/phases/candidate_cold_smoke_10m/shadow_sync_rings/event_sync_map_ring_F.json,.json,97933,863c09ebd52571236356bdf3e88a2a9bc0beefbb1e7836ea9a08603f1e58c173,REVIEW_REQUIRED,ORIGINALITY_AND_LICENSE_REVIEW,pending-review
mrg_v25_historical,workspace/evidence/platform/v25_8_platform_rc1_20260711_172727_display1_keepstdin/phases/candidate_cold_smoke_10m/shadow_sync_rings/event_sync_map_ring_G.json,.json,97933,e7801c96d6c8f52191d704a16a30f9b68c1098d91d13c47c65dc6e9f5f3e2d3c,REVIEW_REQUIRED,ORIGINALITY_AND_LICENSE_REVIEW,pending-review
mrg_v25_historical,workspace/evidence/platform/v25_8_platform_rc1_20260711_172727_display1_keepstdin/phases/candidate_cold_smoke_10m/shadow_sync_rings/event_sync_map_ring_H.json,.json,97933,f406dcd078c0903b6d66565309ad051a9d006a669a36ec9c2d56dacf4f2fd641,REVIEW_REQUIRED,ORIGINALITY_AND_LICENSE_REVIEW,pending-review
mrg_v25_historical,workspace/evidence/platform/v25_8_platform_rc1_20260711_172727_display1_keepstdin/phases/candidate_cold_smoke_10m/sparse_projection_fixture.json,.json,9315,20acd0876477bbc2aa0af46d36a7de1ca105c8c4f6c13a55f26f54725106d661,REVIEW_REQUIRED,ORIGINALITY_AND_LICENSE_REVIEW,pending-review
mrg_v25_historical,workspace/evidence/platform/v25_8_platform_rc1_20260711_172727_display1_keepstdin/phases/candidate_cold_smoke_10m/sync_epoch_latest.json,.json,4693,15272845eb12b7b2c0afa7e91c511c810b48c24cb7abf9fd8a8935610bef23a7,REVIEW_REQUIRED,ORIGINALITY_AND_LICENSE_REVIEW,pending-review
mrg_v25_historical,workspace/evidence/platform/v25_8_platform_rc1_20260711_172727_display1_keepstdin/phases/candidate_cold_smoke_10m/system_status_latest.json,.json,930951,5408561177e5e320fcb9cd3a7a267b1baeeb55c912046ce5370ba919e62b0961,REVIEW_REQUIRED,ORIGINALITY_AND_LICENSE_REVIEW,pending-review
mrg_v25_historical,workspace/evidence/platform/v25_8_platform_rc1_20260711_172727_display1_keepstdin/phases/candidate_cold_smoke_10m/trigger_status.json,.json,682,af92b59745f06819e9a09152ad33869ab5a71d87303cbb3b441627db6e3d4b1d,REVIEW_REQUIRED,ORIGINALITY_AND_LICENSE_REVIEW,pending-review
mrg_v25_historical,workspace/evidence/platform/v25_8_platform_rc1_20260711_172727_display1_keepstdin/phases/candidate_cold_smoke_10m/v25_8_r3_report.json,.json,2568,cd8958961fa270ba2f9345bc06807a87d9b7a776abb8ad8356877a3cd09a7b15,REVIEW_REQUIRED,ORIGINALITY_AND_LICENSE_REVIEW,pending-review
mrg_v25_historical,workspace/evidence/platform/v25_8_platform_rc1_20260711_172727_display1_keepstdin/phases/candidate_cold_smoke_10m/v25_8_r4_report.json,.json,8411,ad2d8e1824367b2a1968c6e740baa1ab1ea4001f476525775f44f1daed15cc8b,REVIEW_REQUIRED,ORIGINALITY_AND_LICENSE_REVIEW,pending-review
mrg_v25_historical,workspace/evidence/platform/v25_8_platform_rc1_20260711_172727_display1_keepstdin/phases/candidate_cold_smoke_10m/v25_live_shadow/combat/status.json,.json,1504,f27c0ee74fe054c8b3fc6bde5ba4c4f571d95aad13619d9dba2a690f5311e99f,REVIEW_REQUIRED,ORIGINALITY_AND_LICENSE_REVIEW,pending-review
mrg_v25_historical,workspace/evidence/platform/v25_8_platform_rc1_20260711_172727_display1_keepstdin/phases/candidate_cold_smoke_10m/v25_live_shadow/game_bridge/status.json,.json,1727,87b1235648e4f50865c392556e3ffca7b65371b5a36336bd49c18ee0ef13ba4d,REVIEW_REQUIRED,ORIGINALITY_AND_LICENSE_REVIEW,pending-review
mrg_v25_historical,workspace/evidence/platform/v25_8_platform_rc1_20260711_172727_display1_keepstdin/phases/candidate_cold_smoke_10m/v25_live_shadow/visualization/latest.json,.json,1632,685e53d903ce08a100cd29ffe87f6665e821eb102d4e29b786a9f324b186a14f,REVIEW_REQUIRED,ORIGINALITY_AND_LICENSE_REVIEW,pending-review
mrg_v25_historical,workspace/evidence/platform/v25_8_platform_rc1_20260711_172727_display1_keepstdin/phases/candidate_cold_smoke_10m/v25_live_shadow/visualization/status.json,.json,702,55cdd20ac26f0a6464f095104e910b7e7763cc5f0f19264c6ff0e8a0ffe9d5ae,REVIEW_REQUIRED,ORIGINALITY_AND_LICENSE_REVIEW,pending-review
mrg_v25_historical,workspace/evidence/platform/v25_8_platform_rc1_20260711_172727_display1_keepstdin/phases/candidate_cold_smoke_10m/v25_shadow_sync/mrg_sync_engine_status.json,.json,6142,a3da339921a5a313a6f757b2030f7ff9f293cd880c9944daaff52e3d02f6b9af,REVIEW_REQUIRED,ORIGINALITY_AND_LICENSE_REVIEW,pending-review
mrg_v25_historical,workspace/evidence/platform/v25_8_platform_rc1_20260711_172727_display1_keepstdin/phases/candidate_cold_smoke_10m/v25_shadow_sync/sequence_sync_map_A_latest.json,.json,558,20fe2df7342b0dbec803a2fdce0650732487226bf38fdee147853a1d88f49cf8,REVIEW_REQUIRED,ORIGINALITY_AND_LICENSE_REVIEW,pending-review
mrg_v25_historical,workspace/evidence/platform/v25_8_platform_rc1_20260711_172727_display1_keepstdin/phases/candidate_cold_smoke_10m/v25_shadow_sync/sequence_sync_map_B_latest.json,.json,558,6bdda5d44052e471e404fa709eff0c8e2f3c50a0249fde21363a66976b07688f,REVIEW_REQUIRED,ORIGINALITY_AND_LICENSE_REVIEW,pending-review
mrg_v25_historical,workspace/evidence/platform/v25_8_platform_rc1_20260711_172727_display1_keepstdin/phases/candidate_cold_smoke_10m/v25_shadow_sync/sequence_sync_map_C_latest.json,.json,558,30169e462c1131c8b772a81833705ef8390c796c07f0f746982f213d4a6046ff,REVIEW_REQUIRED,ORIGINALITY_AND_LICENSE_REVIEW,pending-review
mrg_v25_historical,workspace/evidence/platform/v25_8_platform_rc1_20260711_172727_display1_keepstdin/phases/candidate_cold_smoke_10m/v25_shadow_sync/sequence_sync_map_D_latest.json,.json,558,70d2ca65a30fe901eee600c4bd8ac876066e0823deab49e2d1efaa9d1add0416,REVIEW_REQUIRED,ORIGINALITY_AND_LICENSE_REVIEW,pending-review
mrg_v25_historical,workspace/evidence/platform/v25_8_platform_rc1_20260711_172727_display1_keepstdin/phases/candidate_cold_smoke_10m/v25_shadow_sync/sequence_sync_map_E_latest.json,.json,558,a4d951e7e5acfaa133d29e732ae3bf291891e6000cc85d70cb56bb354b7e9e11,REVIEW_REQUIRED,ORIGINALITY_AND_LICENSE_REVIEW,pending-review
mrg_v25_historical,workspace/evidence/platform/v25_8_platform_rc1_20260711_172727_display1_keepstdin/phases/candidate_cold_smoke_10m/v25_shadow_sync/sequence_sync_map_F_latest.json,.json,558,7d44a57f6555b37d551245a3dde4d4f52ba5f97cf7c33401e760f8ab4bd6fd04,REVIEW_REQUIRED,ORIGINALITY_AND_LICENSE_REVIEW,pending-review
mrg_v25_historical,workspace/evidence/platform/v25_8_platform_rc1_20260711_172727_display1_keepstdin/phases/candidate_cold_smoke_10m/v25_shadow_sync/sequence_sync_map_G_latest.json,.json,558,f0b28dbe88aa1557ada3e813ea9cd273e7b5b20e395a81be6b3b1705259c3cd4,REVIEW_REQUIRED,ORIGINALITY_AND_LICENSE_REVIEW,pending-review
mrg_v25_historical,workspace/evidence/platform/v25_8_platform_rc1_20260711_172727_display1_keepstdin/phases/candidate_cold_smoke_10m/v25_shadow_sync/sequence_sync_map_H_latest.json,.json,558,bc73643fe432c1cada0d95c23db6338b95e79bbe4c35ad5f5876feab1723a323,REVIEW_REQUIRED,ORIGINALITY_AND_LICENSE_REVIEW,pending-review
mrg_v25_historical,workspace/evidence/platform/v25_8_platform_rc1_20260711_172727_display1_keepstdin/phases/candidate_cold_smoke_10m/v25_shadow_sync/v25_5_c2_report.json,.json,6684,23f0fcfdda185e5272df7a59c95a203ef12ea4a1612a214c1aef8b3d3f290b6a,REVIEW_REQUIRED,ORIGINALITY_AND_LICENSE_REVIEW,pending-review
mrg_v25_historical,workspace/evidence/platform/v25_8_platform_rc1_20260711_172727_display1_keepstdin/pre_existing/legacy_patch/global_bev_fusion_renderer.py,.py,568207,6493f774ea7fbe4089f4978f195828ed49f4153a6d21071e6428ba9ce395bb77,REVIEW_REQUIRED,ORIGINALITY_AND_LICENSE_REVIEW,pending-review
mrg_v25_historical,workspace/evidence/platform/v25_8_platform_rc1_20260711_172727_display1_keepstdin/pre_existing/legacy_patch/global_yolo_infer_server.py,.py,138834,53d9c450ad0f670e6a3f28427ae28810028f12bed70eaa67cca959ad3cc84eab,REVIEW_REQUIRED,ORIGINALITY_AND_LICENSE_REVIEW,pending-review
mrg_v25_historical,workspace/evidence/platform/v25_8_platform_rc1_20260711_172727_display1_keepstdin/pre_existing/legacy_patch/global_yolo_merge_publisher.py,.py,31695,f026e019a553bd24dd9a78147f2f76472fe76f7afa8f9aa1f06370843e964aa2,REVIEW_REQUIRED,ORIGINALITY_AND_LICENSE_REVIEW,pending-review
mrg_v25_historical,workspace/evidence/platform/v25_8_platform_rc1_20260711_172727_display1_keepstdin/pre_existing/legacy_patch/launch_fusion_system.py,.py,260519,5661b308509a797801acca7b0df68e13fa073bcc2927d96705bbef45f5e45dae,REVIEW_REQUIRED,ORIGINALITY_AND_LICENSE_REVIEW,pending-review
mrg_v25_historical,workspace/evidence/platform/v25_8_platform_rc1_20260711_172727_display1_keepstdin/pre_existing/legacy_patch/mvs_trigger_coordinator.py,.py,17194,7237b484ebdf189825bb8d95e6f54d63599f23a4ee1921aa676bb315d85dc7fb,REVIEW_REQUIRED,ORIGINALITY_AND_LICENSE_REVIEW,pending-review
mrg_v25_historical,workspace/evidence/platform/v25_8_platform_rc1_20260711_172727_display1_keepstdin/pre_existing/legacy_patch/pyopengl_cuda_preview_renderer.py,.py,674332,a84e1d34610413ecb4949a79826ead297013abe9a9495a55cbb1c71a77a58c76,REVIEW_REQUIRED,ORIGINALITY_AND_LICENSE_REVIEW,pending-review
mrg_v25_historical,workspace/evidence/platform/v25_8_platform_rc1_20260711_172727_display1_keepstdin/preflight_processes.json,.json,36,f76bfa8faa6e40432b203614facfc26014a2739b6ab3b334a738b1cdab20eb07,REVIEW_REQUIRED,ORIGINALITY_AND_LICENSE_REVIEW,pending-review
mrg_v25_historical,workspace/evidence/platform/v25_8_platform_rc1_20260711_172727_display1_keepstdin/v25_platform_report.json,.json,299,8b7c069c0800b0a6375b0b0bb71fb2472c58616c43debdbafdee53db740772cd,REVIEW_REQUIRED,ORIGINALITY_AND_LICENSE_REVIEW,pending-review
mrg_v25_historical,workspace/evidence/platform/v25_8_platform_rc1_20260711_175724_display1_keepstdin/candidate_patch_manifest.json,.json,3203,4f9700eaf0c9f6938857d3366a3654b996a1cfb65d7c104d949b57f27fe20da2,REVIEW_REQUIRED,ORIGINALITY_AND_LICENSE_REVIEW,pending-review
mrg_v25_historical,workspace/evidence/platform/v25_8_platform_rc1_20260711_175724_display1_keepstdin/final_residual_processes.json,.json,36,f76bfa8faa6e40432b203614facfc26014a2739b6ab3b334a738b1cdab20eb07,REVIEW_REQUIRED,ORIGINALITY_AND_LICENSE_REVIEW,pending-review
mrg_v25_historical,workspace/evidence/platform/v25_8_platform_rc1_20260711_175724_display1_keepstdin/freeze_verification.json,.json,55559,43de066b43ecc0ebef420e24fb441d531929bc517d644c65439a5ec345f0f304,REVIEW_REQUIRED,ORIGINALITY_AND_LICENSE_REVIEW,pending-review
mrg_v25_historical,workspace/evidence/platform/v25_8_platform_rc1_20260711_175724_display1_keepstdin/offline/v25_4/fixtures/fixture_catalog.json,.json,1989,63b80d4b4e4fe8f88db93b003909bd8643979bf8847d27e09f88758467716535,REVIEW_REQUIRED,ORIGINALITY_AND_LICENSE_REVIEW,pending-review
mrg_v25_historical,workspace/evidence/platform/v25_8_platform_rc1_20260711_175724_display1_keepstdin/offline/v25_4/v25_4_d_integration_report.json,.json,17607,09605fd3f418841d36b34421ba1f226c263321056209fe2818f458054840eb6c,REVIEW_REQUIRED,ORIGINALITY_AND_LICENSE_REVIEW,pending-review
mrg_v25_historical,workspace/evidence/platform/v25_8_platform_rc1_20260711_175724_display1_keepstdin/offline/v25_5/v25_shadow/fixtures/fixture_catalog.json,.json,3465,a159a2be2050213223d30e9b79a3c50fb6cd8c6f37de80643ad01564c6a9d5f1,REVIEW_REQUIRED,ORIGINALITY_AND_LICENSE_REVIEW,pending-review
mrg_v25_historical,workspace/evidence/platform/v25_8_platform_rc1_20260711_175724_display1_keepstdin/offline/v25_5/v25_shadow/system_status_latest.json,.json,2245,1c1434cf3885df0b74149daaf5c622de691ca5b23a928539f165a9208bbeea55,REVIEW_REQUIRED,ORIGINALITY_AND_LICENSE_REVIEW,pending-review
mrg_v25_historical,workspace/evidence/platform/v25_8_platform_rc1_20260711_175724_display1_keepstdin/offline/v25_5/v25_shadow/v25_5_d_integration_report.json,.json,14065,9d3f1e91640edbda01d1e480ca4707ca1d1831f09a1ffa195b6883599eb4cdf5,REVIEW_REQUIRED,ORIGINALITY_AND_LICENSE_REVIEW,pending-review
mrg_v25_historical,workspace/evidence/platform/v25_8_platform_rc1_20260711_175724_display1_keepstdin/phases/candidate_cold_smoke_10m/event_overlay_overview_status.json,.json,9448,cef32b01c4ae90ddee7e48171b5a285b167b01cfd30ee5ac9803ecc5cf191f2a,REVIEW_REQUIRED,ORIGINALITY_AND_LICENSE_REVIEW,pending-review
mrg_v25_historical,workspace/evidence/platform/v25_8_platform_rc1_20260711_175724_display1_keepstdin/phases/candidate_cold_smoke_10m/global_bev_status.json,.json,81766,3374b7c68c124db304b6be6446fd017191a5dfa21937730a7dd3fd1d2aa9d68d,REVIEW_REQUIRED,ORIGINALITY_AND_LICENSE_REVIEW,pending-review
mrg_v25_historical,workspace/evidence/platform/v25_8_platform_rc1_20260711_175724_display1_keepstdin/phases/candidate_cold_smoke_10m/global_yolo_status.json,.json,24535,cfc84a09d2436976f51f62013b94a8dbecc7f5ad0a48a53b7585e47516388163,REVIEW_REQUIRED,ORIGINALITY_AND_LICENSE_REVIEW,pending-review
mrg_v25_historical,workspace/evidence/platform/v25_8_platform_rc1_20260711_175724_display1_keepstdin/phases/candidate_cold_smoke_10m/global_yolo_worker_0_status.json,.json,14816,78c58692def37395759c7c514594b3f27a65f58cc7d8e0a8190b9766e4fe221f,REVIEW_REQUIRED,ORIGINALITY_AND_LICENSE_REVIEW,pending-review
mrg_v25_historical,workspace/evidence/platform/v25_8_platform_rc1_20260711_175724_display1_keepstdin/phases/candidate_cold_smoke_10m/global_yolo_worker_1_status.json,.json,14838,3e949f36c357984ef1dbf17ee06f0d37eb4aa0b38a6501584a1d4f90375e4e07,REVIEW_REQUIRED,ORIGINALITY_AND_LICENSE_REVIEW,pending-review
mrg_v25_historical,workspace/evidence/platform/v25_8_platform_rc1_20260711_175724_display1_keepstdin/phases/candidate_cold_smoke_10m/phase_meta.json,.json,11236,d27b903b66f748057d82fda8356a2d345279d85d2da2ba1d4de26ea1044ea19a,REVIEW_REQUIRED,ORIGINALITY_AND_LICENSE_REVIEW,pending-review
mrg_v25_historical,workspace/evidence/platform/v25_8_platform_rc1_20260711_175724_display1_keepstdin/phases/candidate_cold_smoke_10m/profile_candidate.json,.json,29247,f132ae380e0cc79a4104b8f6f7ff035be399a49b9f7ba76c45b1a63c7cdf36e5,REVIEW_REQUIRED,ORIGINALITY_AND_LICENSE_REVIEW,pending-review
mrg_v25_historical,workspace/evidence/platform/v25_8_platform_rc1_20260711_175724_display1_keepstdin/phases/candidate_cold_smoke_10m/profile_patch_report.json,.json,1716,1994179ecfbe9604d8689c2624af992f7ac1523957201f960d9091153b838f9d,REVIEW_REQUIRED,ORIGINALITY_AND_LICENSE_REVIEW,pending-review
mrg_v25_historical,workspace/evidence/platform/v25_8_platform_rc1_20260711_175724_display1_keepstdin/phases/candidate_cold_smoke_10m/sparse_projection_fixture.json,.json,9315,20acd0876477bbc2aa0af46d36a7de1ca105c8c4f6c13a55f26f54725106d661,REVIEW_REQUIRED,ORIGINALITY_AND_LICENSE_REVIEW,pending-review
mrg_v25_historical,workspace/evidence/platform/v25_8_platform_rc1_20260711_175724_display1_keepstdin/phases/candidate_cold_smoke_10m/sync_epoch_latest.json,.json,371,f6e525cf854f24220b191a8607849fe470efa49d89455f481f5dcf0503df273d,REVIEW_REQUIRED,ORIGINALITY_AND_LICENSE_REVIEW,pending-review
mrg_v25_historical,workspace/evidence/platform/v25_8_platform_rc1_20260711_175724_display1_keepstdin/phases/candidate_cold_smoke_10m/system_status_latest.json,.json,594086,4900a03dff7f63f022d031dd95242a7f7cc9e8cd0e4a56955855bdcefd719fb1,REVIEW_REQUIRED,ORIGINALITY_AND_LICENSE_REVIEW,pending-review
mrg_v25_historical,workspace/evidence/platform/v25_8_platform_rc1_20260711_175724_display1_keepstdin/phases/candidate_cold_smoke_10m/trigger_status.json,.json,728,04d16d99bebea0afa55f31e229569795cb546dd0b9941e4f33f9516948e5562a,REVIEW_REQUIRED,ORIGINALITY_AND_LICENSE_REVIEW,pending-review
mrg_v25_historical,workspace/evidence/platform/v25_8_platform_rc1_20260711_175724_display1_keepstdin/phases/candidate_cold_smoke_10m/v25_live_shadow/combat/status.json,.json,1503,64c5bb2e6f145472d16ccec3accd31f50e5e203e5a9123f7b05ad19da5729b07,REVIEW_REQUIRED,ORIGINALITY_AND_LICENSE_REVIEW,pending-review
mrg_v25_historical,workspace/evidence/platform/v25_8_platform_rc1_20260711_175724_display1_keepstdin/phases/candidate_cold_smoke_10m/v25_live_shadow/game_bridge/status.json,.json,1726,78770afce78cabb4845f81602c1bcb55e712bea33304b22125727bf73833fe22,REVIEW_REQUIRED,ORIGINALITY_AND_LICENSE_REVIEW,pending-review
mrg_v25_historical,workspace/evidence/platform/v25_8_platform_rc1_20260711_175724_display1_keepstdin/phases/candidate_cold_smoke_10m/v25_live_shadow/visualization/latest.json,.json,1540,539c5b96f793329c7c6e03e3b149a6f39880cddf4ab18c4c512ed36534a32be1,REVIEW_REQUIRED,ORIGINALITY_AND_LICENSE_REVIEW,pending-review
mrg_v25_historical,workspace/evidence/platform/v25_8_platform_rc1_20260711_175724_display1_keepstdin/phases/candidate_cold_smoke_10m/v25_live_shadow/visualization/status.json,.json,706,b3f4eb565e446fa71dbc8d39032b932c71b11c7f2cef75bb3b2baad2a1374b9b,REVIEW_REQUIRED,ORIGINALITY_AND_LICENSE_REVIEW,pending-review
mrg_v25_historical,workspace/evidence/platform/v25_8_platform_rc1_20260711_175724_display1_keepstdin/pre_existing/legacy_patch/global_bev_fusion_renderer.py,.py,568207,6493f774ea7fbe4089f4978f195828ed49f4153a6d21071e6428ba9ce395bb77,REVIEW_REQUIRED,ORIGINALITY_AND_LICENSE_REVIEW,pending-review
mrg_v25_historical,workspace/evidence/platform/v25_8_platform_rc1_20260711_175724_display1_keepstdin/pre_existing/legacy_patch/global_yolo_infer_server.py,.py,138834,53d9c450ad0f670e6a3f28427ae28810028f12bed70eaa67cca959ad3cc84eab,REVIEW_REQUIRED,ORIGINALITY_AND_LICENSE_REVIEW,pending-review
mrg_v25_historical,workspace/evidence/platform/v25_8_platform_rc1_20260711_175724_display1_keepstdin/pre_existing/legacy_patch/global_yolo_merge_publisher.py,.py,31695,f026e019a553bd24dd9a78147f2f76472fe76f7afa8f9aa1f06370843e964aa2,REVIEW_REQUIRED,ORIGINALITY_AND_LICENSE_REVIEW,pending-review
mrg_v25_historical,workspace/evidence/platform/v25_8_platform_rc1_20260711_175724_display1_keepstdin/pre_existing/legacy_patch/launch_fusion_system.py,.py,260519,5661b308509a797801acca7b0df68e13fa073bcc2927d96705bbef45f5e45dae,REVIEW_REQUIRED,ORIGINALITY_AND_LICENSE_REVIEW,pending-review
mrg_v25_historical,workspace/evidence/platform/v25_8_platform_rc1_20260711_175724_display1_keepstdin/pre_existing/legacy_patch/mvs_trigger_coordinator.py,.py,17194,7237b484ebdf189825bb8d95e6f54d63599f23a4ee1921aa676bb315d85dc7fb,REVIEW_REQUIRED,ORIGINALITY_AND_LICENSE_REVIEW,pending-review
mrg_v25_historical,workspace/evidence/platform/v25_8_platform_rc1_20260711_175724_display1_keepstdin/pre_existing/legacy_patch/pyopengl_cuda_preview_renderer.py,.py,674332,a84e1d34610413ecb4949a79826ead297013abe9a9495a55cbb1c71a77a58c76,REVIEW_REQUIRED,ORIGINALITY_AND_LICENSE_REVIEW,pending-review
mrg_v25_historical,workspace/evidence/platform/v25_8_platform_rc1_20260711_175724_display1_keepstdin/preflight_processes.json,.json,36,f76bfa8faa6e40432b203614facfc26014a2739b6ab3b334a738b1cdab20eb07,REVIEW_REQUIRED,ORIGINALITY_AND_LICENSE_REVIEW,pending-review
mrg_v25_historical,workspace/evidence/platform/v25_8_platform_rc1_20260711_175724_display1_keepstdin/v25_platform_report.json,.json,272,6dab265eb16b31b1a9858ad44d180a8e12ed32904c10f98ea38103d73e2456c2,REVIEW_REQUIRED,ORIGINALITY_AND_LICENSE_REVIEW,pending-review
mrg_v25_historical,workspace/pyproject.toml,.toml,780,a603fb53bfa7121751c9b486fa74899bc965da212d64b36523db819e8c3b006a,REVIEW_REQUIRED,ORIGINALITY_AND_LICENSE_REVIEW,pending-review
mrg_v25_historical,workspace/remote_ops/analyze_v25_8_r2_gaps.py,.py,6736,62e20316a05501ad74266f40b465e94f7f3caff67e9c9d0be869d7bf55fd5f84,REVIEW_REQUIRED,ORIGINALITY_AND_LICENSE_REVIEW,pending-review
mrg_v25_historical,workspace/remote_ops/analyze_world_state_shadow_ab.py,.py,6310,2bd6700cf2874783157732ae2f4c20261c8e4d9608c77decd014871aca00ffb5,REVIEW_REQUIRED,ORIGINALITY_AND_LICENSE_REVIEW,pending-review
mrg_v25_historical,workspace/remote_ops/audit_legacy_snapshot.py,.py,6082,de77133b7712194ff29625aee35d0c93cc092638405ccdc7bf4178002f7c6e99,REVIEW_REQUIRED,ORIGINALITY_AND_LICENSE_REVIEW,pending-review
mrg_v25_historical,workspace/remote_ops/check_legacy_runtime.sh,.sh,4720,8df34e131d11d5daf02ed428ce8ef0cba817bbaaba7baea583d8682e424bf424,REVIEW_REQUIRED,ORIGINALITY_AND_LICENSE_REVIEW,pending-review
mrg_v25_historical,workspace/remote_ops/deploy_legacy_snapshot.sh,.sh,7427,1d6137dd8b283b9e0c647a20735b4368edf0d3e1d5b4d0f66c2413ae82a4d7c5,REVIEW_REQUIRED,ORIGINALITY_AND_LICENSE_REVIEW,pending-review
mrg_v25_historical,workspace/remote_ops/evaluate_v25_5_f.py,.py,5661,e5cd6d3a673558c0b453378a8777ad8bf9a5280d9bb76f5d597149181d619746,REVIEW_REQUIRED,ORIGINALITY_AND_LICENSE_REVIEW,pending-review
mrg_v25_historical,workspace/remote_ops/evaluate_v25_8_r2.py,.py,6995,87366ff4fdd2c3f39e13778a45c5ee01331dbcf8318bfa4a9e6a2c6679f20f43,REVIEW_REQUIRED,ORIGINALITY_AND_LICENSE_REVIEW,pending-review
mrg_v25_historical,workspace/remote_ops/evaluate_v25_8_r3.py,.py,9349,aee2fafaca80ff0937550ba254b4f8d5afe314097b86f020d6c3688ba7c03eeb,REVIEW_REQUIRED,ORIGINALITY_AND_LICENSE_REVIEW,pending-review
mrg_v25_historical,workspace/remote_ops/evaluate_v25_8_r4.py,.py,9682,d83048692fbd5822d5d44d033bb55c2abc8646bb1be3ed2ed5227164c5828dd7,REVIEW_REQUIRED,ORIGINALITY_AND_LICENSE_REVIEW,pending-review
mrg_v25_historical,workspace/remote_ops/evaluate_v25_8_rc1.py,.py,27055,1021bdf9ece491a8eb7102f4fe5d425cb87fc0dc6cb5cec8bd09e05fa9b88328,REVIEW_REQUIRED,ORIGINALITY_AND_LICENSE_REVIEW,pending-review
mrg_v25_historical,workspace/remote_ops/finalize_world_state_shadow_ab.py,.py,2547,e27be2f1567ac98194d45231d39c612f95b52342b6d9fef16bd4e0070b3e494a,REVIEW_REQUIRED,ORIGINALITY_AND_LICENSE_REVIEW,pending-review
mrg_v25_historical,workspace/remote_ops/inspect_v25_4_evidence.py,.py,3939,b3c5ae9a5e75f6a4dc4135862cf078c9217ca273dccb09e94c506c77b6e7f024,REVIEW_REQUIRED,ORIGINALITY_AND_LICENSE_REVIEW,pending-review
mrg_v25_historical,workspace/remote_ops/inspect_v25_5_c_inputs.py,.py,4078,15aa04da768aa8b5a9fead2a889cddeaaec12aa7f74b32ac8b02ac4bae54c4ca,REVIEW_REQUIRED,ORIGINALITY_AND_LICENSE_REVIEW,pending-review
mrg_v25_historical,workspace/remote_ops/inspect_world_state_ab_result.py,.py,2657,785c3dc2ea90a0581ea78bf4245855ada97814ef58a176b042995404c4a285f0,REVIEW_REQUIRED,ORIGINALITY_AND_LICENSE_REVIEW,pending-review
mrg_v25_historical,workspace/remote_ops/inspect_world_state_runtime.py,.py,2905,99da0c00226d8ab9c790c6f8ba8cc9e263b5a6dcf0fdb7053ddbe40c8a5fd4f3,REVIEW_REQUIRED,ORIGINALITY_AND_LICENSE_REVIEW,pending-review
mrg_v25_historical,workspace/remote_ops/monitor_world_state_shadow.py,.py,3628,3de10b5284d407182e6387b8688ae28592562143590072f6c69148df937937cc,REVIEW_REQUIRED,ORIGINALITY_AND_LICENSE_REVIEW,pending-review
mrg_v25_historical,workspace/remote_ops/render_legacy_start.sh,.sh,586,78de684fe86da7447c952538b48db7346bc2be7e1f648844604015688267c3aa,REVIEW_REQUIRED,ORIGINALITY_AND_LICENSE_REVIEW,pending-review
mrg_v25_historical,workspace/remote_ops/render_v25_8_r2_profile.py,.py,2030,07d1fda95f2481f8a1d6cac3d9af5fa26d8958cce74f1ec1cd1200f2d2625fb2,REVIEW_REQUIRED,ORIGINALITY_AND_LICENSE_REVIEW,pending-review
mrg_v25_historical,workspace/remote_ops/render_v25_8_r3_profile.py,.py,3582,7df65b65b2fc542bc642a0ce799f98dfc83fbae608830ff459026ef478bea1bf,REVIEW_REQUIRED,ORIGINALITY_AND_LICENSE_REVIEW,pending-review
mrg_v25_historical,workspace/remote_ops/render_v25_8_r4_profile.py,.py,4215,e6c4f0763e17e67624190ab5eb2dce29f840a807e544dc63620baa1584cad7d4,REVIEW_REQUIRED,ORIGINALITY_AND_LICENSE_REVIEW,pending-review
mrg_v25_historical,workspace/remote_ops/render_world_state_shadow_profile.py,.py,1253,6680f1dda3655e510f9da58f76b5f2928950e04b7ab72a1a452fc00fb0e2fb10,REVIEW_REQUIRED,ORIGINALITY_AND_LICENSE_REVIEW,pending-review
mrg_v25_historical,workspace/remote_ops/report_v25_8_rc1.py,.py,6035,132d68174f1db041aa59a635d28c59053746d51af3131dbf21c64b9e7ab38d10,REVIEW_REQUIRED,ORIGINALITY_AND_LICENSE_REVIEW,pending-review
mrg_v25_historical,workspace/remote_ops/restore_legacy_snapshot_backup.sh,.sh,3175,3bafa4c3df09b911d117e9dbc4ee1fc0c05fda186c31d98a6b60258e2b57b002,REVIEW_REQUIRED,ORIGINALITY_AND_LICENSE_REVIEW,pending-review
mrg_v25_historical,workspace/remote_ops/run_v25_3_offline_matrix.py,.py,4371,8ff7a51cdca7cbe221f74fc3edf7fb15c17e19f7850f8275a32681c00fa69bf4,REVIEW_REQUIRED,ORIGINALITY_AND_LICENSE_REVIEW,pending-review
mrg_v25_historical,workspace/remote_ops/run_v25_5_a_mvs_shadow.sh,.sh,3297,31c5f4b6c643288b196d9cccfc7a9b46e6c0a63a2c802a60f35c5301669ece0a,REVIEW_REQUIRED,ORIGINALITY_AND_LICENSE_REVIEW,pending-review
mrg_v25_historical,workspace/remote_ops/run_v25_5_b_event_shadow.sh,.sh,3340,e4ea49353445718ab900bdb703dc2c9fbb57ccea1d71d3228751cd5b56410ec8,REVIEW_REQUIRED,ORIGINALITY_AND_LICENSE_REVIEW,pending-review
mrg_v25_historical,workspace/remote_ops/run_v25_5_c2_coded_preamble.sh,.sh,4638,f1494800706be19d32eaff975bd5cec0b71e763909ae7374eca21051dd945d8c,REVIEW_REQUIRED,ORIGINALITY_AND_LICENSE_REVIEW,pending-review
mrg_v25_historical,workspace/remote_ops/run_v25_5_c_sync_shadow.sh,.sh,3690,ab00bc26b2e563d1c859df978b3af1603dd36949e7913db65f9e1cc86a9a1db0,REVIEW_REQUIRED,ORIGINALITY_AND_LICENSE_REVIEW,pending-review
mrg_v25_historical,workspace/remote_ops/run_v25_5_f_gate.sh,.sh,8442,2a05870a93e5f22a5e28a3db3018264f335b01fc1e55265b08705a332bf63008,REVIEW_REQUIRED,ORIGINALITY_AND_LICENSE_REVIEW,pending-review
mrg_v25_historical,workspace/remote_ops/run_v25_8_r2_sync_bev.sh,.sh,5451,eb318c309f4d43dffdde9c23b71dcc2e0f166cd30309bf50872e834fa5a6bd20,REVIEW_REQUIRED,ORIGINALITY_AND_LICENSE_REVIEW,pending-review
mrg_v25_historical,workspace/remote_ops/run_v25_8_r3_bev_contract_disk.sh,.sh,8003,fc32d2c56b1d0c3e9713b78a892cb1ca4f5b2cae168aa761c7e04890e9e8e83a,REVIEW_REQUIRED,ORIGINALITY_AND_LICENSE_REVIEW,pending-review
mrg_v25_historical,workspace/remote_ops/run_v25_8_r4_live_shadow.sh,.sh,8843,1aa8277b7abe6f55217ab144d720c376f18ab6fe7bb0cdec77efc431e67d8534,REVIEW_REQUIRED,ORIGINALITY_AND_LICENSE_REVIEW,pending-review
mrg_v25_historical,workspace/remote_ops/run_v25_8_r5_governance.sh,.sh,4332,27fcb823408dbbf2bd3f993f4d57e40e7f21966714755a7faa40342ff10da13b,REVIEW_REQUIRED,ORIGINALITY_AND_LICENSE_REVIEW,pending-review
mrg_v25_historical,workspace/remote_ops/run_v25_8_rc1_matrix.py,.py,39898,dd4bb08ed661ff721eba6b99930e0e5aee200366ed11793dd7ab8cd41562c037,REVIEW_REQUIRED,ORIGINALITY_AND_LICENSE_REVIEW,pending-review
mrg_v25_historical,workspace/remote_ops/run_v25_8_rc1_matrix.sh,.sh,402,9670b8bb086af15c6e44c88e9707c4381bb747a821d34ab950a28c87065a2b47,REVIEW_REQUIRED,ORIGINALITY_AND_LICENSE_REVIEW,pending-review
mrg_v25_historical,workspace/remote_ops/run_world_state_evaluation.sh,.sh,1184,b9a8ac793dd9e2b7b053eba2f60cdd992955413c8904dc5578fc94374456e3d3,REVIEW_REQUIRED,ORIGINALITY_AND_LICENSE_REVIEW,pending-review
mrg_v25_historical,workspace/remote_ops/run_world_state_shadow_ab.sh,.sh,6398,8684108e8a30ff6b862679245fce3b71d9e36e329e02442520739e6f00a6c8ee,REVIEW_REQUIRED,ORIGINALITY_AND_LICENSE_REVIEW,pending-review
mrg_v25_historical,workspace/remote_ops/sample_full_system_status.py,.py,15241,e36442e74a513d611d50d1abc45e62640b377ef5530911ffcbe6a9e224aef413,REVIEW_REQUIRED,ORIGINALITY_AND_LICENSE_REVIEW,pending-review
mrg_v25_historical,workspace/remote_ops/self_test_legacy_snapshot.sh,.sh,2061,02c7ee9ba9724f053b578a1ba29417357c7e105b77da25285e3a3cd71836e8b5,REVIEW_REQUIRED,ORIGINALITY_AND_LICENSE_REVIEW,pending-review
mrg_v25_historical,workspace/remote_ops/self_test_unattended_lifecycle.sh,.sh,772,d770756ba44c2313d3f2eabc3ecc466ef52e1262417b6712ccbd0e5ba6e736be,REVIEW_REQUIRED,ORIGINALITY_AND_LICENSE_REVIEW,pending-review
mrg_v25_historical,workspace/remote_ops/unattended_job_wrapper.sh,.sh,1288,292f8b5c2eed329690fd0e2f2f42f22a9375973d46ae624dd3a8ca3e617f7459,REVIEW_REQUIRED,ORIGINALITY_AND_LICENSE_REVIEW,pending-review
mrg_v25_historical,workspace/remote_ops/unattended_lifecycle.sh,.sh,2341,8ce306eb820f9c1ad5b761469a95c57d3a611507d2a971c400f8ca175ae0f037,REVIEW_REQUIRED,ORIGINALITY_AND_LICENSE_REVIEW,pending-review
mrg_v25_historical,workspace/remote_ops/unattended_payload_supervisor.py,.py,5058,7b20524602c955b18f77f52c22ff178dc8f96cc16893465837ce11e8f489aed7,REVIEW_REQUIRED,ORIGINALITY_AND_LICENSE_REVIEW,pending-review
mrg_v25_historical,workspace/remote_ops/unattended_run_control.py,.py,14567,52c1c3c430fb8b2f9c7efd9cb284dd467ea6112c021525bf4c6fd813584bf045,REVIEW_REQUIRED,ORIGINALITY_AND_LICENSE_REVIEW,pending-review
mrg_v25_historical,workspace/remote_ops/verify_v25_platform_sparse_fixture.py,.py,7272,22a2b9f2c54e361123919424be33946777ccf340c4e1f39a98522b1ba2e4ccab,REVIEW_REQUIRED,ORIGINALITY_AND_LICENSE_REVIEW,pending-review
mrg_v25_historical,workspace/src/mrg_workspace/__init__.py,.py,96,af98de4ffb59702be8edabc7476b2e8708d162a4a493e715a264e1db1326fa23,REVIEW_REQUIRED,ORIGINALITY_AND_LICENSE_REVIEW,pending-review
mrg_v25_historical,workspace/src/mrg_workspace/cli.py,.py,4043,81ee96e45c6d51cec1e49c381bfbad06ff6e5b9abec64d2b267b0724368092fc,REVIEW_REQUIRED,ORIGINALITY_AND_LICENSE_REVIEW,pending-review
mrg_v25_historical,workspace/src/mrg_workspace/legacy.py,.py,1904,ae2ccecd47fd07d6c953bbc95f3aa07fcec3f14ab483188fd46bbdd59586f0fb,REVIEW_REQUIRED,ORIGINALITY_AND_LICENSE_REVIEW,pending-review
mrg_v25_historical,workspace/src/mrg_workspace/legacy_dataset.py,.py,26631,3d0020e5eba3917269f7c06df0f228d9692508716f611033e538581acd222436,REVIEW_REQUIRED,ORIGINALITY_AND_LICENSE_REVIEW,pending-review
mrg_v25_historical,workspace/src/mrg_workspace/manifest.py,.py,8690,eacc77e1d794506e56cc2a25879e241a209a1eb8ed7571df8d3361d5f8a956e5,REVIEW_REQUIRED,ORIGINALITY_AND_LICENSE_REVIEW,pending-review
mrg_v25_historical,workspace/src/mrg_workspace/release_governance.py,.py,19161,2587ea551d9f0873c36bd0d42eceb0f2da6392334bb850e3872034a225b22d68,REVIEW_REQUIRED,ORIGINALITY_AND_LICENSE_REVIEW,pending-review
mrg_v25_historical,workspace/src/mrg_workspace/replay_regression.py,.py,13677,0149eaa942cba1e8ef4746aa8e3c716d60bdea7ca3aa20fbb8a816084f9e874b,REVIEW_REQUIRED,ORIGINALITY_AND_LICENSE_REVIEW,pending-review
mrg_v25_historical,workspace/src/mrg_workspace/runtime_closure.py,.py,12125,fcb90c0eb6460fb0be2a72b19ac259b6169b33fdf89f496e7b97731d1f2e2184,REVIEW_REQUIRED,ORIGINALITY_AND_LICENSE_REVIEW,pending-review
mrg_v25_historical,workspace/src/mrg_workspace/sync_shadow.py,.py,31390,5f4541299ba187e747e0379802b256fa98d9050a4f1f1193fbd3fc208ea76f7d,REVIEW_REQUIRED,ORIGINALITY_AND_LICENSE_REVIEW,pending-review
mrg_v25_historical,workspace/src/mrg_workspace/v25_4_fixtures.py,.py,7147,8d55b2547425dba9167257c8f0e0ba3e2de289ae7135ced4dac9f5b279bcd814,REVIEW_REQUIRED,ORIGINALITY_AND_LICENSE_REVIEW,pending-review
mrg_v25_historical,workspace/src/mrg_workspace/v25_4_integration.py,.py,10545,49220fbe655823d0e667a91f97a42b7d6462e0e4d7c2b21ea50b03e5cd97bce2,REVIEW_REQUIRED,ORIGINALITY_AND_LICENSE_REVIEW,pending-review
mrg_v25_historical,workspace/src/mrg_workspace/v25_5_fixtures.py,.py,9717,f46087f7cd1e564db11fd3831084175bcff76c8d9cd0d93b1069ca67dc493b43,REVIEW_REQUIRED,ORIGINALITY_AND_LICENSE_REVIEW,pending-review
mrg_v25_historical,workspace/src/mrg_workspace/v25_5_integration.py,.py,11939,d7c6e889f00aa243e62d40cba3bb946009341fbe00a6722f4324a07664cc35b7,REVIEW_REQUIRED,ORIGINALITY_AND_LICENSE_REVIEW,pending-review
mrg_v25_historical,workspace/src/mrg_workspace/world_snapshot_consumer.py,.py,1907,e806ddcdaa06e313739b7ef998b8144792067e454185d17fe64d3e581a82eb41,REVIEW_REQUIRED,ORIGINALITY_AND_LICENSE_REVIEW,pending-review
mrg_v25_historical,workspace/src/mrg_workspace/world_state_authority.py,.py,2207,7f3bedca06864201091d1f73418b3fd0ea15bd0a5037097a083465dd7825aa71,REVIEW_REQUIRED,ORIGINALITY_AND_LICENSE_REVIEW,pending-review
mrg_v25_historical,workspace/tests/test_dataset_catalog.py,.py,1771,3b5cf6d28abb37b8d18dc57e25beeeb2436c62c4900e315d69a1d5d17dc8e403,REVIEW_REQUIRED,ORIGINALITY_AND_LICENSE_REVIEW,pending-review
mrg_v25_historical,workspace/tests/test_full_system_sampler.py,.py,4012,0063c048e7d3fbfd84afa242025591a2b6daefb4523a1557cbccb26668b492fb,REVIEW_REQUIRED,ORIGINALITY_AND_LICENSE_REVIEW,pending-review
mrg_v25_historical,workspace/tests/test_legacy.py,.py,916,ba50d26565ce7c9f8bfb4e5562e776dccf143ce150c429e14faea0529ecbeaf6,REVIEW_REQUIRED,ORIGINALITY_AND_LICENSE_REVIEW,pending-review
mrg_v25_historical,workspace/tests/test_legacy_dataset.py,.py,10213,b03728563a55247d11d67fd2b461f9bf4a31797757ab3dfd6d9a5f37ea4315e2,REVIEW_REQUIRED,ORIGINALITY_AND_LICENSE_REVIEW,pending-review
mrg_v25_historical,workspace/tests/test_manifest.py,.py,3776,f9aaa4c6224368cc3851bb179d22a66d5a69536b9f119f782bbaf381cdc75575,REVIEW_REQUIRED,ORIGINALITY_AND_LICENSE_REVIEW,pending-review
mrg_v25_historical,workspace/tests/test_person_scenario_scan.py,.py,2171,dd0f8e10865dca2eaf35ebda7c2158df2646015c0f550c0d70ec878b0dc384c8,REVIEW_REQUIRED,ORIGINALITY_AND_LICENSE_REVIEW,pending-review
mrg_v25_historical,workspace/tests/test_remote_tool.py,.py,14608,a0f8fe9449960ae4134bd8a41e351d80ee77f8fd383b743fb9227d6e4389c866,REVIEW_REQUIRED,ORIGINALITY_AND_LICENSE_REVIEW,pending-review
mrg_v25_historical,workspace/tests/test_replay_regression.py,.py,5688,0a5345661445f4b1764922acb00e4ce6d27cbf146afa4e6b43f37a4a565089ef,REVIEW_REQUIRED,ORIGINALITY_AND_LICENSE_REVIEW,pending-review
mrg_v25_historical,workspace/tests/test_report_v25_8_rc1.py,.py,2211,0fc1a761284eed9b8fc43384dcc8b844f375d888e900530a3be867e11c449b2a,REVIEW_REQUIRED,ORIGINALITY_AND_LICENSE_REVIEW,pending-review
mrg_v25_historical,workspace/tests/test_snapshot_audit.py,.py,6537,c4d730b57f1257f56dd9033f59d0cd137541297d5c535c4049e007e4f0c02e91,REVIEW_REQUIRED,ORIGINALITY_AND_LICENSE_REVIEW,pending-review
mrg_v25_historical,workspace/tests/test_unattended_run_control.py,.py,3079,353b1918a630082d679d147e1acfd4a4f35209c67b7e13b1ed65fee71ddd8fcf,REVIEW_REQUIRED,ORIGINALITY_AND_LICENSE_REVIEW,pending-review
mrg_v25_historical,workspace/tests/test_v25_4_fixtures.py,.py,1199,697055d3f488f377a53d450c97b5a60a51d0a47d6838aa6cea93a0322830fc63,REVIEW_REQUIRED,ORIGINALITY_AND_LICENSE_REVIEW,pending-review
mrg_v25_historical,workspace/tests/test_v25_4_integration.py,.py,1093,cfd0558302651df10c1af01de0241f066ee5bea5afe6a5f47d1371bf83c2728e,REVIEW_REQUIRED,ORIGINALITY_AND_LICENSE_REVIEW,pending-review
mrg_v25_historical,workspace/tests/test_v25_5_f_evaluator.py,.py,1905,37111cc2285c014e0204fa2b867b96aa2453fe806588a1b4ae4c5d209a6b385f,REVIEW_REQUIRED,ORIGINALITY_AND_LICENSE_REVIEW,pending-review
mrg_v25_historical,workspace/tests/test_v25_5_foundation.py,.py,2121,1380540d185c9d7b303ffaeb012783b27ee3679b0509040572ccb8cf510f32c1,REVIEW_REQUIRED,ORIGINALITY_AND_LICENSE_REVIEW,pending-review
mrg_v25_historical,workspace/tests/test_v25_5_integration.py,.py,1288,e3757dd161649d8b8ac54c23b2dbc1c1cdc2f566c18fd5d0d9046e374a4ea087,REVIEW_REQUIRED,ORIGINALITY_AND_LICENSE_REVIEW,pending-review
mrg_v25_historical,workspace/tests/test_v25_5_sync.py,.py,9263,b6cc9bba6ae831fe629b145ce6cedc76ff73e6b330526c9df10ec01b7b06c593,REVIEW_REQUIRED,ORIGINALITY_AND_LICENSE_REVIEW,pending-review
mrg_v25_historical,workspace/tests/test_v25_8_qualification_policy.py,.py,1607,decfac0d2439562f08d98be26d4687c80e37e2e47167dad4f43910970d19acdb,REVIEW_REQUIRED,ORIGINALITY_AND_LICENSE_REVIEW,pending-review
mrg_v25_historical,workspace/tests/test_v25_8_r2.py,.py,5229,74725b1456a2aba676ee649f3a6b27183e9551356b0ff59cda51e9ba427f69ed,REVIEW_REQUIRED,ORIGINALITY_AND_LICENSE_REVIEW,pending-review
mrg_v25_historical,workspace/tests/test_v25_8_r2_gap_analysis.py,.py,2168,8323fe460ade6e66561b7d1a209449b3d37417bc4805694f8adb81046b6614c4,REVIEW_REQUIRED,ORIGINALITY_AND_LICENSE_REVIEW,pending-review
mrg_v25_historical,workspace/tests/test_v25_8_r3.py,.py,5564,0ec5d8bb5b2de7cdcb3f57230fe24e0fdb520c4c26f4b910819c7a41088a577d,REVIEW_REQUIRED,ORIGINALITY_AND_LICENSE_REVIEW,pending-review
mrg_v25_historical,workspace/tests/test_v25_8_r4.py,.py,4749,7125a1ada58c80760bdcea081ca1e4a42636de911962da9e70df4183a53f81f6,REVIEW_REQUIRED,ORIGINALITY_AND_LICENSE_REVIEW,pending-review
mrg_v25_historical,workspace/tests/test_v25_8_r5_governance.py,.py,3587,0d06edabd61ffc5e7ea842cd501eee7b9e4e5280ec39096f87a02826b739e969,REVIEW_REQUIRED,ORIGINALITY_AND_LICENSE_REVIEW,pending-review
mrg_v25_historical,workspace/tests/test_v25_8_rc1.py,.py,17755,09c0ac31bbfec48ce5de0e312617868dabc147d85359b22ae35f49ea0bcd55d1,REVIEW_REQUIRED,ORIGINALITY_AND_LICENSE_REVIEW,pending-review
mrg_v25_historical,workspace/tests/test_world_snapshot_consumer.py,.py,4663,8097ac56a0737c5c9eaa1bc9f3ae1004ba2532b0cea2e90ec186eec95c7e307f,REVIEW_REQUIRED,ORIGINALITY_AND_LICENSE_REVIEW,pending-review
mrg_v25_historical,workspace/tools/analyze_person_id_scenario.py,.py,8487,5b4a360dcf3b545c2712bcdf10f1b1434825fd4f8c65bd0ad347e9d4abb84b89,REVIEW_REQUIRED,ORIGINALITY_AND_LICENSE_REVIEW,pending-review
mrg_v25_historical,workspace/tools/bootstrap.ps1,.ps1,1419,6fe4b90e286174f83b73690f9af583c85a57685e32f77b50322624e4a4cf4007,REVIEW_REQUIRED,ORIGINALITY_AND_LICENSE_REVIEW,pending-review
mrg_v25_historical,workspace/tools/bootstrap.sh,.sh,1203,00d791801abd5c5541d581b0ea582331d8051036170a4e99cc7ab3dd25bf94d9,REVIEW_REQUIRED,ORIGINALITY_AND_LICENSE_REVIEW,pending-review
mrg_v25_historical,workspace/tools/check_ascii_paths.py,.py,717,15a56e2e8d99ce3f288b37d6eef72b97ed3e2f484a9ae93e44ade3cdde092ee2,REVIEW_REQUIRED,ORIGINALITY_AND_LICENSE_REVIEW,pending-review
mrg_v25_historical,workspace/tools/freeze_v25_8_rc1.py,.py,7428,d775d36e1fece6d683013616dd4721889e994b486077e764cd9c38fcd773dcb3,REVIEW_REQUIRED,ORIGINALITY_AND_LICENSE_REVIEW,pending-review
mrg_v25_historical,workspace/tools/legacy_dataset_adapter.py,.py,301,cedc2c94650834a64c8d6924c2223a6cbfd0647f74cffe2819a0a4bee672470a,REVIEW_REQUIRED,ORIGINALITY_AND_LICENSE_REVIEW,pending-review
mrg_v25_historical,workspace/tools/list_legacy_datasets.py,.py,2594,35600292b66e4d398ec34add7d5ce4b9237090baa0a4529c9e897acc0c5d003c,REVIEW_REQUIRED,ORIGINALITY_AND_LICENSE_REVIEW,pending-review
mrg_v25_historical,workspace/tools/list_person_id_datasets.py,.py,3750,5b75f6b45beca3a08950cda645b4e3528f2d0bf248a1c3a107dfec21eb839632,REVIEW_REQUIRED,ORIGINALITY_AND_LICENSE_REVIEW,pending-review
mrg_v25_historical,workspace/tools/remote_workspace.ps1,.ps1,64481,705f52af17b1fd9c94a619f6f571583f30ad42e1b2a2426b7f28b7b987807bfe,REVIEW_REQUIRED,ORIGINALITY_AND_LICENSE_REVIEW,pending-review
mrg_v25_historical,workspace/tools/replay_regression.py,.py,1441,a04dfa7d2818a5a3328a56abc6d292a6768753c6ff341bc82e9bbd450508ea8f,REVIEW_REQUIRED,ORIGINALITY_AND_LICENSE_REVIEW,pending-review
mrg_v25_historical,workspace/tools/update_lock.py,.py,271,2c81367326f721665a66312b01fdfdb5e003fbf9d420670e129ad9ddaf2b2309,REVIEW_REQUIRED,ORIGINALITY_AND_LICENSE_REVIEW,pending-review
mrg_v25_historical,workspace/tools/validate_workspace.py,.py,290,5fe2f67454754dd02679f0435c6fdb92696cbc8312b69ef8b1388a44c607e751,REVIEW_REQUIRED,ORIGINALITY_AND_LICENSE_REVIEW,pending-review
mrg_v25_historical,workspace/workspace.json,.json,3335,5382698458e6d92162e75942335737f30bb13a63c5ca12e8f9056690823cb06d,REVIEW_REQUIRED,ORIGINALITY_AND_LICENSE_REVIEW,pending-review
mrg_v25_historical,workspace/workspace.lock.json,.json,1841,69c094b3d6699434f27f922f08af4071e24305ce5d9c74571fed61333b27f7db,REVIEW_REQUIRED,ORIGINALITY_AND_LICENSE_REVIEW,pending-review
mrg_v25_historical,worktrees/v26-b-event-polygon-business-id/.github/workflows/validate.yml,.yml,386,2a3f0c074b49564b6d5560a75cc80d9603064e90fadc333a0ff5b6cf1d40d63c,REVIEW_REQUIRED,ORIGINALITY_AND_LICENSE_REVIEW,pending-review
mrg_v25_historical,worktrees/v26-b-event-polygon-business-id/CHANGELOG.md,.md,12298,4bcd58a5fc93a54f90155714c2abea81a98ed6959d383023a1c89541824225ee,REVIEW_REQUIRED,ORIGINALITY_AND_LICENSE_REVIEW,pending-review
mrg_v25_historical,worktrees/v26-b-event-polygon-business-id/LICENSE-PROPRIETARY.md,.md,290,b26a4054a563b0092d036da8ce0f7b014cbb0b7a44654708007fc4449194a675,BLOCKED,LICENSE_OR_SECRET_BOUND,pending-review
mrg_v25_historical,worktrees/v26-b-event-polygon-business-id/README.md,.md,4305,f788502a73fa582d122dc0daba7b7182b61504a9d5baedd184a3166ece38e928,REVIEW_REQUIRED,ORIGINALITY_AND_LICENSE_REVIEW,pending-review
mrg_v25_historical,worktrees/v26-b-event-polygon-business-id/V25_RELEASE_MANIFEST.json,.json,18039,6bc602ad9d0239857fad9683f8f4d52d78ec8aafc4309d2a2a49162e3877b23f,REVIEW_REQUIRED,ORIGINALITY_AND_LICENSE_REVIEW,pending-review
mrg_v25_historical,worktrees/v26-b-event-polygon-business-id/component.json,.json,313,5c02089ffe5dbf3396204166d4371ed576c19ff5a9f5f7eac3c71979c95b7139,REVIEW_REQUIRED,ORIGINALITY_AND_LICENSE_REVIEW,pending-review
mrg_v25_historical,worktrees/v26-b-event-polygon-business-id/config/environments/remote-627.json,.json,567,57b226de383a65ffc449f10801aecdfbcb2893a58ed8cf766a6b3c7e75a4c717,REVIEW_REQUIRED,ORIGINALITY_AND_LICENSE_REVIEW,pending-review
mrg_v25_historical,worktrees/v26-b-event-polygon-business-id/config/legacy/legacy_runtime_compatibility.json,.json,2381,53a5ab89dbf9a74e826db3afe9c8036c8c478d1570ba6f82689bf0231b814c4d,REVIEW_REQUIRED,ORIGINALITY_AND_LICENSE_REVIEW,pending-review
mrg_v25_historical,worktrees/v26-b-event-polygon-business-id/config/person_id_scenarios/v25_3_b0_coverage.json,.json,1802,d00a6d44c11f7e28f6d3ac398b21206146b13102daf9843546142403f778bb03,REVIEW_REQUIRED,ORIGINALITY_AND_LICENSE_REVIEW,pending-review
mrg_v25_historical,worktrees/v26-b-event-polygon-business-id/config/person_id_scenarios/v25_3_b0_left_short_edge_20260710_1929.json,.json,2228,8ef421e2c3b15ef18d4d59f3eb89c7ec4a40c11e3dea06939c44c367802a8888,REVIEW_REQUIRED,ORIGINALITY_AND_LICENSE_REVIEW,pending-review
mrg_v25_historical,worktrees/v26-b-event-polygon-business-id/config/person_id_scenarios/v25_3_b0_right_short_edge_x30_y0_7_occlusion_20260710_193530.json,.json,2517,e0ac9e79b4e94e993a2c19d1e6db41c67fd24809ea95cef4e6ab6e0740bbd251,REVIEW_REQUIRED,ORIGINALITY_AND_LICENSE_REVIEW,pending-review
mrg_v25_historical,worktrees/v26-b-event-polygon-business-id/config/person_id_scenarios/v25_3_offline_dataset_matrix.json,.json,2445,85956a630447d6ed57dced33b21262284cddcdb8cd22a29cd075dcea5e3fea32,REVIEW_REQUIRED,ORIGINALITY_AND_LICENSE_REVIEW,pending-review
mrg_v25_historical,worktrees/v26-b-event-polygon-business-id/config/v25_3_world_snapshot_consumers.json,.json,724,94eb7e5d83ccc197ff1f5a812ad81a882536e59bf9eb67288e0edd00cae3c416,REVIEW_REQUIRED,ORIGINALITY_AND_LICENSE_REVIEW,pending-review
mrg_v25_historical,worktrees/v26-b-event-polygon-business-id/config/v25_4_fixture_spec.json,.json,984,8b4cad0c155acfd1dd9b4d6a2a5e4a2f533eee7f2c3cb3ea06c9701219d06009,REVIEW_REQUIRED,ORIGINALITY_AND_LICENSE_REVIEW,pending-review
mrg_v25_historical,worktrees/v26-b-event-polygon-business-id/config/v25_5_fixture_spec.json,.json,1454,361224e071989d6dfc787885c2748561b44d99e566efefbdd8906566a08e01fd,REVIEW_REQUIRED,ORIGINALITY_AND_LICENSE_REVIEW,pending-review
mrg_v25_historical,worktrees/v26-b-event-polygon-business-id/config/v25_5_performance_budgets.json,.json,972,e126436d8e1c19ffb5204201e198f59c3be955e3d4086ddd64c155e633827bc9,REVIEW_REQUIRED,ORIGINALITY_AND_LICENSE_REVIEW,pending-review
mrg_v25_historical,worktrees/v26-b-event-polygon-business-id/config/v25_5_shadow_profile.json,.json,1156,f8abe1ae0e415798a9e78043c58ca9807bd2e74d975b32424b5e55f020d9ca87,REVIEW_REQUIRED,ORIGINALITY_AND_LICENSE_REVIEW,pending-review
mrg_v25_historical,worktrees/v26-b-event-polygon-business-id/config/v25_5_source_ownership.json,.json,1414,5e64e86e6c9769374558b09c7fb7976d4ae2bfd7eeeec744bd7fa70a41f55a31,REVIEW_REQUIRED,ORIGINALITY_AND_LICENSE_REVIEW,pending-review
mrg_v25_historical,worktrees/v26-b-event-polygon-business-id/config/v25_5_sync_policy.json,.json,482,9089160d03a5527424a17fbcbaf7920f4b52aed34aff19bbb2931c26565c86ad,REVIEW_REQUIRED,ORIGINALITY_AND_LICENSE_REVIEW,pending-review
mrg_v25_historical,worktrees/v26-b-event-polygon-business-id/config/v25_8_qualification_policy.json,.json,1653,26fa6cee437cfb4b84b3458fb7c59f72756d00900a51d06889c012e095c688b9,REVIEW_REQUIRED,ORIGINALITY_AND_LICENSE_REVIEW,pending-review
mrg_v25_historical,worktrees/v26-b-event-polygon-business-id/config/v25_8_rc1_freeze.json,.json,34214,f99efb984b009acc9f263b794a97230d6be703cdf9afc3ffb7c227449ffe8383,REVIEW_REQUIRED,ORIGINALITY_AND_LICENSE_REVIEW,pending-review
mrg_v25_historical,worktrees/v26-b-event-polygon-business-id/config/v25_8_rc1_matrix.json,.json,2945,d7226ca967970dc055b1a7cb5151ec2b44f204451a77701b965c22d33dd01c7d,REVIEW_REQUIRED,ORIGINALITY_AND_LICENSE_REVIEW,pending-review
mrg_v25_historical,worktrees/v26-b-event-polygon-business-id/config/v25_8_release_authorities.json,.json,1643,578518d8389ee8b7d2914503ba279fbe43429719026cb0ec18a4ece9810ad8c1,REVIEW_REQUIRED,ORIGINALITY_AND_LICENSE_REVIEW,pending-review
mrg_v25_historical,worktrees/v26-b-event-polygon-business-id/config/v25_platform_freeze.json,.json,34439,d41fdd982f0cbbfa90b6021c2acc55e48c8d4abc709aaa19ff0c815385b3dad0,REVIEW_REQUIRED,ORIGINALITY_AND_LICENSE_REVIEW,pending-review
mrg_v25_historical,worktrees/v26-b-event-polygon-business-id/config/v25_platform_matrix.json,.json,3014,820d744e0cf3d8bf3fd3575c6e6f3c80042d40e03a265211ae15b800697dfc7d,REVIEW_REQUIRED,ORIGINALITY_AND_LICENSE_REVIEW,pending-review
mrg_v25_historical,worktrees/v26-b-event-polygon-business-id/docs/management/README.md,.md,5847,a8c6db9e625b399797e007969e0cd88a07eebd0f568f8c2faaa4b1dcef7d28ac,REVIEW_REQUIRED,ORIGINALITY_AND_LICENSE_REVIEW,pending-review
mrg_v25_historical,worktrees/v26-b-event-polygon-business-id/docs/management/V25_2_B_EXECUTION_REPORT_20260710.md,.md,2551,2b4c2e770080b07b0421e666f1b7f835e9ea1bc8af82eadc18cf76578d139356,REVIEW_REQUIRED,ORIGINALITY_AND_LICENSE_REVIEW,pending-review
mrg_v25_historical,worktrees/v26-b-event-polygon-business-id/docs/management/V25_2_CD_EXECUTION_REPORT_20260710.md,.md,2027,13af2744398eefc246710dd33527babb12793cfa7b41b1ac2477fbc62a4241d1,REVIEW_REQUIRED,ORIGINALITY_AND_LICENSE_REVIEW,pending-review
mrg_v25_historical,worktrees/v26-b-event-polygon-business-id/docs/management/V25_3_A_EXECUTION_REPORT_20260710.md,.md,3515,370b45ab2de18cb86d45243f06d96ab8e8d74b1fe26195a210395043d7e687af,REVIEW_REQUIRED,ORIGINALITY_AND_LICENSE_REVIEW,pending-review
mrg_v25_historical,worktrees/v26-b-event-polygon-business-id/docs/management/V25_3_B0_DATA_GATE_20260710.md,.md,3087,d6f365d7ed1e052d82de387e04511e87a1e6d6073e35f5c01ed9aa2764782fb4,REVIEW_REQUIRED,ORIGINALITY_AND_LICENSE_REVIEW,pending-review
mrg_v25_historical,worktrees/v26-b-event-polygon-business-id/docs/management/V25_3_B1_EXECUTION_REPORT_20260710.md,.md,2917,aaef13966943a3c109a02bf6016f1e85d806324070fa64601b42a8ba7078bb6d,REVIEW_REQUIRED,ORIGINALITY_AND_LICENSE_REVIEW,pending-review
mrg_v25_historical,worktrees/v26-b-event-polygon-business-id/docs/management/V25_3_B2_0_DIAGNOSTIC_REPORT_20260710.md,.md,4684,7ee5fb3fc942d2ac48bd6454318a818b01b3470cbafab7b02781db0c9ea29f98,REVIEW_REQUIRED,ORIGINALITY_AND_LICENSE_REVIEW,pending-review
mrg_v25_historical,worktrees/v26-b-event-polygon-business-id/docs/management/V25_3_B_REVISED_PLAN_20260710.md,.md,3768,2f841f15d0190564f74fd187f8ebc25f92bd9df41a66d4b895d090ae404cc985,REVIEW_REQUIRED,ORIGINALITY_AND_LICENSE_REVIEW,pending-review
mrg_v25_historical,worktrees/v26-b-event-polygon-business-id/docs/management/V25_3_OFFLINE_EXECUTION_REPORT_20260710.md,.md,4774,b241bd534f22fc4c126a524bd5975d1800503d013dc5b461bdbc9688ee20bfbf,REVIEW_REQUIRED,ORIGINALITY_AND_LICENSE_REVIEW,pending-review
mrg_v25_historical,worktrees/v26-b-event-polygon-business-id/docs/management/V25_4_EXECUTION_REPORT_20260710.md,.md,6083,6187a3d0cdc4214f829870df6ba16f73c4ea1e2e277a8ccfff24c13d0c1f9c4d,REVIEW_REQUIRED,ORIGINALITY_AND_LICENSE_REVIEW,pending-review
mrg_v25_historical,worktrees/v26-b-event-polygon-business-id/docs/management/V25_4_OPTIMIZED_PLAN_20260710.md,.md,6440,0e9c3af1273c93e966dcc939b84d6475ee42b007ca92a334fe856b35087fa1f6,REVIEW_REQUIRED,ORIGINALITY_AND_LICENSE_REVIEW,pending-review
mrg_v25_historical,worktrees/v26-b-event-polygon-business-id/docs/management/V25_5_0_GATE_REPORT_20260710.md,.md,2723,ccfea8a5c982a2d73a3ec5f415866bfc46adb6f35386cbef3422be9d9419570b,REVIEW_REQUIRED,ORIGINALITY_AND_LICENSE_REVIEW,pending-review
mrg_v25_historical,worktrees/v26-b-event-polygon-business-id/docs/management/V25_5_A_EXECUTION_REPORT_20260710.md,.md,2843,287c330d1b8fc08a4d6565094e1419884ae95bcb191e12914ea446ae6e994489,REVIEW_REQUIRED,ORIGINALITY_AND_LICENSE_REVIEW,pending-review
mrg_v25_historical,worktrees/v26-b-event-polygon-business-id/docs/management/V25_5_B_EXECUTION_REPORT_20260710.md,.md,3279,b075a35ce0ff4105ce11391133ee84ea16cfd64ec4ca9addb9a5717b4c43e0d0,REVIEW_REQUIRED,ORIGINALITY_AND_LICENSE_REVIEW,pending-review
mrg_v25_historical,worktrees/v26-b-event-polygon-business-id/docs/management/V25_5_C2_EXECUTION_REPORT_20260711.md,.md,1636,7a5ffa858a7c5d14007942fa674da09a222509ce5b63171bb5571989619e27ea,REVIEW_REQUIRED,ORIGINALITY_AND_LICENSE_REVIEW,pending-review
mrg_v25_historical,worktrees/v26-b-event-polygon-business-id/docs/management/V25_5_C_STOP_REPORT_20260711.md,.md,6099,4c5ce759fab0c53d409088807435ac5ffa3aafa885d456521cceedd7dfa029b3,REVIEW_REQUIRED,ORIGINALITY_AND_LICENSE_REVIEW,pending-review
mrg_v25_historical,worktrees/v26-b-event-polygon-business-id/docs/management/V25_5_D_EXECUTION_REPORT_20260711.md,.md,915,4a55e5e7c04acf866d8cacf18528c219a9e77e651ba5c064c2508396be568786,REVIEW_REQUIRED,ORIGINALITY_AND_LICENSE_REVIEW,pending-review
mrg_v25_historical,worktrees/v26-b-event-polygon-business-id/docs/management/V25_5_E_RC1_FREEZE_REPORT_20260711.md,.md,1443,19218536192098b5eae51fd4937fc8786c3f62c4f308ec241b40bcbdf83a9cb5,REVIEW_REQUIRED,ORIGINALITY_AND_LICENSE_REVIEW,pending-review
mrg_v25_historical,worktrees/v26-b-event-polygon-business-id/docs/management/V25_5_E_RC2_FREEZE_REPORT_20260711.md,.md,1135,1f73228f3f031f480577955400cb326318fe9533545aa30d9b47cda00641abb4,REVIEW_REQUIRED,ORIGINALITY_AND_LICENSE_REVIEW,pending-review
mrg_v25_historical,worktrees/v26-b-event-polygon-business-id/docs/management/V25_5_F_RC2_EARLY_STOP_REVIEW_20260711.md,.md,4515,0b555c25ed1aaabe81bc4740084c992e742eeb77701b573f2acfcd5f81a65111,REVIEW_REQUIRED,ORIGINALITY_AND_LICENSE_REVIEW,pending-review
mrg_v25_historical,worktrees/v26-b-event-polygon-business-id/docs/management/V25_5_REVISED_PLAN_20260710.md,.md,12633,cb89c8e44a4477063ab5b359c9ecffa21e86844705fd336e1820d6e523d5fc22,REVIEW_REQUIRED,ORIGINALITY_AND_LICENSE_REVIEW,pending-review
mrg_v25_historical,worktrees/v26-b-event-polygon-business-id/docs/management/V25_6_MINIMAL_PROGRESS_REPORT_20260711.md,.md,881,6e5c72aaf131d91cc0da15bf2f50226aeab3e3f9fe9562fa9ef58d37967fb0ee,REVIEW_REQUIRED,ORIGINALITY_AND_LICENSE_REVIEW,pending-review
mrg_v25_historical,worktrees/v26-b-event-polygon-business-id/docs/management/V25_7_MINIMAL_PROGRESS_REPORT_20260711.md,.md,699,63eb71e1b4285ac7bc12de154f21d93df0ba1a9363da5a450d3a3f0b89676403,REVIEW_REQUIRED,ORIGINALITY_AND_LICENSE_REVIEW,pending-review
mrg_v25_historical,worktrees/v26-b-event-polygon-business-id/docs/management/V25_8_2_SYNC_TIMELINE_REPAIR_20260711.md,.md,3041,567efc745be2b37777931496fba3929a9944d6e4709892cf1c08f4338134878b,REVIEW_REQUIRED,ORIGINALITY_AND_LICENSE_REVIEW,pending-review
mrg_v25_historical,worktrees/v26-b-event-polygon-business-id/docs/management/V25_8_3_MVS_LATE_DROP_BUDGET_20260711.md,.md,3058,add5ca105ba1fe0c9785fbb91a5ee4ba80271a396c1895500dadde5a767f5dae,REVIEW_REQUIRED,ORIGINALITY_AND_LICENSE_REVIEW,pending-review
mrg_v25_historical,worktrees/v26-b-event-polygon-business-id/docs/management/V25_8_4_BASELINE_GATE_REPAIR_20260711.md,.md,2207,860c427ee906b04fb4ddba7daeef660757549ffbc35d2ea7fae7d38454a7af8d,REVIEW_REQUIRED,ORIGINALITY_AND_LICENSE_REVIEW,pending-review
mrg_v25_historical,worktrees/v26-b-event-polygon-business-id/docs/management/V25_8_5_PLATFORM_CLOSEOUT_PASS_20260711.md,.md,2806,07fb2e4cd7b115d90e3683ffea40d46bc08d8167fbe6f42ecc73ddb343805315,REVIEW_REQUIRED,ORIGINALITY_AND_LICENSE_REVIEW,pending-review
mrg_v25_historical,worktrees/v26-b-event-polygon-business-id/docs/management/V25_8_5_PREAMBLE_STARTUP_REPAIR_20260711.md,.md,3161,9499abde2017850265d76bda1bfc28ebaf3f8acad788c7bc78ca26c80274e5a0,REVIEW_REQUIRED,ORIGINALITY_AND_LICENSE_REVIEW,pending-review
mrg_v25_historical,worktrees/v26-b-event-polygon-business-id/docs/management/V25_8_MINIMAL_SMOKE_REPORT_20260711.md,.md,1996,dc12ba181b41d037ff099289dcb1dbfa8a14224e62d46793d71859005f6f26fd,REVIEW_REQUIRED,ORIGINALITY_AND_LICENSE_REVIEW,pending-review
mrg_v25_historical,worktrees/v26-b-event-polygon-business-id/docs/management/V25_8_R1_BLOCKED_REPORT_20260711.md,.md,2999,631410afe8a34c9d05bd1d6f5f95b620def97d0d9e6f715da3c35c942b37b81a,REVIEW_REQUIRED,ORIGINALITY_AND_LICENSE_REVIEW,pending-review
mrg_v25_historical,worktrees/v26-b-event-polygon-business-id/docs/management/V25_8_R1_PYTHON_SUPERVISOR_REPORT_20260711.md,.md,1483,2aaa87dad8698feacd201dac6ded7db9b4df0c57ed9cdb4ba75be4bc94a1cdad,REVIEW_REQUIRED,ORIGINALITY_AND_LICENSE_REVIEW,pending-review
mrg_v25_historical,worktrees/v26-b-event-polygon-business-id/docs/management/V25_8_R2_EXECUTION_REPORT_20260711.md,.md,2777,22a311d5a25c706ba26b912ddd84fa5bba6b37b6f8dfbd3f6015468e4ac7bcc2,REVIEW_REQUIRED,ORIGINALITY_AND_LICENSE_REVIEW,pending-review
mrg_v25_historical,worktrees/v26-b-event-polygon-business-id/docs/management/V25_8_R3_EXECUTION_REPORT_20260711.md,.md,3377,117cf7621814e1dfe6b4b89093f32e13fcfddfbd2c1a04317ebfba6ffd31747f,REVIEW_REQUIRED,ORIGINALITY_AND_LICENSE_REVIEW,pending-review
mrg_v25_historical,worktrees/v26-b-event-polygon-business-id/docs/management/V25_8_R4_EXECUTION_REPORT_20260711.md,.md,2102,15041740601ccbd206ce90a93218e92693a3df101c7ec408e4f4f3c8fd2498f4,REVIEW_REQUIRED,ORIGINALITY_AND_LICENSE_REVIEW,pending-review
mrg_v25_historical,worktrees/v26-b-event-polygon-business-id/docs/management/V25_8_R5_RELEASE_GOVERNANCE_REPORT_20260711.md,.md,3834,03eed788de431ae2c2e4893299d6acfe61fd112f0691c8baa35b029aff1c68ea,REVIEW_REQUIRED,ORIGINALITY_AND_LICENSE_REVIEW,pending-review
mrg_v25_historical,worktrees/v26-b-event-polygon-business-id/docs/management/V25_8_RC1_C1_OFFLINE_FAILURE_20260711.md,.md,1416,fa4220e3ad29c1e39d6b8734ef9676a54ca9cc911f948c379707cad578f36413,REVIEW_REQUIRED,ORIGINALITY_AND_LICENSE_REVIEW,pending-review
mrg_v25_historical,worktrees/v26-b-event-polygon-business-id/docs/management/V25_8_RC1_C2_EARLY_STOP_REVIEW_20260711.md,.md,3715,8860a84974e1c66525dcefc3db0281aebe28a3840d59b2d2e3fe1b366513e9d2,REVIEW_REQUIRED,ORIGINALITY_AND_LICENSE_REVIEW,pending-review
mrg_v25_historical,worktrees/v26-b-event-polygon-business-id/docs/management/V25_8_R_AUTOMATED_REMEDIATION_PLAN_20260711.md,.md,4325,d02df40792ce158b361e3c54c0bd4c433fdf267189e5a3b078b3b463f3f790f9,REVIEW_REQUIRED,ORIGINALITY_AND_LICENSE_REVIEW,pending-review
mrg_v25_historical,worktrees/v26-b-event-polygon-business-id/docs/management/V25_CONTRACT_MATRIX.md,.md,2263,4d6137923f6360b345d895a64447a99fe8b68af7d69fcea1414d30cb7acddf1c,REVIEW_REQUIRED,ORIGINALITY_AND_LICENSE_REVIEW,pending-review
mrg_v25_historical,worktrees/v26-b-event-polygon-business-id/docs/management/V25_DECISION_LOG.md,.md,15962,e6f9e930dbb75842319038e6b63b934d8ed0c58c61c86141c88d4909c8d05cd3,REVIEW_REQUIRED,ORIGINALITY_AND_LICENSE_REVIEW,pending-review
mrg_v25_historical,worktrees/v26-b-event-polygon-business-id/docs/management/V25_DEFERRED_BUSINESS_BACKLOG.md,.md,1758,825a210f093ffbd231476c5964f45e1221475c58dac1d4caf1073598c11c627a,REVIEW_REQUIRED,ORIGINALITY_AND_LICENSE_REVIEW,pending-review
mrg_v25_historical,worktrees/v26-b-event-polygon-business-id/docs/management/V25_EXECUTION_REPORT_20260710.md,.md,2867,f2ef9630b683c07b79fcaed86bb28ac0fbc5b097a558729729ae4e6dd0bb504b,REVIEW_REQUIRED,ORIGINALITY_AND_LICENSE_REVIEW,pending-review
mrg_v25_historical,worktrees/v26-b-event-polygon-business-id/docs/management/V25_GITHUB_REPOSITORY_MAP.md,.md,2371,afeced1ab894d0aa1a944292275417c46a9c36c421c05ac99bfb63b9c3494cc4,REVIEW_REQUIRED,ORIGINALITY_AND_LICENSE_REVIEW,pending-review
mrg_v25_historical,worktrees/v26-b-event-polygon-business-id/docs/management/V25_HANDOFF_CN.md,.md,5330,5d25eeb150d9766a67be3d34d7e4285df009d8808d1bcc1eeb4f175ed887f88f,REVIEW_REQUIRED,ORIGINALITY_AND_LICENSE_REVIEW,pending-review
mrg_v25_historical,worktrees/v26-b-event-polygon-business-id/docs/management/V25_LEGACY_BASELINE_DEPLOYMENT.md,.md,1918,333b5fee747049eb9902bf64c6f8a7758e7a19856d8572dc0b71cbfc58f11d21,REVIEW_REQUIRED,ORIGINALITY_AND_LICENSE_REVIEW,pending-review
mrg_v25_historical,worktrees/v26-b-event-polygon-business-id/docs/management/V25_LEGACY_DATASET_ADAPTER.md,.md,2326,9648712a17d77854c5f2f31f0dcc96444795eba50a1e1454796d2127db7c5794,REVIEW_REQUIRED,ORIGINALITY_AND_LICENSE_REVIEW,pending-review
mrg_v25_historical,worktrees/v26-b-event-polygon-business-id/docs/management/V25_LEGACY_RUNTIME_CLOSURE.md,.md,2752,b41238192867dc3678c15c958c707ac2474566f6bf7f63c0da41d39b8acbfbc6,REVIEW_REQUIRED,ORIGINALITY_AND_LICENSE_REVIEW,pending-review
mrg_v25_historical,worktrees/v26-b-event-polygon-business-id/docs/management/V25_MASTER_PLAN.md,.md,10867,d7d0447f98d90cbe6ccd4a6c9e831abacbf21331060297ae8d8f44856ad364d7,REVIEW_REQUIRED,ORIGINALITY_AND_LICENSE_REVIEW,pending-review
mrg_v25_historical,worktrees/v26-b-event-polygon-business-id/docs/management/V25_MIGRATION_LEDGER.md,.md,1972,6f2d6755cefdc2a71ce7d60bb21d9073fe59dac1972d45dfad38172040627a73,REVIEW_REQUIRED,ORIGINALITY_AND_LICENSE_REVIEW,pending-review
mrg_v25_historical,worktrees/v26-b-event-polygon-business-id/docs/management/V25_OFFLINE_AUTHORITY_MASTER_PLAN_20260710.md,.md,10492,61bf7929d22cc31d1ddefbc6971ffaf7c760df5745444c084ec3f71a890d562d,REVIEW_REQUIRED,ORIGINALITY_AND_LICENSE_REVIEW,pending-review
mrg_v25_historical,worktrees/v26-b-event-polygon-business-id/docs/management/V25_OPEN_CLOSED_POLICY.md,.md,1179,48b31070539e7142ecb4364eccad2676f545c29b42a898a177b2b2c51815694d,REVIEW_REQUIRED,ORIGINALITY_AND_LICENSE_REVIEW,pending-review
mrg_v25_historical,worktrees/v26-b-event-polygon-business-id/docs/management/V25_PLAN_SUPERSESSION_20260711.md,.md,3448,37b642303562a14421882cb76ab0f3890b19cf7ea8935c0dc45cb92bba61a732,REVIEW_REQUIRED,ORIGINALITY_AND_LICENSE_REVIEW,pending-review
mrg_v25_historical,worktrees/v26-b-event-polygon-business-id/docs/management/V25_PLATFORM_CLOSEOUT_EXECUTION.md,.md,6411,de20f22628f5f83af0c07df26a0a5756097b90a1522a02675b9c1ecbecf3627e,REVIEW_REQUIRED,ORIGINALITY_AND_LICENSE_REVIEW,pending-review
mrg_v25_historical,worktrees/v26-b-event-polygon-business-id/docs/management/V25_PLATFORM_MINIMUM_CLOSEOUT_PLAN.md,.md,6584,4c80727360d1b4f3cae357474dadcf131960231562aabf95949dcf4203f4a3bd,REVIEW_REQUIRED,ORIGINALITY_AND_LICENSE_REVIEW,pending-review
mrg_v25_historical,worktrees/v26-b-event-polygon-business-id/docs/management/V25_PLATFORM_RC3_FAILURE_REPORT_20260711.md,.md,3667,3eb35f3ac9a05e59368a3985b5b68d3c093de3d16dbd6439e7671d0d84f26fa3,REVIEW_REQUIRED,ORIGINALITY_AND_LICENSE_REVIEW,pending-review
mrg_v25_historical,worktrees/v26-b-event-polygon-business-id/docs/management/V25_PROJECT_CHARTER.md,.md,2246,9ecc1bc794383987b5e78f88aa4291e96da6b54b03fd4baa2ce7c4db7b4f9e15,REVIEW_REQUIRED,ORIGINALITY_AND_LICENSE_REVIEW,pending-review
mrg_v25_historical,worktrees/v26-b-event-polygon-business-id/docs/management/V25_RELEASE_CHECKLIST.md,.md,7741,33b3eed7b21b6fe467fa3d612849ce97da128bd8df365a090e05c975d4045553,REVIEW_REQUIRED,ORIGINALITY_AND_LICENSE_REVIEW,pending-review
mrg_v25_historical,worktrees/v26-b-event-polygon-business-id/docs/management/V25_REPLAY_REGRESSION.md,.md,2108,fdbd3172bcb99989b17c43bcef5dc96424cd85c9c403d22baa15cdb68ca6f6ac,REVIEW_REQUIRED,ORIGINALITY_AND_LICENSE_REVIEW,pending-review
mrg_v25_historical,worktrees/v26-b-event-polygon-business-id/docs/management/V25_REPO_CATALOG.md,.md,1376,ef47936c79d5feda5d73912a4579dfdd6d4f0135b51d059625be739a981a4ca9,REVIEW_REQUIRED,ORIGINALITY_AND_LICENSE_REVIEW,pending-review
mrg_v25_historical,worktrees/v26-b-event-polygon-business-id/docs/management/V25_RISK_GATE_20260710.md,.md,1745,a977ce743800e136eb2e834e8b5468baf644bbb142e91fe6cb881cad2bef4942,REVIEW_REQUIRED,ORIGINALITY_AND_LICENSE_REVIEW,pending-review
mrg_v25_historical,worktrees/v26-b-event-polygon-business-id/docs/management/V25_RISK_REGISTER.md,.md,18156,5b4fabd11d5c44d1a7f0081b58a1e3f0b21f84fa389af6611f5f61eb4ff749e5,REVIEW_REQUIRED,ORIGINALITY_AND_LICENSE_REVIEW,pending-review
mrg_v25_historical,worktrees/v26-b-event-polygon-business-id/docs/management/V25_TEST_MATRIX.md,.md,5264,1d13bf2b80ef31e62986ec8cad5e8d6611944ac14a09846334ac236902c892bb,REVIEW_REQUIRED,ORIGINALITY_AND_LICENSE_REVIEW,pending-review
mrg_v25_historical,worktrees/v26-b-event-polygon-business-id/docs/management/V25_WBS.md,.md,3919,c09d91462d29c9eb5dacc1d84c95ea5539550f51256989f14a9a79859353420e,REVIEW_REQUIRED,ORIGINALITY_AND_LICENSE_REVIEW,pending-review
mrg_v25_historical,worktrees/v26-b-event-polygon-business-id/docs/management/V26_B_ONLINE_SHADOW_REPORT_20260711.md,.md,3778,aa254d9556e35fb2893ee42e600fe0d0e986371faa267fae8b208e193693295a,REVIEW_REQUIRED,ORIGINALITY_AND_LICENSE_REVIEW,pending-review
mrg_v25_historical,worktrees/v26-b-event-polygon-business-id/docs/management/V26_PATCH_FANOUT_BASELINE_20260711.md,.md,5074,f31d0c19982f8a2249a869890d02b561d3304f0c6d7a12e66385be4bfa636d7f,REVIEW_REQUIRED,ORIGINALITY_AND_LICENSE_REVIEW,pending-review
mrg_v25_historical,worktrees/v26-b-event-polygon-business-id/docs/management/patch_records/README.md,.md,389,4d40c2bc102f79a14003b2dbb4a832b8548b45cb6412579b43b149280c303240,REVIEW_REQUIRED,ORIGINALITY_AND_LICENSE_REVIEW,pending-review
mrg_v25_historical,worktrees/v26-b-event-polygon-business-id/docs/management/patch_records/v26-b.md,.md,2699,36c66d3e10ea6ac6d241565397deeb54ecac07b8ae31da645cc2277a10d65007,REVIEW_REQUIRED,ORIGINALITY_AND_LICENSE_REVIEW,pending-review
mrg_v25_historical,worktrees/v26-b-event-polygon-business-id/docs/management/release_records/V25_8_R5_20260711/authority_exercise_report.json,.json,2488,6c75548b633a7b05b7285abcadd6617b95800f928a5c0eb6f4398cbd4227ce9a,REVIEW_REQUIRED,ORIGINALITY_AND_LICENSE_REVIEW,pending-review
mrg_v25_historical,worktrees/v26-b-event-polygon-business-id/docs/management/release_records/V25_8_R5_20260711/github_remote_verification.json,.json,3877,4e70392459f38b656da7dafd5521397d48e2c4e48da2bebf29034761e3353ee0,REVIEW_REQUIRED,ORIGINALITY_AND_LICENSE_REVIEW,pending-review
mrg_v25_historical,worktrees/v26-b-event-polygon-business-id/docs/management/release_records/V25_8_R5_20260711/sbom.cdx.json,.json,11253,f83819d77106a1905c4f2003eba8203731bbd19eb15fd0d85e6276f4d06368f4,REVIEW_REQUIRED,ORIGINALITY_AND_LICENSE_REVIEW,pending-review
mrg_v25_historical,worktrees/v26-b-event-polygon-business-id/docs/management/release_records/V25_8_R5_20260711/v25_8_r5_governance_report.json,.json,10142,4e6e0e42b74d3f2910b56840b51e6505ff2d348cbe6c39e5c5224762169a51d5,REVIEW_REQUIRED,ORIGINALITY_AND_LICENSE_REVIEW,pending-review
mrg_v25_historical,worktrees/v26-b-event-polygon-business-id/pyproject.toml,.toml,791,d896b45aefc431b459541ecb1d357547702076d57cb25538b24106807d578af7,REVIEW_REQUIRED,ORIGINALITY_AND_LICENSE_REVIEW,pending-review
mrg_v25_historical,worktrees/v26-b-event-polygon-business-id/remote_ops/analyze_v25_8_r2_gaps.py,.py,6900,9b0987e4e2aacf28f108412ff3bba6c0f289d88da70519eba05f79b62bbccd4d,REVIEW_REQUIRED,ORIGINALITY_AND_LICENSE_REVIEW,pending-review
mrg_v25_historical,worktrees/v26-b-event-polygon-business-id/remote_ops/analyze_world_state_shadow_ab.py,.py,6460,f431fc83e7e956d38d392d44c55b73a6cb1e66a266d83d55a0fef98c4b2292f1,REVIEW_REQUIRED,ORIGINALITY_AND_LICENSE_REVIEW,pending-review
mrg_v25_historical,worktrees/v26-b-event-polygon-business-id/remote_ops/audit_legacy_snapshot.py,.py,6082,de77133b7712194ff29625aee35d0c93cc092638405ccdc7bf4178002f7c6e99,REVIEW_REQUIRED,ORIGINALITY_AND_LICENSE_REVIEW,pending-review
mrg_v25_historical,worktrees/v26-b-event-polygon-business-id/remote_ops/check_legacy_runtime.sh,.sh,4720,8df34e131d11d5daf02ed428ce8ef0cba817bbaaba7baea583d8682e424bf424,REVIEW_REQUIRED,ORIGINALITY_AND_LICENSE_REVIEW,pending-review
mrg_v25_historical,worktrees/v26-b-event-polygon-business-id/remote_ops/deploy_legacy_snapshot.sh,.sh,7427,1d6137dd8b283b9e0c647a20735b4368edf0d3e1d5b4d0f66c2413ae82a4d7c5,REVIEW_REQUIRED,ORIGINALITY_AND_LICENSE_REVIEW,pending-review
mrg_v25_historical,worktrees/v26-b-event-polygon-business-id/remote_ops/evaluate_v25_5_f.py,.py,5796,c6e7819515f71ba4a310d50350e3c064bfd6c7bf5dde6e349fb65c517f0fbfa5,REVIEW_REQUIRED,ORIGINALITY_AND_LICENSE_REVIEW,pending-review
mrg_v25_historical,worktrees/v26-b-event-polygon-business-id/remote_ops/evaluate_v25_8_r2.py,.py,7146,1df2e723a6d09b7852620cf0ad7d983a40fb5c922b791c5f3e449fd703cd4665,REVIEW_REQUIRED,ORIGINALITY_AND_LICENSE_REVIEW,pending-review
mrg_v25_historical,worktrees/v26-b-event-polygon-business-id/remote_ops/evaluate_v25_8_r3.py,.py,9552,29f32eb77ed2c15b983dbc39489b831f70cbd09c153ad61a5cf0e9c5b8909575,REVIEW_REQUIRED,ORIGINALITY_AND_LICENSE_REVIEW,pending-review
mrg_v25_historical,worktrees/v26-b-event-polygon-business-id/remote_ops/evaluate_v25_8_r4.py,.py,9898,280ecb628b048a7b7bd5d2e93ef2dd67d14e8b07f76c1970ad6afa7ff5c0d8ed,REVIEW_REQUIRED,ORIGINALITY_AND_LICENSE_REVIEW,pending-review
mrg_v25_historical,worktrees/v26-b-event-polygon-business-id/remote_ops/evaluate_v25_8_rc1.py,.py,27618,e0e504b6cdc6e2db4c430b1163b3cd945ba36bc46f0a61ef45061bc18fdf0fc7,REVIEW_REQUIRED,ORIGINALITY_AND_LICENSE_REVIEW,pending-review
mrg_v25_historical,worktrees/v26-b-event-polygon-business-id/remote_ops/finalize_world_state_shadow_ab.py,.py,2623,90e7260d9f9bd4b6e3bfe82c9631fe2c49bf31c21956e65ffde18882bc1431c9,REVIEW_REQUIRED,ORIGINALITY_AND_LICENSE_REVIEW,pending-review
mrg_v25_historical,worktrees/v26-b-event-polygon-business-id/remote_ops/inspect_v25_4_evidence.py,.py,4047,88ac95bd14e3d431db453b639484cf92e0b91b33176fb545e97f5fa00933f71a,REVIEW_REQUIRED,ORIGINALITY_AND_LICENSE_REVIEW,pending-review
mrg_v25_historical,worktrees/v26-b-event-polygon-business-id/remote_ops/inspect_v25_5_c_inputs.py,.py,4203,0caea5927b1996155eb5dad39a2a6df7ebaa01f0ba5462d9596af8668babf10c,REVIEW_REQUIRED,ORIGINALITY_AND_LICENSE_REVIEW,pending-review
mrg_v25_historical,worktrees/v26-b-event-polygon-business-id/remote_ops/inspect_world_state_ab_result.py,.py,2740,ece613aeb098d65487a412d185ff792f93a478ca599e0f5e721a7f3f977f8c9a,REVIEW_REQUIRED,ORIGINALITY_AND_LICENSE_REVIEW,pending-review
mrg_v25_historical,worktrees/v26-b-event-polygon-business-id/remote_ops/inspect_world_state_runtime.py,.py,2986,89807f87d063618bd7fed1f0dde634bf0bd060bdc6b445105a941cf7ed9227d9,REVIEW_REQUIRED,ORIGINALITY_AND_LICENSE_REVIEW,pending-review
mrg_v25_historical,worktrees/v26-b-event-polygon-business-id/remote_ops/monitor_world_state_shadow.py,.py,3737,c8759a59b68e63c7d6823153c2d0f295644c2ff7b26e520096566291fd357a63,REVIEW_REQUIRED,ORIGINALITY_AND_LICENSE_REVIEW,pending-review
mrg_v25_historical,worktrees/v26-b-event-polygon-business-id/remote_ops/render_legacy_start.sh,.sh,586,78de684fe86da7447c952538b48db7346bc2be7e1f648844604015688267c3aa,REVIEW_REQUIRED,ORIGINALITY_AND_LICENSE_REVIEW,pending-review
mrg_v25_historical,worktrees/v26-b-event-polygon-business-id/remote_ops/render_v25_8_r2_profile.py,.py,2084,0c5c56d01ccbefe566e33251917dcca37c928ba7d12ddb94d3b21fbb1992fbe9,REVIEW_REQUIRED,ORIGINALITY_AND_LICENSE_REVIEW,pending-review
mrg_v25_historical,worktrees/v26-b-event-polygon-business-id/remote_ops/render_v25_8_r3_profile.py,.py,3660,9e1aae867704d1690f46c9f1ea72e877387acebfc89acdc32f6f4dd2b3de7738,REVIEW_REQUIRED,ORIGINALITY_AND_LICENSE_REVIEW,pending-review
mrg_v25_historical,worktrees/v26-b-event-polygon-business-id/remote_ops/render_v25_8_r4_profile.py,.py,4325,2b91191c64b2cc8e36c896f1c929e2db3a9ab2503f56fc606a55cd71c3b7fcce,REVIEW_REQUIRED,ORIGINALITY_AND_LICENSE_REVIEW,pending-review
mrg_v25_historical,worktrees/v26-b-event-polygon-business-id/remote_ops/render_world_state_shadow_profile.py,.py,1288,d6758eaeb806f58795ef835a8f01095f3177f93a36e3907aa75b74435b8bd8e5,REVIEW_REQUIRED,ORIGINALITY_AND_LICENSE_REVIEW,pending-review
mrg_v25_historical,worktrees/v26-b-event-polygon-business-id/remote_ops/report_v25_8_rc1.py,.py,6181,84386d48dca94656223e585b349afe7a3f21b26138f6ca8df8501599ded8899a,REVIEW_REQUIRED,ORIGINALITY_AND_LICENSE_REVIEW,pending-review
mrg_v25_historical,worktrees/v26-b-event-polygon-business-id/remote_ops/restore_legacy_snapshot_backup.sh,.sh,3175,3bafa4c3df09b911d117e9dbc4ee1fc0c05fda186c31d98a6b60258e2b57b002,REVIEW_REQUIRED,ORIGINALITY_AND_LICENSE_REVIEW,pending-review
mrg_v25_historical,worktrees/v26-b-event-polygon-business-id/remote_ops/run_v25_3_offline_matrix.py,.py,4466,f17d273bcd8f9e8fba97203ab1f45e4ba1086c352a0add59d4b83e1318c8c537,REVIEW_REQUIRED,ORIGINALITY_AND_LICENSE_REVIEW,pending-review
mrg_v25_historical,worktrees/v26-b-event-polygon-business-id/remote_ops/run_v25_5_a_mvs_shadow.sh,.sh,3297,31c5f4b6c643288b196d9cccfc7a9b46e6c0a63a2c802a60f35c5301669ece0a,REVIEW_REQUIRED,ORIGINALITY_AND_LICENSE_REVIEW,pending-review
mrg_v25_historical,worktrees/v26-b-event-polygon-business-id/remote_ops/run_v25_5_b_event_shadow.sh,.sh,3340,e4ea49353445718ab900bdb703dc2c9fbb57ccea1d71d3228751cd5b56410ec8,REVIEW_REQUIRED,ORIGINALITY_AND_LICENSE_REVIEW,pending-review
mrg_v25_historical,worktrees/v26-b-event-polygon-business-id/remote_ops/run_v25_5_c2_coded_preamble.sh,.sh,4638,f1494800706be19d32eaff975bd5cec0b71e763909ae7374eca21051dd945d8c,REVIEW_REQUIRED,ORIGINALITY_AND_LICENSE_REVIEW,pending-review
mrg_v25_historical,worktrees/v26-b-event-polygon-business-id/remote_ops/run_v25_5_c_sync_shadow.sh,.sh,3690,ab00bc26b2e563d1c859df978b3af1603dd36949e7913db65f9e1cc86a9a1db0,REVIEW_REQUIRED,ORIGINALITY_AND_LICENSE_REVIEW,pending-review
mrg_v25_historical,worktrees/v26-b-event-polygon-business-id/remote_ops/run_v25_5_f_gate.sh,.sh,8442,2a05870a93e5f22a5e28a3db3018264f335b01fc1e55265b08705a332bf63008,REVIEW_REQUIRED,ORIGINALITY_AND_LICENSE_REVIEW,pending-review
mrg_v25_historical,worktrees/v26-b-event-polygon-business-id/remote_ops/run_v25_8_r2_sync_bev.sh,.sh,5451,eb318c309f4d43dffdde9c23b71dcc2e0f166cd30309bf50872e834fa5a6bd20,REVIEW_REQUIRED,ORIGINALITY_AND_LICENSE_REVIEW,pending-review
mrg_v25_historical,worktrees/v26-b-event-polygon-business-id/remote_ops/run_v25_8_r3_bev_contract_disk.sh,.sh,8003,fc32d2c56b1d0c3e9713b78a892cb1ca4f5b2cae168aa761c7e04890e9e8e83a,REVIEW_REQUIRED,ORIGINALITY_AND_LICENSE_REVIEW,pending-review
mrg_v25_historical,worktrees/v26-b-event-polygon-business-id/remote_ops/run_v25_8_r4_live_shadow.sh,.sh,8843,1aa8277b7abe6f55217ab144d720c376f18ab6fe7bb0cdec77efc431e67d8534,REVIEW_REQUIRED,ORIGINALITY_AND_LICENSE_REVIEW,pending-review
mrg_v25_historical,worktrees/v26-b-event-polygon-business-id/remote_ops/run_v25_8_r5_governance.sh,.sh,4332,27fcb823408dbbf2bd3f993f4d57e40e7f21966714755a7faa40342ff10da13b,REVIEW_REQUIRED,ORIGINALITY_AND_LICENSE_REVIEW,pending-review
mrg_v25_historical,worktrees/v26-b-event-polygon-business-id/remote_ops/run_v25_8_rc1_matrix.py,.py,40780,086d310167e48e796604088a1358f559900b8e60d0b89903da9dd2a2c6bd2ad4,REVIEW_REQUIRED,ORIGINALITY_AND_LICENSE_REVIEW,pending-review
mrg_v25_historical,worktrees/v26-b-event-polygon-business-id/remote_ops/run_v25_8_rc1_matrix.sh,.sh,402,9670b8bb086af15c6e44c88e9707c4381bb747a821d34ab950a28c87065a2b47,REVIEW_REQUIRED,ORIGINALITY_AND_LICENSE_REVIEW,pending-review
mrg_v25_historical,worktrees/v26-b-event-polygon-business-id/remote_ops/run_world_state_evaluation.sh,.sh,1184,b9a8ac793dd9e2b7b053eba2f60cdd992955413c8904dc5578fc94374456e3d3,REVIEW_REQUIRED,ORIGINALITY_AND_LICENSE_REVIEW,pending-review
mrg_v25_historical,worktrees/v26-b-event-polygon-business-id/remote_ops/run_world_state_shadow_ab.sh,.sh,6398,8684108e8a30ff6b862679245fce3b71d9e36e329e02442520739e6f00a6c8ee,REVIEW_REQUIRED,ORIGINALITY_AND_LICENSE_REVIEW,pending-review
mrg_v25_historical,worktrees/v26-b-event-polygon-business-id/remote_ops/sample_full_system_status.py,.py,15586,3aa9517e2244b7ff11e356fe8f35d117aa9a0d5f589ad72e08b3007d348168b7,REVIEW_REQUIRED,ORIGINALITY_AND_LICENSE_REVIEW,pending-review
mrg_v25_historical,worktrees/v26-b-event-polygon-business-id/remote_ops/self_test_legacy_snapshot.sh,.sh,2061,02c7ee9ba9724f053b578a1ba29417357c7e105b77da25285e3a3cd71836e8b5,REVIEW_REQUIRED,ORIGINALITY_AND_LICENSE_REVIEW,pending-review
mrg_v25_historical,worktrees/v26-b-event-polygon-business-id/remote_ops/self_test_unattended_lifecycle.sh,.sh,772,d770756ba44c2313d3f2eabc3ecc466ef52e1262417b6712ccbd0e5ba6e736be,REVIEW_REQUIRED,ORIGINALITY_AND_LICENSE_REVIEW,pending-review
mrg_v25_historical,worktrees/v26-b-event-polygon-business-id/remote_ops/unattended_job_wrapper.sh,.sh,1288,292f8b5c2eed329690fd0e2f2f42f22a9375973d46ae624dd3a8ca3e617f7459,REVIEW_REQUIRED,ORIGINALITY_AND_LICENSE_REVIEW,pending-review
mrg_v25_historical,worktrees/v26-b-event-polygon-business-id/remote_ops/unattended_lifecycle.sh,.sh,2341,8ce306eb820f9c1ad5b761469a95c57d3a611507d2a971c400f8ca175ae0f037,REVIEW_REQUIRED,ORIGINALITY_AND_LICENSE_REVIEW,pending-review
mrg_v25_historical,worktrees/v26-b-event-polygon-business-id/remote_ops/unattended_payload_supervisor.py,.py,5196,ebcb07c6e7188afff5496cb5c29a15c936ad149f769b474960f0086f44038f39,REVIEW_REQUIRED,ORIGINALITY_AND_LICENSE_REVIEW,pending-review
mrg_v25_historical,worktrees/v26-b-event-polygon-business-id/remote_ops/unattended_run_control.py,.py,14960,547d802d2d620b4e148739bdb9fdd2d89baf44f74674c0894627be6d490c5cd3,REVIEW_REQUIRED,ORIGINALITY_AND_LICENSE_REVIEW,pending-review
mrg_v25_historical,worktrees/v26-b-event-polygon-business-id/remote_ops/verify_v25_platform_sparse_fixture.py,.py,7438,251edb8398acc5fcf5a8739329ea4869296682da194753a46286b315fe6765e7,REVIEW_REQUIRED,ORIGINALITY_AND_LICENSE_REVIEW,pending-review
mrg_v25_historical,worktrees/v26-b-event-polygon-business-id/src/mrg_workspace/__init__.py,.py,97,a0bf429bca1f2f1fc5aacb4d5f4c79dd4e487d75cf37664780286cc860c56f14,REVIEW_REQUIRED,ORIGINALITY_AND_LICENSE_REVIEW,pending-review
mrg_v25_historical,worktrees/v26-b-event-polygon-business-id/src/mrg_workspace/cli.py,.py,4159,97dd76ff8510cc0952049a2f22ad08534b29c1f7d2cdee60dbacb71a5d83088b,REVIEW_REQUIRED,ORIGINALITY_AND_LICENSE_REVIEW,pending-review
mrg_v25_historical,worktrees/v26-b-event-polygon-business-id/src/mrg_workspace/legacy.py,.py,1964,a6fcd1081a712b9dcbaea09f9a3cee191d24a69fb505126cae6b1d422dc0881e,REVIEW_REQUIRED,ORIGINALITY_AND_LICENSE_REVIEW,pending-review
mrg_v25_historical,worktrees/v26-b-event-polygon-business-id/src/mrg_workspace/legacy_dataset.py,.py,26631,3d0020e5eba3917269f7c06df0f228d9692508716f611033e538581acd222436,REVIEW_REQUIRED,ORIGINALITY_AND_LICENSE_REVIEW,pending-review
mrg_v25_historical,worktrees/v26-b-event-polygon-business-id/src/mrg_workspace/manifest.py,.py,8914,522d9c020435a90efe42256a535175d6cb4b8bfc90027df899b70f9510a2e9c4,REVIEW_REQUIRED,ORIGINALITY_AND_LICENSE_REVIEW,pending-review
mrg_v25_historical,worktrees/v26-b-event-polygon-business-id/src/mrg_workspace/release_governance.py,.py,19611,780debaf91c9014238f9668d7f5e270584e7b694d3565af226134c375cf989ef,REVIEW_REQUIRED,ORIGINALITY_AND_LICENSE_REVIEW,pending-review
mrg_v25_historical,worktrees/v26-b-event-polygon-business-id/src/mrg_workspace/replay_regression.py,.py,13677,0149eaa942cba1e8ef4746aa8e3c716d60bdea7ca3aa20fbb8a816084f9e874b,REVIEW_REQUIRED,ORIGINALITY_AND_LICENSE_REVIEW,pending-review
mrg_v25_historical,worktrees/v26-b-event-polygon-business-id/src/mrg_workspace/runtime_closure.py,.py,12125,fcb90c0eb6460fb0be2a72b19ac259b6169b33fdf89f496e7b97731d1f2e2184,REVIEW_REQUIRED,ORIGINALITY_AND_LICENSE_REVIEW,pending-review
mrg_v25_historical,worktrees/v26-b-event-polygon-business-id/src/mrg_workspace/sync_shadow.py,.py,32050,232b7708aaa0bf7aa1da84c9bdd69563685511d046608a806d6490407e9ec991,REVIEW_REQUIRED,ORIGINALITY_AND_LICENSE_REVIEW,pending-review
mrg_v25_historical,worktrees/v26-b-event-polygon-business-id/src/mrg_workspace/v25_4_fixtures.py,.py,7327,c94ce4dccb4802b39d78bf518273442244692fea3721bff152d201448975135b,REVIEW_REQUIRED,ORIGINALITY_AND_LICENSE_REVIEW,pending-review
mrg_v25_historical,worktrees/v26-b-event-polygon-business-id/src/mrg_workspace/v25_4_integration.py,.py,10770,424fa6a439c0065a00372c9ec998e88ce349bf041dfe2a7642eae5675a9e636b,REVIEW_REQUIRED,ORIGINALITY_AND_LICENSE_REVIEW,pending-review
mrg_v25_historical,worktrees/v26-b-event-polygon-business-id/src/mrg_workspace/v25_5_fixtures.py,.py,9980,911a5b71600214dd9aa69c87df9a9b2452bfcfade841967efa2e4b4f2abc5161,REVIEW_REQUIRED,ORIGINALITY_AND_LICENSE_REVIEW,pending-review
mrg_v25_historical,worktrees/v26-b-event-polygon-business-id/src/mrg_workspace/v25_5_integration.py,.py,12216,4cef144bfda1dd523c7bfc9686cb077ae58b956a7e308343356d1922075262ac,REVIEW_REQUIRED,ORIGINALITY_AND_LICENSE_REVIEW,pending-review
mrg_v25_historical,worktrees/v26-b-event-polygon-business-id/src/mrg_workspace/world_snapshot_consumer.py,.py,1949,4a53c083fd60d6f9cb0f9ac38584c7f134ff030f26f4b614dce55ca8d78cfbd5,REVIEW_REQUIRED,ORIGINALITY_AND_LICENSE_REVIEW,pending-review
mrg_v25_historical,worktrees/v26-b-event-polygon-business-id/src/mrg_workspace/world_state_authority.py,.py,2266,02578568bda200ad27d93a3a362c177fce7ee46e2542ea7f8c7151e802bc4992,REVIEW_REQUIRED,ORIGINALITY_AND_LICENSE_REVIEW,pending-review
mrg_v25_historical,worktrees/v26-b-event-polygon-business-id/tests/test_dataset_catalog.py,.py,1771,3b5cf6d28abb37b8d18dc57e25beeeb2436c62c4900e315d69a1d5d17dc8e403,REVIEW_REQUIRED,ORIGINALITY_AND_LICENSE_REVIEW,pending-review
mrg_v25_historical,worktrees/v26-b-event-polygon-business-id/tests/test_full_system_sampler.py,.py,4107,af52b5dc1fabbda915d5d7a90e8ead56428c5b951c68aa19be9255acea98096b,REVIEW_REQUIRED,ORIGINALITY_AND_LICENSE_REVIEW,pending-review
mrg_v25_historical,worktrees/v26-b-event-polygon-business-id/tests/test_legacy.py,.py,948,9d44e4514b481bd625568ae43f3622fa9a621d5bdb756d7cf7b30ca4efebcc10,REVIEW_REQUIRED,ORIGINALITY_AND_LICENSE_REVIEW,pending-review
mrg_v25_historical,worktrees/v26-b-event-polygon-business-id/tests/test_legacy_dataset.py,.py,10213,b03728563a55247d11d67fd2b461f9bf4a31797757ab3dfd6d9a5f37ea4315e2,REVIEW_REQUIRED,ORIGINALITY_AND_LICENSE_REVIEW,pending-review
mrg_v25_historical,worktrees/v26-b-event-polygon-business-id/tests/test_manifest.py,.py,3881,49c87eaea5dbc5712ef0f8b337bf072cabb406a66418b1d467e7a09f0f9ab79e,REVIEW_REQUIRED,ORIGINALITY_AND_LICENSE_REVIEW,pending-review
mrg_v25_historical,worktrees/v26-b-event-polygon-business-id/tests/test_person_scenario_scan.py,.py,2224,a0be4b45be2aa19424722311fbcb9f83948bdd179286b59cc18a9b8993e3c461,REVIEW_REQUIRED,ORIGINALITY_AND_LICENSE_REVIEW,pending-review
mrg_v25_historical,worktrees/v26-b-event-polygon-business-id/tests/test_remote_tool.py,.py,14842,5ecf4c89d6d81e8bec5f57fa2fb90dfb2403bec37d3b42cdee3775320ce5a303,REVIEW_REQUIRED,ORIGINALITY_AND_LICENSE_REVIEW,pending-review
mrg_v25_historical,worktrees/v26-b-event-polygon-business-id/tests/test_replay_regression.py,.py,5688,0a5345661445f4b1764922acb00e4ce6d27cbf146afa4e6b43f37a4a565089ef,REVIEW_REQUIRED,ORIGINALITY_AND_LICENSE_REVIEW,pending-review
mrg_v25_historical,worktrees/v26-b-event-polygon-business-id/tests/test_report_v25_8_rc1.py,.py,2264,de1cdbed98563a45f34937318a6bef4165d9a76ae95a54a5d984e33755d7539b,REVIEW_REQUIRED,ORIGINALITY_AND_LICENSE_REVIEW,pending-review
mrg_v25_historical,worktrees/v26-b-event-polygon-business-id/tests/test_snapshot_audit.py,.py,6537,c4d730b57f1257f56dd9033f59d0cd137541297d5c535c4049e007e4f0c02e91,REVIEW_REQUIRED,ORIGINALITY_AND_LICENSE_REVIEW,pending-review
mrg_v25_historical,worktrees/v26-b-event-polygon-business-id/tests/test_unattended_run_control.py,.py,3151,961934de10fbd5616da7ec83dfe3a808457ce147de45961e5f3d3479f8e7ea9e,REVIEW_REQUIRED,ORIGINALITY_AND_LICENSE_REVIEW,pending-review
mrg_v25_historical,worktrees/v26-b-event-polygon-business-id/tests/test_v25_4_fixtures.py,.py,1228,5442e9bb5db1eb32096193dcc54007e191967d11c5f384c8e5e9eda86ac1afb6,REVIEW_REQUIRED,ORIGINALITY_AND_LICENSE_REVIEW,pending-review
mrg_v25_historical,worktrees/v26-b-event-polygon-business-id/tests/test_v25_4_integration.py,.py,1122,5e154eb014df1b5dd50705b888edabf2b6749aee42249e93bbe1b17205d54060,REVIEW_REQUIRED,ORIGINALITY_AND_LICENSE_REVIEW,pending-review
mrg_v25_historical,worktrees/v26-b-event-polygon-business-id/tests/test_v25_5_f_evaluator.py,.py,1958,a9971806fd331dd22a8b4defe808446e5397d556721067401b932323554f49b3,REVIEW_REQUIRED,ORIGINALITY_AND_LICENSE_REVIEW,pending-review
mrg_v25_historical,worktrees/v26-b-event-polygon-business-id/tests/test_v25_5_foundation.py,.py,2163,8f477e246728eec73860dd2f29433a8ea6441d569deee5e07e6afc0078dde30a,REVIEW_REQUIRED,ORIGINALITY_AND_LICENSE_REVIEW,pending-review
mrg_v25_historical,worktrees/v26-b-event-polygon-business-id/tests/test_v25_5_integration.py,.py,1324,56fb5ef758843cd224e017e42fe31b76913f7d96b773d3663606973b22e9f5f3,REVIEW_REQUIRED,ORIGINALITY_AND_LICENSE_REVIEW,pending-review
mrg_v25_historical,worktrees/v26-b-event-polygon-business-id/tests/test_v25_5_sync.py,.py,9459,bee3ab32a7186ffa956e32a0fa230d7f20b198b93a49658f88ee15ead32955a1,REVIEW_REQUIRED,ORIGINALITY_AND_LICENSE_REVIEW,pending-review
mrg_v25_historical,worktrees/v26-b-event-polygon-business-id/tests/test_v25_8_qualification_policy.py,.py,1646,1608cf6c6ca9905a85e1c1625b7dc1756431903ef921d45b79933038b7588296,REVIEW_REQUIRED,ORIGINALITY_AND_LICENSE_REVIEW,pending-review
mrg_v25_historical,worktrees/v26-b-event-polygon-business-id/tests/test_v25_8_r2.py,.py,5315,fab53d18d05e14e306657fa6f7a8642bf55afab9713d5d4943a8ad1581fcd924,REVIEW_REQUIRED,ORIGINALITY_AND_LICENSE_REVIEW,pending-review
mrg_v25_historical,worktrees/v26-b-event-polygon-business-id/tests/test_v25_8_r2_gap_analysis.py,.py,2216,55d3b040b9e1f802ad1f1e076534e6cf1dee545c6302ae01b3c80b3ee7c009cf,REVIEW_REQUIRED,ORIGINALITY_AND_LICENSE_REVIEW,pending-review
mrg_v25_historical,worktrees/v26-b-event-polygon-business-id/tests/test_v25_8_r3.py,.py,5678,9139ae1e2e8994093185cac95af67a69a6b53b95096f1821a9a5c3c0a12f2987,REVIEW_REQUIRED,ORIGINALITY_AND_LICENSE_REVIEW,pending-review
mrg_v25_historical,worktrees/v26-b-event-polygon-business-id/tests/test_v25_8_r4.py,.py,4853,8309eb74f9dc9807821343bde06ce64e76fe6eaf8b7340b29b950e680d74198a,REVIEW_REQUIRED,ORIGINALITY_AND_LICENSE_REVIEW,pending-review
mrg_v25_historical,worktrees/v26-b-event-polygon-business-id/tests/test_v25_8_r5_governance.py,.py,3685,f462f34d0fbca5c23130e0c1c0c6eccd0b20a5f8e56937f28729bd18d5d34f16,REVIEW_REQUIRED,ORIGINALITY_AND_LICENSE_REVIEW,pending-review
mrg_v25_historical,worktrees/v26-b-event-polygon-business-id/tests/test_v25_8_rc1.py,.py,18120,3e72b7aece2093c7c2648e99b78eb4f4725d1338a21df2053dcfe480c7ee54a9,REVIEW_REQUIRED,ORIGINALITY_AND_LICENSE_REVIEW,pending-review
mrg_v25_historical,worktrees/v26-b-event-polygon-business-id/tests/test_world_snapshot_consumer.py,.py,4755,8b5e450307c577ce3570325c830c88246d7cccc1719643b9896bb337beed6499,REVIEW_REQUIRED,ORIGINALITY_AND_LICENSE_REVIEW,pending-review
mrg_v25_historical,worktrees/v26-b-event-polygon-business-id/tools/analyze_person_id_scenario.py,.py,8702,9377fe27c60ee814d9d8e8eb2ff091789350bfeba8c64fd4017b794d5d0ca8f3,REVIEW_REQUIRED,ORIGINALITY_AND_LICENSE_REVIEW,pending-review
mrg_v25_historical,worktrees/v26-b-event-polygon-business-id/tools/bootstrap.ps1,.ps1,1453,ef71d3c1850e239b3e81e64f68c1c8bd35ed8ad7557765f9a5f1997c32e8292c,REVIEW_REQUIRED,ORIGINALITY_AND_LICENSE_REVIEW,pending-review
mrg_v25_historical,worktrees/v26-b-event-polygon-business-id/tools/bootstrap.sh,.sh,1203,00d791801abd5c5541d581b0ea582331d8051036170a4e99cc7ab3dd25bf94d9,REVIEW_REQUIRED,ORIGINALITY_AND_LICENSE_REVIEW,pending-review
mrg_v25_historical,worktrees/v26-b-event-polygon-business-id/tools/check_ascii_paths.py,.py,745,86eb5b56e377ca4dc3e49d9d732066ae5250341ee7696b8c697271ac3414a96c,REVIEW_REQUIRED,ORIGINALITY_AND_LICENSE_REVIEW,pending-review
mrg_v25_historical,worktrees/v26-b-event-polygon-business-id/tools/freeze_v25_8_rc1.py,.py,7601,f5941bdfe06cc76fc81cd42cb0322b6eaa19233df9dfe0a3750ceca0508fd1ee,REVIEW_REQUIRED,ORIGINALITY_AND_LICENSE_REVIEW,pending-review
mrg_v25_historical,worktrees/v26-b-event-polygon-business-id/tools/legacy_dataset_adapter.py,.py,315,94d2ce785f18b04f767b1a057ac4eca072b32cc5dfd78548918c48f33aadbf0d,REVIEW_REQUIRED,ORIGINALITY_AND_LICENSE_REVIEW,pending-review
mrg_v25_historical,worktrees/v26-b-event-polygon-business-id/tools/list_legacy_datasets.py,.py,2594,35600292b66e4d398ec34add7d5ce4b9237090baa0a4529c9e897acc0c5d003c,REVIEW_REQUIRED,ORIGINALITY_AND_LICENSE_REVIEW,pending-review
mrg_v25_historical,worktrees/v26-b-event-polygon-business-id/tools/list_person_id_datasets.py,.py,3856,51de6c273ad20b8ef23cc3d610fd51402ecd4f4a7f3a154e7a7fe9d40de88f7a,REVIEW_REQUIRED,ORIGINALITY_AND_LICENSE_REVIEW,pending-review
mrg_v25_historical,worktrees/v26-b-event-polygon-business-id/tools/remote_workspace.ps1,.ps1,65503,9b96d30652c8f26d1831c4ea292e47e27b090b4021214e3c5285a39eecebe9ce,REVIEW_REQUIRED,ORIGINALITY_AND_LICENSE_REVIEW,pending-review
mrg_v25_historical,worktrees/v26-b-event-polygon-business-id/tools/replay_regression.py,.py,1441,a04dfa7d2818a5a3328a56abc6d292a6768753c6ff341bc82e9bbd450508ea8f,REVIEW_REQUIRED,ORIGINALITY_AND_LICENSE_REVIEW,pending-review
mrg_v25_historical,worktrees/v26-b-event-polygon-business-id/tools/update_lock.py,.py,285,65017b37cdbdbc0bdbf55ea87b9585d26b286ef3ee5682d4a2c1b2940dae952c,REVIEW_REQUIRED,ORIGINALITY_AND_LICENSE_REVIEW,pending-review
mrg_v25_historical,worktrees/v26-b-event-polygon-business-id/tools/validate_workspace.py,.py,304,c439a95cef1cf1b4ce30a05d24b124e7c8a1f9b32463191104d7fd3c4d4d3c2e,REVIEW_REQUIRED,ORIGINALITY_AND_LICENSE_REVIEW,pending-review
mrg_v25_historical,worktrees/v26-b-event-polygon-business-id/workspace.json,.json,3335,5382698458e6d92162e75942335737f30bb13a63c5ca12e8f9056690823cb06d,REVIEW_REQUIRED,ORIGINALITY_AND_LICENSE_REVIEW,pending-review
mrg_v25_historical,worktrees/v26-b-event-polygon-business-id/workspace.lock.json,.json,1793,5bc37fe3537bf02b69917676fe2f65f5c2d1c24ba1dc0d48b0fa24a1b0d078b3,REVIEW_REQUIRED,ORIGINALITY_AND_LICENSE_REVIEW,pending-review
mrg_v25_historical,worktrees/v26-d-ir-id-platform-tooling/.github/workflows/validate.yml,.yml,386,2a3f0c074b49564b6d5560a75cc80d9603064e90fadc333a0ff5b6cf1d40d63c,REVIEW_REQUIRED,ORIGINALITY_AND_LICENSE_REVIEW,pending-review
mrg_v25_historical,worktrees/v26-d-ir-id-platform-tooling/CHANGELOG.md,.md,12298,4bcd58a5fc93a54f90155714c2abea81a98ed6959d383023a1c89541824225ee,REVIEW_REQUIRED,ORIGINALITY_AND_LICENSE_REVIEW,pending-review
mrg_v25_historical,worktrees/v26-d-ir-id-platform-tooling/LICENSE-PROPRIETARY.md,.md,290,b26a4054a563b0092d036da8ce0f7b014cbb0b7a44654708007fc4449194a675,BLOCKED,LICENSE_OR_SECRET_BOUND,pending-review
mrg_v25_historical,worktrees/v26-d-ir-id-platform-tooling/README.md,.md,4305,f788502a73fa582d122dc0daba7b7182b61504a9d5baedd184a3166ece38e928,REVIEW_REQUIRED,ORIGINALITY_AND_LICENSE_REVIEW,pending-review
mrg_v25_historical,worktrees/v26-d-ir-id-platform-tooling/V25_RELEASE_MANIFEST.json,.json,18039,6bc602ad9d0239857fad9683f8f4d52d78ec8aafc4309d2a2a49162e3877b23f,REVIEW_REQUIRED,ORIGINALITY_AND_LICENSE_REVIEW,pending-review
mrg_v25_historical,worktrees/v26-d-ir-id-platform-tooling/component.json,.json,313,5c02089ffe5dbf3396204166d4371ed576c19ff5a9f5f7eac3c71979c95b7139,REVIEW_REQUIRED,ORIGINALITY_AND_LICENSE_REVIEW,pending-review
mrg_v25_historical,worktrees/v26-d-ir-id-platform-tooling/config/environments/remote-627.json,.json,567,57b226de383a65ffc449f10801aecdfbcb2893a58ed8cf766a6b3c7e75a4c717,REVIEW_REQUIRED,ORIGINALITY_AND_LICENSE_REVIEW,pending-review
mrg_v25_historical,worktrees/v26-d-ir-id-platform-tooling/config/legacy/legacy_runtime_compatibility.json,.json,2381,53a5ab89dbf9a74e826db3afe9c8036c8c478d1570ba6f82689bf0231b814c4d,REVIEW_REQUIRED,ORIGINALITY_AND_LICENSE_REVIEW,pending-review
mrg_v25_historical,worktrees/v26-d-ir-id-platform-tooling/config/person_id_scenarios/v25_3_b0_coverage.json,.json,1802,d00a6d44c11f7e28f6d3ac398b21206146b13102daf9843546142403f778bb03,REVIEW_REQUIRED,ORIGINALITY_AND_LICENSE_REVIEW,pending-review
mrg_v25_historical,worktrees/v26-d-ir-id-platform-tooling/config/person_id_scenarios/v25_3_b0_left_short_edge_20260710_1929.json,.json,2228,8ef421e2c3b15ef18d4d59f3eb89c7ec4a40c11e3dea06939c44c367802a8888,REVIEW_REQUIRED,ORIGINALITY_AND_LICENSE_REVIEW,pending-review
mrg_v25_historical,worktrees/v26-d-ir-id-platform-tooling/config/person_id_scenarios/v25_3_b0_right_short_edge_x30_y0_7_occlusion_20260710_193530.json,.json,2517,e0ac9e79b4e94e993a2c19d1e6db41c67fd24809ea95cef4e6ab6e0740bbd251,REVIEW_REQUIRED,ORIGINALITY_AND_LICENSE_REVIEW,pending-review
mrg_v25_historical,worktrees/v26-d-ir-id-platform-tooling/config/person_id_scenarios/v25_3_offline_dataset_matrix.json,.json,2445,85956a630447d6ed57dced33b21262284cddcdb8cd22a29cd075dcea5e3fea32,REVIEW_REQUIRED,ORIGINALITY_AND_LICENSE_REVIEW,pending-review
mrg_v25_historical,worktrees/v26-d-ir-id-platform-tooling/config/v25_3_world_snapshot_consumers.json,.json,724,94eb7e5d83ccc197ff1f5a812ad81a882536e59bf9eb67288e0edd00cae3c416,REVIEW_REQUIRED,ORIGINALITY_AND_LICENSE_REVIEW,pending-review
mrg_v25_historical,worktrees/v26-d-ir-id-platform-tooling/config/v25_4_fixture_spec.json,.json,984,8b4cad0c155acfd1dd9b4d6a2a5e4a2f533eee7f2c3cb3ea06c9701219d06009,REVIEW_REQUIRED,ORIGINALITY_AND_LICENSE_REVIEW,pending-review
mrg_v25_historical,worktrees/v26-d-ir-id-platform-tooling/config/v25_5_fixture_spec.json,.json,1454,361224e071989d6dfc787885c2748561b44d99e566efefbdd8906566a08e01fd,REVIEW_REQUIRED,ORIGINALITY_AND_LICENSE_REVIEW,pending-review
mrg_v25_historical,worktrees/v26-d-ir-id-platform-tooling/config/v25_5_performance_budgets.json,.json,972,e126436d8e1c19ffb5204201e198f59c3be955e3d4086ddd64c155e633827bc9,REVIEW_REQUIRED,ORIGINALITY_AND_LICENSE_REVIEW,pending-review
mrg_v25_historical,worktrees/v26-d-ir-id-platform-tooling/config/v25_5_shadow_profile.json,.json,1156,f8abe1ae0e415798a9e78043c58ca9807bd2e74d975b32424b5e55f020d9ca87,REVIEW_REQUIRED,ORIGINALITY_AND_LICENSE_REVIEW,pending-review
mrg_v25_historical,worktrees/v26-d-ir-id-platform-tooling/config/v25_5_source_ownership.json,.json,1414,5e64e86e6c9769374558b09c7fb7976d4ae2bfd7eeeec744bd7fa70a41f55a31,REVIEW_REQUIRED,ORIGINALITY_AND_LICENSE_REVIEW,pending-review
mrg_v25_historical,worktrees/v26-d-ir-id-platform-tooling/config/v25_5_sync_policy.json,.json,482,9089160d03a5527424a17fbcbaf7920f4b52aed34aff19bbb2931c26565c86ad,REVIEW_REQUIRED,ORIGINALITY_AND_LICENSE_REVIEW,pending-review
mrg_v25_historical,worktrees/v26-d-ir-id-platform-tooling/config/v25_8_qualification_policy.json,.json,1653,26fa6cee437cfb4b84b3458fb7c59f72756d00900a51d06889c012e095c688b9,REVIEW_REQUIRED,ORIGINALITY_AND_LICENSE_REVIEW,pending-review
mrg_v25_historical,worktrees/v26-d-ir-id-platform-tooling/config/v25_8_rc1_freeze.json,.json,34214,f99efb984b009acc9f263b794a97230d6be703cdf9afc3ffb7c227449ffe8383,REVIEW_REQUIRED,ORIGINALITY_AND_LICENSE_REVIEW,pending-review
mrg_v25_historical,worktrees/v26-d-ir-id-platform-tooling/config/v25_8_rc1_matrix.json,.json,2945,d7226ca967970dc055b1a7cb5151ec2b44f204451a77701b965c22d33dd01c7d,REVIEW_REQUIRED,ORIGINALITY_AND_LICENSE_REVIEW,pending-review
mrg_v25_historical,worktrees/v26-d-ir-id-platform-tooling/config/v25_8_release_authorities.json,.json,1643,578518d8389ee8b7d2914503ba279fbe43429719026cb0ec18a4ece9810ad8c1,REVIEW_REQUIRED,ORIGINALITY_AND_LICENSE_REVIEW,pending-review
mrg_v25_historical,worktrees/v26-d-ir-id-platform-tooling/config/v25_platform_freeze.json,.json,34439,d41fdd982f0cbbfa90b6021c2acc55e48c8d4abc709aaa19ff0c815385b3dad0,REVIEW_REQUIRED,ORIGINALITY_AND_LICENSE_REVIEW,pending-review
mrg_v25_historical,worktrees/v26-d-ir-id-platform-tooling/config/v25_platform_matrix.json,.json,3014,820d744e0cf3d8bf3fd3575c6e6f3c80042d40e03a265211ae15b800697dfc7d,REVIEW_REQUIRED,ORIGINALITY_AND_LICENSE_REVIEW,pending-review
mrg_v25_historical,worktrees/v26-d-ir-id-platform-tooling/docs/management/README.md,.md,5847,a8c6db9e625b399797e007969e0cd88a07eebd0f568f8c2faaa4b1dcef7d28ac,REVIEW_REQUIRED,ORIGINALITY_AND_LICENSE_REVIEW,pending-review
mrg_v25_historical,worktrees/v26-d-ir-id-platform-tooling/docs/management/V25_2_B_EXECUTION_REPORT_20260710.md,.md,2551,2b4c2e770080b07b0421e666f1b7f835e9ea1bc8af82eadc18cf76578d139356,REVIEW_REQUIRED,ORIGINALITY_AND_LICENSE_REVIEW,pending-review
mrg_v25_historical,worktrees/v26-d-ir-id-platform-tooling/docs/management/V25_2_CD_EXECUTION_REPORT_20260710.md,.md,2027,13af2744398eefc246710dd33527babb12793cfa7b41b1ac2477fbc62a4241d1,REVIEW_REQUIRED,ORIGINALITY_AND_LICENSE_REVIEW,pending-review
mrg_v25_historical,worktrees/v26-d-ir-id-platform-tooling/docs/management/V25_3_A_EXECUTION_REPORT_20260710.md,.md,3515,370b45ab2de18cb86d45243f06d96ab8e8d74b1fe26195a210395043d7e687af,REVIEW_REQUIRED,ORIGINALITY_AND_LICENSE_REVIEW,pending-review
mrg_v25_historical,worktrees/v26-d-ir-id-platform-tooling/docs/management/V25_3_B0_DATA_GATE_20260710.md,.md,3087,d6f365d7ed1e052d82de387e04511e87a1e6d6073e35f5c01ed9aa2764782fb4,REVIEW_REQUIRED,ORIGINALITY_AND_LICENSE_REVIEW,pending-review
mrg_v25_historical,worktrees/v26-d-ir-id-platform-tooling/docs/management/V25_3_B1_EXECUTION_REPORT_20260710.md,.md,2917,aaef13966943a3c109a02bf6016f1e85d806324070fa64601b42a8ba7078bb6d,REVIEW_REQUIRED,ORIGINALITY_AND_LICENSE_REVIEW,pending-review
mrg_v25_historical,worktrees/v26-d-ir-id-platform-tooling/docs/management/V25_3_B2_0_DIAGNOSTIC_REPORT_20260710.md,.md,4684,7ee5fb3fc942d2ac48bd6454318a818b01b3470cbafab7b02781db0c9ea29f98,REVIEW_REQUIRED,ORIGINALITY_AND_LICENSE_REVIEW,pending-review
mrg_v25_historical,worktrees/v26-d-ir-id-platform-tooling/docs/management/V25_3_B_REVISED_PLAN_20260710.md,.md,3768,2f841f15d0190564f74fd187f8ebc25f92bd9df41a66d4b895d090ae404cc985,REVIEW_REQUIRED,ORIGINALITY_AND_LICENSE_REVIEW,pending-review
mrg_v25_historical,worktrees/v26-d-ir-id-platform-tooling/docs/management/V25_3_OFFLINE_EXECUTION_REPORT_20260710.md,.md,4774,b241bd534f22fc4c126a524bd5975d1800503d013dc5b461bdbc9688ee20bfbf,REVIEW_REQUIRED,ORIGINALITY_AND_LICENSE_REVIEW,pending-review
mrg_v25_historical,worktrees/v26-d-ir-id-platform-tooling/docs/management/V25_4_EXECUTION_REPORT_20260710.md,.md,6083,6187a3d0cdc4214f829870df6ba16f73c4ea1e2e277a8ccfff24c13d0c1f9c4d,REVIEW_REQUIRED,ORIGINALITY_AND_LICENSE_REVIEW,pending-review
mrg_v25_historical,worktrees/v26-d-ir-id-platform-tooling/docs/management/V25_4_OPTIMIZED_PLAN_20260710.md,.md,6440,0e9c3af1273c93e966dcc939b84d6475ee42b007ca92a334fe856b35087fa1f6,REVIEW_REQUIRED,ORIGINALITY_AND_LICENSE_REVIEW,pending-review
mrg_v25_historical,worktrees/v26-d-ir-id-platform-tooling/docs/management/V25_5_0_GATE_REPORT_20260710.md,.md,2723,ccfea8a5c982a2d73a3ec5f415866bfc46adb6f35386cbef3422be9d9419570b,REVIEW_REQUIRED,ORIGINALITY_AND_LICENSE_REVIEW,pending-review
mrg_v25_historical,worktrees/v26-d-ir-id-platform-tooling/docs/management/V25_5_A_EXECUTION_REPORT_20260710.md,.md,2843,287c330d1b8fc08a4d6565094e1419884ae95bcb191e12914ea446ae6e994489,REVIEW_REQUIRED,ORIGINALITY_AND_LICENSE_REVIEW,pending-review
mrg_v25_historical,worktrees/v26-d-ir-id-platform-tooling/docs/management/V25_5_B_EXECUTION_REPORT_20260710.md,.md,3279,b075a35ce0ff4105ce11391133ee84ea16cfd64ec4ca9addb9a5717b4c43e0d0,REVIEW_REQUIRED,ORIGINALITY_AND_LICENSE_REVIEW,pending-review
mrg_v25_historical,worktrees/v26-d-ir-id-platform-tooling/docs/management/V25_5_C2_EXECUTION_REPORT_20260711.md,.md,1636,7a5ffa858a7c5d14007942fa674da09a222509ce5b63171bb5571989619e27ea,REVIEW_REQUIRED,ORIGINALITY_AND_LICENSE_REVIEW,pending-review
mrg_v25_historical,worktrees/v26-d-ir-id-platform-tooling/docs/management/V25_5_C_STOP_REPORT_20260711.md,.md,6099,4c5ce759fab0c53d409088807435ac5ffa3aafa885d456521cceedd7dfa029b3,REVIEW_REQUIRED,ORIGINALITY_AND_LICENSE_REVIEW,pending-review
mrg_v25_historical,worktrees/v26-d-ir-id-platform-tooling/docs/management/V25_5_D_EXECUTION_REPORT_20260711.md,.md,915,4a55e5e7c04acf866d8cacf18528c219a9e77e651ba5c064c2508396be568786,REVIEW_REQUIRED,ORIGINALITY_AND_LICENSE_REVIEW,pending-review
mrg_v25_historical,worktrees/v26-d-ir-id-platform-tooling/docs/management/V25_5_E_RC1_FREEZE_REPORT_20260711.md,.md,1443,19218536192098b5eae51fd4937fc8786c3f62c4f308ec241b40bcbdf83a9cb5,REVIEW_REQUIRED,ORIGINALITY_AND_LICENSE_REVIEW,pending-review
mrg_v25_historical,worktrees/v26-d-ir-id-platform-tooling/docs/management/V25_5_E_RC2_FREEZE_REPORT_20260711.md,.md,1135,1f73228f3f031f480577955400cb326318fe9533545aa30d9b47cda00641abb4,REVIEW_REQUIRED,ORIGINALITY_AND_LICENSE_REVIEW,pending-review
mrg_v25_historical,worktrees/v26-d-ir-id-platform-tooling/docs/management/V25_5_F_RC2_EARLY_STOP_REVIEW_20260711.md,.md,4515,0b555c25ed1aaabe81bc4740084c992e742eeb77701b573f2acfcd5f81a65111,REVIEW_REQUIRED,ORIGINALITY_AND_LICENSE_REVIEW,pending-review
mrg_v25_historical,worktrees/v26-d-ir-id-platform-tooling/docs/management/V25_5_REVISED_PLAN_20260710.md,.md,12633,cb89c8e44a4477063ab5b359c9ecffa21e86844705fd336e1820d6e523d5fc22,REVIEW_REQUIRED,ORIGINALITY_AND_LICENSE_REVIEW,pending-review
mrg_v25_historical,worktrees/v26-d-ir-id-platform-tooling/docs/management/V25_6_MINIMAL_PROGRESS_REPORT_20260711.md,.md,881,6e5c72aaf131d91cc0da15bf2f50226aeab3e3f9fe9562fa9ef58d37967fb0ee,REVIEW_REQUIRED,ORIGINALITY_AND_LICENSE_REVIEW,pending-review
mrg_v25_historical,worktrees/v26-d-ir-id-platform-tooling/docs/management/V25_7_MINIMAL_PROGRESS_REPORT_20260711.md,.md,699,63eb71e1b4285ac7bc12de154f21d93df0ba1a9363da5a450d3a3f0b89676403,REVIEW_REQUIRED,ORIGINALITY_AND_LICENSE_REVIEW,pending-review
mrg_v25_historical,worktrees/v26-d-ir-id-platform-tooling/docs/management/V25_8_2_SYNC_TIMELINE_REPAIR_20260711.md,.md,3041,567efc745be2b37777931496fba3929a9944d6e4709892cf1c08f4338134878b,REVIEW_REQUIRED,ORIGINALITY_AND_LICENSE_REVIEW,pending-review
mrg_v25_historical,worktrees/v26-d-ir-id-platform-tooling/docs/management/V25_8_3_MVS_LATE_DROP_BUDGET_20260711.md,.md,3058,add5ca105ba1fe0c9785fbb91a5ee4ba80271a396c1895500dadde5a767f5dae,REVIEW_REQUIRED,ORIGINALITY_AND_LICENSE_REVIEW,pending-review
mrg_v25_historical,worktrees/v26-d-ir-id-platform-tooling/docs/management/V25_8_4_BASELINE_GATE_REPAIR_20260711.md,.md,2207,860c427ee906b04fb4ddba7daeef660757549ffbc35d2ea7fae7d38454a7af8d,REVIEW_REQUIRED,ORIGINALITY_AND_LICENSE_REVIEW,pending-review
mrg_v25_historical,worktrees/v26-d-ir-id-platform-tooling/docs/management/V25_8_5_PLATFORM_CLOSEOUT_PASS_20260711.md,.md,2806,07fb2e4cd7b115d90e3683ffea40d46bc08d8167fbe6f42ecc73ddb343805315,REVIEW_REQUIRED,ORIGINALITY_AND_LICENSE_REVIEW,pending-review
mrg_v25_historical,worktrees/v26-d-ir-id-platform-tooling/docs/management/V25_8_5_PREAMBLE_STARTUP_REPAIR_20260711.md,.md,3161,9499abde2017850265d76bda1bfc28ebaf3f8acad788c7bc78ca26c80274e5a0,REVIEW_REQUIRED,ORIGINALITY_AND_LICENSE_REVIEW,pending-review
mrg_v25_historical,worktrees/v26-d-ir-id-platform-tooling/docs/management/V25_8_MINIMAL_SMOKE_REPORT_20260711.md,.md,1996,dc12ba181b41d037ff099289dcb1dbfa8a14224e62d46793d71859005f6f26fd,REVIEW_REQUIRED,ORIGINALITY_AND_LICENSE_REVIEW,pending-review
mrg_v25_historical,worktrees/v26-d-ir-id-platform-tooling/docs/management/V25_8_R1_BLOCKED_REPORT_20260711.md,.md,2999,631410afe8a34c9d05bd1d6f5f95b620def97d0d9e6f715da3c35c942b37b81a,REVIEW_REQUIRED,ORIGINALITY_AND_LICENSE_REVIEW,pending-review
mrg_v25_historical,worktrees/v26-d-ir-id-platform-tooling/docs/management/V25_8_R1_PYTHON_SUPERVISOR_REPORT_20260711.md,.md,1483,2aaa87dad8698feacd201dac6ded7db9b4df0c57ed9cdb4ba75be4bc94a1cdad,REVIEW_REQUIRED,ORIGINALITY_AND_LICENSE_REVIEW,pending-review
mrg_v25_historical,worktrees/v26-d-ir-id-platform-tooling/docs/management/V25_8_R2_EXECUTION_REPORT_20260711.md,.md,2777,22a311d5a25c706ba26b912ddd84fa5bba6b37b6f8dfbd3f6015468e4ac7bcc2,REVIEW_REQUIRED,ORIGINALITY_AND_LICENSE_REVIEW,pending-review
mrg_v25_historical,worktrees/v26-d-ir-id-platform-tooling/docs/management/V25_8_R3_EXECUTION_REPORT_20260711.md,.md,3377,117cf7621814e1dfe6b4b89093f32e13fcfddfbd2c1a04317ebfba6ffd31747f,REVIEW_REQUIRED,ORIGINALITY_AND_LICENSE_REVIEW,pending-review
mrg_v25_historical,worktrees/v26-d-ir-id-platform-tooling/docs/management/V25_8_R4_EXECUTION_REPORT_20260711.md,.md,2102,15041740601ccbd206ce90a93218e92693a3df101c7ec408e4f4f3c8fd2498f4,REVIEW_REQUIRED,ORIGINALITY_AND_LICENSE_REVIEW,pending-review
mrg_v25_historical,worktrees/v26-d-ir-id-platform-tooling/docs/management/V25_8_R5_RELEASE_GOVERNANCE_REPORT_20260711.md,.md,3834,03eed788de431ae2c2e4893299d6acfe61fd112f0691c8baa35b029aff1c68ea,REVIEW_REQUIRED,ORIGINALITY_AND_LICENSE_REVIEW,pending-review
mrg_v25_historical,worktrees/v26-d-ir-id-platform-tooling/docs/management/V25_8_RC1_C1_OFFLINE_FAILURE_20260711.md,.md,1416,fa4220e3ad29c1e39d6b8734ef9676a54ca9cc911f948c379707cad578f36413,REVIEW_REQUIRED,ORIGINALITY_AND_LICENSE_REVIEW,pending-review
mrg_v25_historical,worktrees/v26-d-ir-id-platform-tooling/docs/management/V25_8_RC1_C2_EARLY_STOP_REVIEW_20260711.md,.md,3715,8860a84974e1c66525dcefc3db0281aebe28a3840d59b2d2e3fe1b366513e9d2,REVIEW_REQUIRED,ORIGINALITY_AND_LICENSE_REVIEW,pending-review
mrg_v25_historical,worktrees/v26-d-ir-id-platform-tooling/docs/management/V25_8_R_AUTOMATED_REMEDIATION_PLAN_20260711.md,.md,4325,d02df40792ce158b361e3c54c0bd4c433fdf267189e5a3b078b3b463f3f790f9,REVIEW_REQUIRED,ORIGINALITY_AND_LICENSE_REVIEW,pending-review
mrg_v25_historical,worktrees/v26-d-ir-id-platform-tooling/docs/management/V25_CONTRACT_MATRIX.md,.md,2263,4d6137923f6360b345d895a64447a99fe8b68af7d69fcea1414d30cb7acddf1c,REVIEW_REQUIRED,ORIGINALITY_AND_LICENSE_REVIEW,pending-review
mrg_v25_historical,worktrees/v26-d-ir-id-platform-tooling/docs/management/V25_DECISION_LOG.md,.md,15962,e6f9e930dbb75842319038e6b63b934d8ed0c58c61c86141c88d4909c8d05cd3,REVIEW_REQUIRED,ORIGINALITY_AND_LICENSE_REVIEW,pending-review
mrg_v25_historical,worktrees/v26-d-ir-id-platform-tooling/docs/management/V25_DEFERRED_BUSINESS_BACKLOG.md,.md,1758,825a210f093ffbd231476c5964f45e1221475c58dac1d4caf1073598c11c627a,REVIEW_REQUIRED,ORIGINALITY_AND_LICENSE_REVIEW,pending-review
mrg_v25_historical,worktrees/v26-d-ir-id-platform-tooling/docs/management/V25_EXECUTION_REPORT_20260710.md,.md,2867,f2ef9630b683c07b79fcaed86bb28ac0fbc5b097a558729729ae4e6dd0bb504b,REVIEW_REQUIRED,ORIGINALITY_AND_LICENSE_REVIEW,pending-review
mrg_v25_historical,worktrees/v26-d-ir-id-platform-tooling/docs/management/V25_GITHUB_REPOSITORY_MAP.md,.md,2371,afeced1ab894d0aa1a944292275417c46a9c36c421c05ac99bfb63b9c3494cc4,REVIEW_REQUIRED,ORIGINALITY_AND_LICENSE_REVIEW,pending-review
mrg_v25_historical,worktrees/v26-d-ir-id-platform-tooling/docs/management/V25_HANDOFF_CN.md,.md,5330,5d25eeb150d9766a67be3d34d7e4285df009d8808d1bcc1eeb4f175ed887f88f,REVIEW_REQUIRED,ORIGINALITY_AND_LICENSE_REVIEW,pending-review
mrg_v25_historical,worktrees/v26-d-ir-id-platform-tooling/docs/management/V25_LEGACY_BASELINE_DEPLOYMENT.md,.md,1918,333b5fee747049eb9902bf64c6f8a7758e7a19856d8572dc0b71cbfc58f11d21,REVIEW_REQUIRED,ORIGINALITY_AND_LICENSE_REVIEW,pending-review
mrg_v25_historical,worktrees/v26-d-ir-id-platform-tooling/docs/management/V25_LEGACY_DATASET_ADAPTER.md,.md,2326,9648712a17d77854c5f2f31f0dcc96444795eba50a1e1454796d2127db7c5794,REVIEW_REQUIRED,ORIGINALITY_AND_LICENSE_REVIEW,pending-review
mrg_v25_historical,worktrees/v26-d-ir-id-platform-tooling/docs/management/V25_LEGACY_RUNTIME_CLOSURE.md,.md,2752,b41238192867dc3678c15c958c707ac2474566f6bf7f63c0da41d39b8acbfbc6,REVIEW_REQUIRED,ORIGINALITY_AND_LICENSE_REVIEW,pending-review
mrg_v25_historical,worktrees/v26-d-ir-id-platform-tooling/docs/management/V25_MASTER_PLAN.md,.md,10867,d7d0447f98d90cbe6ccd4a6c9e831abacbf21331060297ae8d8f44856ad364d7,REVIEW_REQUIRED,ORIGINALITY_AND_LICENSE_REVIEW,pending-review
mrg_v25_historical,worktrees/v26-d-ir-id-platform-tooling/docs/management/V25_MIGRATION_LEDGER.md,.md,1972,6f2d6755cefdc2a71ce7d60bb21d9073fe59dac1972d45dfad38172040627a73,REVIEW_REQUIRED,ORIGINALITY_AND_LICENSE_REVIEW,pending-review
mrg_v25_historical,worktrees/v26-d-ir-id-platform-tooling/docs/management/V25_OFFLINE_AUTHORITY_MASTER_PLAN_20260710.md,.md,10492,61bf7929d22cc31d1ddefbc6971ffaf7c760df5745444c084ec3f71a890d562d,REVIEW_REQUIRED,ORIGINALITY_AND_LICENSE_REVIEW,pending-review
mrg_v25_historical,worktrees/v26-d-ir-id-platform-tooling/docs/management/V25_OPEN_CLOSED_POLICY.md,.md,1179,48b31070539e7142ecb4364eccad2676f545c29b42a898a177b2b2c51815694d,REVIEW_REQUIRED,ORIGINALITY_AND_LICENSE_REVIEW,pending-review
mrg_v25_historical,worktrees/v26-d-ir-id-platform-tooling/docs/management/V25_PLAN_SUPERSESSION_20260711.md,.md,3448,37b642303562a14421882cb76ab0f3890b19cf7ea8935c0dc45cb92bba61a732,REVIEW_REQUIRED,ORIGINALITY_AND_LICENSE_REVIEW,pending-review
mrg_v25_historical,worktrees/v26-d-ir-id-platform-tooling/docs/management/V25_PLATFORM_CLOSEOUT_EXECUTION.md,.md,6411,de20f22628f5f83af0c07df26a0a5756097b90a1522a02675b9c1ecbecf3627e,REVIEW_REQUIRED,ORIGINALITY_AND_LICENSE_REVIEW,pending-review
mrg_v25_historical,worktrees/v26-d-ir-id-platform-tooling/docs/management/V25_PLATFORM_MINIMUM_CLOSEOUT_PLAN.md,.md,6584,4c80727360d1b4f3cae357474dadcf131960231562aabf95949dcf4203f4a3bd,REVIEW_REQUIRED,ORIGINALITY_AND_LICENSE_REVIEW,pending-review
mrg_v25_historical,worktrees/v26-d-ir-id-platform-tooling/docs/management/V25_PLATFORM_RC3_FAILURE_REPORT_20260711.md,.md,3667,3eb35f3ac9a05e59368a3985b5b68d3c093de3d16dbd6439e7671d0d84f26fa3,REVIEW_REQUIRED,ORIGINALITY_AND_LICENSE_REVIEW,pending-review
mrg_v25_historical,worktrees/v26-d-ir-id-platform-tooling/docs/management/V25_PROJECT_CHARTER.md,.md,2246,9ecc1bc794383987b5e78f88aa4291e96da6b54b03fd4baa2ce7c4db7b4f9e15,REVIEW_REQUIRED,ORIGINALITY_AND_LICENSE_REVIEW,pending-review
mrg_v25_historical,worktrees/v26-d-ir-id-platform-tooling/docs/management/V25_RELEASE_CHECKLIST.md,.md,7741,33b3eed7b21b6fe467fa3d612849ce97da128bd8df365a090e05c975d4045553,REVIEW_REQUIRED,ORIGINALITY_AND_LICENSE_REVIEW,pending-review
mrg_v25_historical,worktrees/v26-d-ir-id-platform-tooling/docs/management/V25_REPLAY_REGRESSION.md,.md,2108,fdbd3172bcb99989b17c43bcef5dc96424cd85c9c403d22baa15cdb68ca6f6ac,REVIEW_REQUIRED,ORIGINALITY_AND_LICENSE_REVIEW,pending-review
mrg_v25_historical,worktrees/v26-d-ir-id-platform-tooling/docs/management/V25_REPO_CATALOG.md,.md,1376,ef47936c79d5feda5d73912a4579dfdd6d4f0135b51d059625be739a981a4ca9,REVIEW_REQUIRED,ORIGINALITY_AND_LICENSE_REVIEW,pending-review
mrg_v25_historical,worktrees/v26-d-ir-id-platform-tooling/docs/management/V25_RISK_GATE_20260710.md,.md,1745,a977ce743800e136eb2e834e8b5468baf644bbb142e91fe6cb881cad2bef4942,REVIEW_REQUIRED,ORIGINALITY_AND_LICENSE_REVIEW,pending-review
mrg_v25_historical,worktrees/v26-d-ir-id-platform-tooling/docs/management/V25_RISK_REGISTER.md,.md,18156,5b4fabd11d5c44d1a7f0081b58a1e3f0b21f84fa389af6611f5f61eb4ff749e5,REVIEW_REQUIRED,ORIGINALITY_AND_LICENSE_REVIEW,pending-review
mrg_v25_historical,worktrees/v26-d-ir-id-platform-tooling/docs/management/V25_TEST_MATRIX.md,.md,5264,1d13bf2b80ef31e62986ec8cad5e8d6611944ac14a09846334ac236902c892bb,REVIEW_REQUIRED,ORIGINALITY_AND_LICENSE_REVIEW,pending-review
mrg_v25_historical,worktrees/v26-d-ir-id-platform-tooling/docs/management/V25_WBS.md,.md,3919,c09d91462d29c9eb5dacc1d84c95ea5539550f51256989f14a9a79859353420e,REVIEW_REQUIRED,ORIGINALITY_AND_LICENSE_REVIEW,pending-review
mrg_v25_historical,worktrees/v26-d-ir-id-platform-tooling/docs/management/V26_PATCH_FANOUT_BASELINE_20260711.md,.md,5179,48c3038a865948fc2be75825bfa01971e65d0e75cab3761e5121f11305e96139,REVIEW_REQUIRED,ORIGINALITY_AND_LICENSE_REVIEW,pending-review
mrg_v25_historical,worktrees/v26-d-ir-id-platform-tooling/docs/management/patch_records/README.md,.md,389,4d40c2bc102f79a14003b2dbb4a832b8548b45cb6412579b43b149280c303240,REVIEW_REQUIRED,ORIGINALITY_AND_LICENSE_REVIEW,pending-review
mrg_v25_historical,worktrees/v26-d-ir-id-platform-tooling/docs/management/patch_records/V26-D.md,.md,7599,145826f9c4e2eb7b6ae142ff2bfaa6f40837fa7b44163ca114931571a562fd74,REVIEW_REQUIRED,ORIGINALITY_AND_LICENSE_REVIEW,pending-review
mrg_v25_historical,worktrees/v26-d-ir-id-platform-tooling/docs/management/release_records/V25_8_R5_20260711/authority_exercise_report.json,.json,2488,6c75548b633a7b05b7285abcadd6617b95800f928a5c0eb6f4398cbd4227ce9a,REVIEW_REQUIRED,ORIGINALITY_AND_LICENSE_REVIEW,pending-review
mrg_v25_historical,worktrees/v26-d-ir-id-platform-tooling/docs/management/release_records/V25_8_R5_20260711/github_remote_verification.json,.json,3877,4e70392459f38b656da7dafd5521397d48e2c4e48da2bebf29034761e3353ee0,REVIEW_REQUIRED,ORIGINALITY_AND_LICENSE_REVIEW,pending-review
mrg_v25_historical,worktrees/v26-d-ir-id-platform-tooling/docs/management/release_records/V25_8_R5_20260711/sbom.cdx.json,.json,11253,f83819d77106a1905c4f2003eba8203731bbd19eb15fd0d85e6276f4d06368f4,REVIEW_REQUIRED,ORIGINALITY_AND_LICENSE_REVIEW,pending-review
mrg_v25_historical,worktrees/v26-d-ir-id-platform-tooling/docs/management/release_records/V25_8_R5_20260711/v25_8_r5_governance_report.json,.json,10142,4e6e0e42b74d3f2910b56840b51e6505ff2d348cbe6c39e5c5224762169a51d5,REVIEW_REQUIRED,ORIGINALITY_AND_LICENSE_REVIEW,pending-review
mrg_v25_historical,worktrees/v26-d-ir-id-platform-tooling/pyproject.toml,.toml,791,d896b45aefc431b459541ecb1d357547702076d57cb25538b24106807d578af7,REVIEW_REQUIRED,ORIGINALITY_AND_LICENSE_REVIEW,pending-review
mrg_v25_historical,worktrees/v26-d-ir-id-platform-tooling/remote_ops/analyze_v25_8_r2_gaps.py,.py,6900,9b0987e4e2aacf28f108412ff3bba6c0f289d88da70519eba05f79b62bbccd4d,REVIEW_REQUIRED,ORIGINALITY_AND_LICENSE_REVIEW,pending-review
mrg_v25_historical,worktrees/v26-d-ir-id-platform-tooling/remote_ops/analyze_world_state_shadow_ab.py,.py,6460,f431fc83e7e956d38d392d44c55b73a6cb1e66a266d83d55a0fef98c4b2292f1,REVIEW_REQUIRED,ORIGINALITY_AND_LICENSE_REVIEW,pending-review
mrg_v25_historical,worktrees/v26-d-ir-id-platform-tooling/remote_ops/audit_legacy_snapshot.py,.py,6082,de77133b7712194ff29625aee35d0c93cc092638405ccdc7bf4178002f7c6e99,REVIEW_REQUIRED,ORIGINALITY_AND_LICENSE_REVIEW,pending-review
mrg_v25_historical,worktrees/v26-d-ir-id-platform-tooling/remote_ops/check_legacy_runtime.sh,.sh,4720,8df34e131d11d5daf02ed428ce8ef0cba817bbaaba7baea583d8682e424bf424,REVIEW_REQUIRED,ORIGINALITY_AND_LICENSE_REVIEW,pending-review
mrg_v25_historical,worktrees/v26-d-ir-id-platform-tooling/remote_ops/deploy_legacy_snapshot.sh,.sh,7427,1d6137dd8b283b9e0c647a20735b4368edf0d3e1d5b4d0f66c2413ae82a4d7c5,REVIEW_REQUIRED,ORIGINALITY_AND_LICENSE_REVIEW,pending-review
mrg_v25_historical,worktrees/v26-d-ir-id-platform-tooling/remote_ops/evaluate_v25_5_f.py,.py,5796,c6e7819515f71ba4a310d50350e3c064bfd6c7bf5dde6e349fb65c517f0fbfa5,REVIEW_REQUIRED,ORIGINALITY_AND_LICENSE_REVIEW,pending-review
mrg_v25_historical,worktrees/v26-d-ir-id-platform-tooling/remote_ops/evaluate_v25_8_r2.py,.py,7146,1df2e723a6d09b7852620cf0ad7d983a40fb5c922b791c5f3e449fd703cd4665,REVIEW_REQUIRED,ORIGINALITY_AND_LICENSE_REVIEW,pending-review
mrg_v25_historical,worktrees/v26-d-ir-id-platform-tooling/remote_ops/evaluate_v25_8_r3.py,.py,9552,29f32eb77ed2c15b983dbc39489b831f70cbd09c153ad61a5cf0e9c5b8909575,REVIEW_REQUIRED,ORIGINALITY_AND_LICENSE_REVIEW,pending-review
mrg_v25_historical,worktrees/v26-d-ir-id-platform-tooling/remote_ops/evaluate_v25_8_r4.py,.py,9898,280ecb628b048a7b7bd5d2e93ef2dd67d14e8b07f76c1970ad6afa7ff5c0d8ed,REVIEW_REQUIRED,ORIGINALITY_AND_LICENSE_REVIEW,pending-review
mrg_v25_historical,worktrees/v26-d-ir-id-platform-tooling/remote_ops/evaluate_v25_8_rc1.py,.py,27618,e0e504b6cdc6e2db4c430b1163b3cd945ba36bc46f0a61ef45061bc18fdf0fc7,REVIEW_REQUIRED,ORIGINALITY_AND_LICENSE_REVIEW,pending-review
mrg_v25_historical,worktrees/v26-d-ir-id-platform-tooling/remote_ops/finalize_world_state_shadow_ab.py,.py,2623,90e7260d9f9bd4b6e3bfe82c9631fe2c49bf31c21956e65ffde18882bc1431c9,REVIEW_REQUIRED,ORIGINALITY_AND_LICENSE_REVIEW,pending-review
mrg_v25_historical,worktrees/v26-d-ir-id-platform-tooling/remote_ops/inspect_v25_4_evidence.py,.py,4047,88ac95bd14e3d431db453b639484cf92e0b91b33176fb545e97f5fa00933f71a,REVIEW_REQUIRED,ORIGINALITY_AND_LICENSE_REVIEW,pending-review
mrg_v25_historical,worktrees/v26-d-ir-id-platform-tooling/remote_ops/inspect_v25_5_c_inputs.py,.py,4203,0caea5927b1996155eb5dad39a2a6df7ebaa01f0ba5462d9596af8668babf10c,REVIEW_REQUIRED,ORIGINALITY_AND_LICENSE_REVIEW,pending-review
mrg_v25_historical,worktrees/v26-d-ir-id-platform-tooling/remote_ops/inspect_world_state_ab_result.py,.py,2740,ece613aeb098d65487a412d185ff792f93a478ca599e0f5e721a7f3f977f8c9a,REVIEW_REQUIRED,ORIGINALITY_AND_LICENSE_REVIEW,pending-review
mrg_v25_historical,worktrees/v26-d-ir-id-platform-tooling/remote_ops/inspect_world_state_runtime.py,.py,2986,89807f87d063618bd7fed1f0dde634bf0bd060bdc6b445105a941cf7ed9227d9,REVIEW_REQUIRED,ORIGINALITY_AND_LICENSE_REVIEW,pending-review
mrg_v25_historical,worktrees/v26-d-ir-id-platform-tooling/remote_ops/monitor_world_state_shadow.py,.py,3737,c8759a59b68e63c7d6823153c2d0f295644c2ff7b26e520096566291fd357a63,REVIEW_REQUIRED,ORIGINALITY_AND_LICENSE_REVIEW,pending-review
mrg_v25_historical,worktrees/v26-d-ir-id-platform-tooling/remote_ops/render_legacy_start.sh,.sh,586,78de684fe86da7447c952538b48db7346bc2be7e1f648844604015688267c3aa,REVIEW_REQUIRED,ORIGINALITY_AND_LICENSE_REVIEW,pending-review
mrg_v25_historical,worktrees/v26-d-ir-id-platform-tooling/remote_ops/render_v25_8_r2_profile.py,.py,2084,0c5c56d01ccbefe566e33251917dcca37c928ba7d12ddb94d3b21fbb1992fbe9,REVIEW_REQUIRED,ORIGINALITY_AND_LICENSE_REVIEW,pending-review
mrg_v25_historical,worktrees/v26-d-ir-id-platform-tooling/remote_ops/render_v25_8_r3_profile.py,.py,3660,9e1aae867704d1690f46c9f1ea72e877387acebfc89acdc32f6f4dd2b3de7738,REVIEW_REQUIRED,ORIGINALITY_AND_LICENSE_REVIEW,pending-review
mrg_v25_historical,worktrees/v26-d-ir-id-platform-tooling/remote_ops/render_v25_8_r4_profile.py,.py,4325,2b91191c64b2cc8e36c896f1c929e2db3a9ab2503f56fc606a55cd71c3b7fcce,REVIEW_REQUIRED,ORIGINALITY_AND_LICENSE_REVIEW,pending-review
mrg_v25_historical,worktrees/v26-d-ir-id-platform-tooling/remote_ops/render_world_state_shadow_profile.py,.py,1288,d6758eaeb806f58795ef835a8f01095f3177f93a36e3907aa75b74435b8bd8e5,REVIEW_REQUIRED,ORIGINALITY_AND_LICENSE_REVIEW,pending-review
mrg_v25_historical,worktrees/v26-d-ir-id-platform-tooling/remote_ops/report_v25_8_rc1.py,.py,6181,84386d48dca94656223e585b349afe7a3f21b26138f6ca8df8501599ded8899a,REVIEW_REQUIRED,ORIGINALITY_AND_LICENSE_REVIEW,pending-review
mrg_v25_historical,worktrees/v26-d-ir-id-platform-tooling/remote_ops/restore_legacy_snapshot_backup.sh,.sh,3175,3bafa4c3df09b911d117e9dbc4ee1fc0c05fda186c31d98a6b60258e2b57b002,REVIEW_REQUIRED,ORIGINALITY_AND_LICENSE_REVIEW,pending-review
mrg_v25_historical,worktrees/v26-d-ir-id-platform-tooling/remote_ops/run_v25_3_offline_matrix.py,.py,4466,f17d273bcd8f9e8fba97203ab1f45e4ba1086c352a0add59d4b83e1318c8c537,REVIEW_REQUIRED,ORIGINALITY_AND_LICENSE_REVIEW,pending-review
mrg_v25_historical,worktrees/v26-d-ir-id-platform-tooling/remote_ops/run_v25_5_a_mvs_shadow.sh,.sh,3297,31c5f4b6c643288b196d9cccfc7a9b46e6c0a63a2c802a60f35c5301669ece0a,REVIEW_REQUIRED,ORIGINALITY_AND_LICENSE_REVIEW,pending-review
mrg_v25_historical,worktrees/v26-d-ir-id-platform-tooling/remote_ops/run_v25_5_b_event_shadow.sh,.sh,3340,e4ea49353445718ab900bdb703dc2c9fbb57ccea1d71d3228751cd5b56410ec8,REVIEW_REQUIRED,ORIGINALITY_AND_LICENSE_REVIEW,pending-review
mrg_v25_historical,worktrees/v26-d-ir-id-platform-tooling/remote_ops/run_v25_5_c2_coded_preamble.sh,.sh,4638,f1494800706be19d32eaff975bd5cec0b71e763909ae7374eca21051dd945d8c,REVIEW_REQUIRED,ORIGINALITY_AND_LICENSE_REVIEW,pending-review
mrg_v25_historical,worktrees/v26-d-ir-id-platform-tooling/remote_ops/run_v25_5_c_sync_shadow.sh,.sh,3690,ab00bc26b2e563d1c859df978b3af1603dd36949e7913db65f9e1cc86a9a1db0,REVIEW_REQUIRED,ORIGINALITY_AND_LICENSE_REVIEW,pending-review
mrg_v25_historical,worktrees/v26-d-ir-id-platform-tooling/remote_ops/run_v25_5_f_gate.sh,.sh,8442,2a05870a93e5f22a5e28a3db3018264f335b01fc1e55265b08705a332bf63008,REVIEW_REQUIRED,ORIGINALITY_AND_LICENSE_REVIEW,pending-review
mrg_v25_historical,worktrees/v26-d-ir-id-platform-tooling/remote_ops/run_v25_8_r2_sync_bev.sh,.sh,5451,eb318c309f4d43dffdde9c23b71dcc2e0f166cd30309bf50872e834fa5a6bd20,REVIEW_REQUIRED,ORIGINALITY_AND_LICENSE_REVIEW,pending-review
mrg_v25_historical,worktrees/v26-d-ir-id-platform-tooling/remote_ops/run_v25_8_r3_bev_contract_disk.sh,.sh,8003,fc32d2c56b1d0c3e9713b78a892cb1ca4f5b2cae168aa761c7e04890e9e8e83a,REVIEW_REQUIRED,ORIGINALITY_AND_LICENSE_REVIEW,pending-review
mrg_v25_historical,worktrees/v26-d-ir-id-platform-tooling/remote_ops/run_v25_8_r4_live_shadow.sh,.sh,8843,1aa8277b7abe6f55217ab144d720c376f18ab6fe7bb0cdec77efc431e67d8534,REVIEW_REQUIRED,ORIGINALITY_AND_LICENSE_REVIEW,pending-review
mrg_v25_historical,worktrees/v26-d-ir-id-platform-tooling/remote_ops/run_v25_8_r5_governance.sh,.sh,4332,27fcb823408dbbf2bd3f993f4d57e40e7f21966714755a7faa40342ff10da13b,REVIEW_REQUIRED,ORIGINALITY_AND_LICENSE_REVIEW,pending-review
mrg_v25_historical,worktrees/v26-d-ir-id-platform-tooling/remote_ops/run_v25_8_rc1_matrix.py,.py,40780,086d310167e48e796604088a1358f559900b8e60d0b89903da9dd2a2c6bd2ad4,REVIEW_REQUIRED,ORIGINALITY_AND_LICENSE_REVIEW,pending-review
mrg_v25_historical,worktrees/v26-d-ir-id-platform-tooling/remote_ops/run_v25_8_rc1_matrix.sh,.sh,402,9670b8bb086af15c6e44c88e9707c4381bb747a821d34ab950a28c87065a2b47,REVIEW_REQUIRED,ORIGINALITY_AND_LICENSE_REVIEW,pending-review
mrg_v25_historical,worktrees/v26-d-ir-id-platform-tooling/remote_ops/run_world_state_evaluation.sh,.sh,1184,b9a8ac793dd9e2b7b053eba2f60cdd992955413c8904dc5578fc94374456e3d3,REVIEW_REQUIRED,ORIGINALITY_AND_LICENSE_REVIEW,pending-review
mrg_v25_historical,worktrees/v26-d-ir-id-platform-tooling/remote_ops/run_world_state_shadow_ab.sh,.sh,6398,8684108e8a30ff6b862679245fce3b71d9e36e329e02442520739e6f00a6c8ee,REVIEW_REQUIRED,ORIGINALITY_AND_LICENSE_REVIEW,pending-review
mrg_v25_historical,worktrees/v26-d-ir-id-platform-tooling/remote_ops/sample_full_system_status.py,.py,15586,3aa9517e2244b7ff11e356fe8f35d117aa9a0d5f589ad72e08b3007d348168b7,REVIEW_REQUIRED,ORIGINALITY_AND_LICENSE_REVIEW,pending-review
mrg_v25_historical,worktrees/v26-d-ir-id-platform-tooling/remote_ops/self_test_legacy_snapshot.sh,.sh,2061,02c7ee9ba9724f053b578a1ba29417357c7e105b77da25285e3a3cd71836e8b5,REVIEW_REQUIRED,ORIGINALITY_AND_LICENSE_REVIEW,pending-review
mrg_v25_historical,worktrees/v26-d-ir-id-platform-tooling/remote_ops/self_test_unattended_lifecycle.sh,.sh,772,d770756ba44c2313d3f2eabc3ecc466ef52e1262417b6712ccbd0e5ba6e736be,REVIEW_REQUIRED,ORIGINALITY_AND_LICENSE_REVIEW,pending-review
mrg_v25_historical,worktrees/v26-d-ir-id-platform-tooling/remote_ops/unattended_job_wrapper.sh,.sh,1288,292f8b5c2eed329690fd0e2f2f42f22a9375973d46ae624dd3a8ca3e617f7459,REVIEW_REQUIRED,ORIGINALITY_AND_LICENSE_REVIEW,pending-review
mrg_v25_historical,worktrees/v26-d-ir-id-platform-tooling/remote_ops/unattended_lifecycle.sh,.sh,2341,8ce306eb820f9c1ad5b761469a95c57d3a611507d2a971c400f8ca175ae0f037,REVIEW_REQUIRED,ORIGINALITY_AND_LICENSE_REVIEW,pending-review
mrg_v25_historical,worktrees/v26-d-ir-id-platform-tooling/remote_ops/unattended_payload_supervisor.py,.py,5196,ebcb07c6e7188afff5496cb5c29a15c936ad149f769b474960f0086f44038f39,REVIEW_REQUIRED,ORIGINALITY_AND_LICENSE_REVIEW,pending-review
mrg_v25_historical,worktrees/v26-d-ir-id-platform-tooling/remote_ops/unattended_run_control.py,.py,14960,547d802d2d620b4e148739bdb9fdd2d89baf44f74674c0894627be6d490c5cd3,REVIEW_REQUIRED,ORIGINALITY_AND_LICENSE_REVIEW,pending-review
mrg_v25_historical,worktrees/v26-d-ir-id-platform-tooling/remote_ops/verify_v25_platform_sparse_fixture.py,.py,7438,251edb8398acc5fcf5a8739329ea4869296682da194753a46286b315fe6765e7,REVIEW_REQUIRED,ORIGINALITY_AND_LICENSE_REVIEW,pending-review
mrg_v25_historical,worktrees/v26-d-ir-id-platform-tooling/src/mrg_workspace/__init__.py,.py,97,a0bf429bca1f2f1fc5aacb4d5f4c79dd4e487d75cf37664780286cc860c56f14,REVIEW_REQUIRED,ORIGINALITY_AND_LICENSE_REVIEW,pending-review
mrg_v25_historical,worktrees/v26-d-ir-id-platform-tooling/src/mrg_workspace/cli.py,.py,4159,97dd76ff8510cc0952049a2f22ad08534b29c1f7d2cdee60dbacb71a5d83088b,REVIEW_REQUIRED,ORIGINALITY_AND_LICENSE_REVIEW,pending-review
mrg_v25_historical,worktrees/v26-d-ir-id-platform-tooling/src/mrg_workspace/legacy.py,.py,1964,a6fcd1081a712b9dcbaea09f9a3cee191d24a69fb505126cae6b1d422dc0881e,REVIEW_REQUIRED,ORIGINALITY_AND_LICENSE_REVIEW,pending-review
mrg_v25_historical,worktrees/v26-d-ir-id-platform-tooling/src/mrg_workspace/legacy_dataset.py,.py,26631,3d0020e5eba3917269f7c06df0f228d9692508716f611033e538581acd222436,REVIEW_REQUIRED,ORIGINALITY_AND_LICENSE_REVIEW,pending-review
mrg_v25_historical,worktrees/v26-d-ir-id-platform-tooling/src/mrg_workspace/manifest.py,.py,8914,522d9c020435a90efe42256a535175d6cb4b8bfc90027df899b70f9510a2e9c4,REVIEW_REQUIRED,ORIGINALITY_AND_LICENSE_REVIEW,pending-review
mrg_v25_historical,worktrees/v26-d-ir-id-platform-tooling/src/mrg_workspace/release_governance.py,.py,19611,780debaf91c9014238f9668d7f5e270584e7b694d3565af226134c375cf989ef,REVIEW_REQUIRED,ORIGINALITY_AND_LICENSE_REVIEW,pending-review
mrg_v25_historical,worktrees/v26-d-ir-id-platform-tooling/src/mrg_workspace/replay_regression.py,.py,13677,0149eaa942cba1e8ef4746aa8e3c716d60bdea7ca3aa20fbb8a816084f9e874b,REVIEW_REQUIRED,ORIGINALITY_AND_LICENSE_REVIEW,pending-review
mrg_v25_historical,worktrees/v26-d-ir-id-platform-tooling/src/mrg_workspace/runtime_closure.py,.py,12125,fcb90c0eb6460fb0be2a72b19ac259b6169b33fdf89f496e7b97731d1f2e2184,REVIEW_REQUIRED,ORIGINALITY_AND_LICENSE_REVIEW,pending-review
mrg_v25_historical,worktrees/v26-d-ir-id-platform-tooling/src/mrg_workspace/sync_shadow.py,.py,32050,232b7708aaa0bf7aa1da84c9bdd69563685511d046608a806d6490407e9ec991,REVIEW_REQUIRED,ORIGINALITY_AND_LICENSE_REVIEW,pending-review
mrg_v25_historical,worktrees/v26-d-ir-id-platform-tooling/src/mrg_workspace/v25_4_fixtures.py,.py,7327,c94ce4dccb4802b39d78bf518273442244692fea3721bff152d201448975135b,REVIEW_REQUIRED,ORIGINALITY_AND_LICENSE_REVIEW,pending-review
mrg_v25_historical,worktrees/v26-d-ir-id-platform-tooling/src/mrg_workspace/v25_4_integration.py,.py,10770,424fa6a439c0065a00372c9ec998e88ce349bf041dfe2a7642eae5675a9e636b,REVIEW_REQUIRED,ORIGINALITY_AND_LICENSE_REVIEW,pending-review
mrg_v25_historical,worktrees/v26-d-ir-id-platform-tooling/src/mrg_workspace/v25_5_fixtures.py,.py,9980,911a5b71600214dd9aa69c87df9a9b2452bfcfade841967efa2e4b4f2abc5161,REVIEW_REQUIRED,ORIGINALITY_AND_LICENSE_REVIEW,pending-review
mrg_v25_historical,worktrees/v26-d-ir-id-platform-tooling/src/mrg_workspace/v25_5_integration.py,.py,12216,4cef144bfda1dd523c7bfc9686cb077ae58b956a7e308343356d1922075262ac,REVIEW_REQUIRED,ORIGINALITY_AND_LICENSE_REVIEW,pending-review
mrg_v25_historical,worktrees/v26-d-ir-id-platform-tooling/src/mrg_workspace/world_snapshot_consumer.py,.py,1949,4a53c083fd60d6f9cb0f9ac38584c7f134ff030f26f4b614dce55ca8d78cfbd5,REVIEW_REQUIRED,ORIGINALITY_AND_LICENSE_REVIEW,pending-review
mrg_v25_historical,worktrees/v26-d-ir-id-platform-tooling/src/mrg_workspace/world_state_authority.py,.py,2266,02578568bda200ad27d93a3a362c177fce7ee46e2542ea7f8c7151e802bc4992,REVIEW_REQUIRED,ORIGINALITY_AND_LICENSE_REVIEW,pending-review
mrg_v25_historical,worktrees/v26-d-ir-id-platform-tooling/tests/test_dataset_catalog.py,.py,1771,3b5cf6d28abb37b8d18dc57e25beeeb2436c62c4900e315d69a1d5d17dc8e403,REVIEW_REQUIRED,ORIGINALITY_AND_LICENSE_REVIEW,pending-review
mrg_v25_historical,worktrees/v26-d-ir-id-platform-tooling/tests/test_full_system_sampler.py,.py,4107,af52b5dc1fabbda915d5d7a90e8ead56428c5b951c68aa19be9255acea98096b,REVIEW_REQUIRED,ORIGINALITY_AND_LICENSE_REVIEW,pending-review
mrg_v25_historical,worktrees/v26-d-ir-id-platform-tooling/tests/test_legacy.py,.py,948,9d44e4514b481bd625568ae43f3622fa9a621d5bdb756d7cf7b30ca4efebcc10,REVIEW_REQUIRED,ORIGINALITY_AND_LICENSE_REVIEW,pending-review
mrg_v25_historical,worktrees/v26-d-ir-id-platform-tooling/tests/test_legacy_dataset.py,.py,10213,b03728563a55247d11d67fd2b461f9bf4a31797757ab3dfd6d9a5f37ea4315e2,REVIEW_REQUIRED,ORIGINALITY_AND_LICENSE_REVIEW,pending-review
mrg_v25_historical,worktrees/v26-d-ir-id-platform-tooling/tests/test_manifest.py,.py,3881,49c87eaea5dbc5712ef0f8b337bf072cabb406a66418b1d467e7a09f0f9ab79e,REVIEW_REQUIRED,ORIGINALITY_AND_LICENSE_REVIEW,pending-review
mrg_v25_historical,worktrees/v26-d-ir-id-platform-tooling/tests/test_person_scenario_scan.py,.py,2224,a0be4b45be2aa19424722311fbcb9f83948bdd179286b59cc18a9b8993e3c461,REVIEW_REQUIRED,ORIGINALITY_AND_LICENSE_REVIEW,pending-review
mrg_v25_historical,worktrees/v26-d-ir-id-platform-tooling/tests/test_remote_tool.py,.py,14842,5ecf4c89d6d81e8bec5f57fa2fb90dfb2403bec37d3b42cdee3775320ce5a303,REVIEW_REQUIRED,ORIGINALITY_AND_LICENSE_REVIEW,pending-review
mrg_v25_historical,worktrees/v26-d-ir-id-platform-tooling/tests/test_replay_regression.py,.py,5688,0a5345661445f4b1764922acb00e4ce6d27cbf146afa4e6b43f37a4a565089ef,REVIEW_REQUIRED,ORIGINALITY_AND_LICENSE_REVIEW,pending-review
mrg_v25_historical,worktrees/v26-d-ir-id-platform-tooling/tests/test_report_v25_8_rc1.py,.py,2264,de1cdbed98563a45f34937318a6bef4165d9a76ae95a54a5d984e33755d7539b,REVIEW_REQUIRED,ORIGINALITY_AND_LICENSE_REVIEW,pending-review
mrg_v25_historical,worktrees/v26-d-ir-id-platform-tooling/tests/test_snapshot_audit.py,.py,6537,c4d730b57f1257f56dd9033f59d0cd137541297d5c535c4049e007e4f0c02e91,REVIEW_REQUIRED,ORIGINALITY_AND_LICENSE_REVIEW,pending-review
mrg_v25_historical,worktrees/v26-d-ir-id-platform-tooling/tests/test_unattended_run_control.py,.py,3151,961934de10fbd5616da7ec83dfe3a808457ce147de45961e5f3d3479f8e7ea9e,REVIEW_REQUIRED,ORIGINALITY_AND_LICENSE_REVIEW,pending-review
mrg_v25_historical,worktrees/v26-d-ir-id-platform-tooling/tests/test_v25_4_fixtures.py,.py,1228,5442e9bb5db1eb32096193dcc54007e191967d11c5f384c8e5e9eda86ac1afb6,REVIEW_REQUIRED,ORIGINALITY_AND_LICENSE_REVIEW,pending-review
mrg_v25_historical,worktrees/v26-d-ir-id-platform-tooling/tests/test_v25_4_integration.py,.py,1122,5e154eb014df1b5dd50705b888edabf2b6749aee42249e93bbe1b17205d54060,REVIEW_REQUIRED,ORIGINALITY_AND_LICENSE_REVIEW,pending-review
mrg_v25_historical,worktrees/v26-d-ir-id-platform-tooling/tests/test_v25_5_f_evaluator.py,.py,1958,a9971806fd331dd22a8b4defe808446e5397d556721067401b932323554f49b3,REVIEW_REQUIRED,ORIGINALITY_AND_LICENSE_REVIEW,pending-review
mrg_v25_historical,worktrees/v26-d-ir-id-platform-tooling/tests/test_v25_5_foundation.py,.py,2163,8f477e246728eec73860dd2f29433a8ea6441d569deee5e07e6afc0078dde30a,REVIEW_REQUIRED,ORIGINALITY_AND_LICENSE_REVIEW,pending-review
mrg_v25_historical,worktrees/v26-d-ir-id-platform-tooling/tests/test_v25_5_integration.py,.py,1324,56fb5ef758843cd224e017e42fe31b76913f7d96b773d3663606973b22e9f5f3,REVIEW_REQUIRED,ORIGINALITY_AND_LICENSE_REVIEW,pending-review
mrg_v25_historical,worktrees/v26-d-ir-id-platform-tooling/tests/test_v25_5_sync.py,.py,9459,bee3ab32a7186ffa956e32a0fa230d7f20b198b93a49658f88ee15ead32955a1,REVIEW_REQUIRED,ORIGINALITY_AND_LICENSE_REVIEW,pending-review
mrg_v25_historical,worktrees/v26-d-ir-id-platform-tooling/tests/test_v25_8_qualification_policy.py,.py,1646,1608cf6c6ca9905a85e1c1625b7dc1756431903ef921d45b79933038b7588296,REVIEW_REQUIRED,ORIGINALITY_AND_LICENSE_REVIEW,pending-review
mrg_v25_historical,worktrees/v26-d-ir-id-platform-tooling/tests/test_v25_8_r2.py,.py,5315,fab53d18d05e14e306657fa6f7a8642bf55afab9713d5d4943a8ad1581fcd924,REVIEW_REQUIRED,ORIGINALITY_AND_LICENSE_REVIEW,pending-review
mrg_v25_historical,worktrees/v26-d-ir-id-platform-tooling/tests/test_v25_8_r2_gap_analysis.py,.py,2216,55d3b040b9e1f802ad1f1e076534e6cf1dee545c6302ae01b3c80b3ee7c009cf,REVIEW_REQUIRED,ORIGINALITY_AND_LICENSE_REVIEW,pending-review
mrg_v25_historical,worktrees/v26-d-ir-id-platform-tooling/tests/test_v25_8_r3.py,.py,5678,9139ae1e2e8994093185cac95af67a69a6b53b95096f1821a9a5c3c0a12f2987,REVIEW_REQUIRED,ORIGINALITY_AND_LICENSE_REVIEW,pending-review
mrg_v25_historical,worktrees/v26-d-ir-id-platform-tooling/tests/test_v25_8_r4.py,.py,4853,8309eb74f9dc9807821343bde06ce64e76fe6eaf8b7340b29b950e680d74198a,REVIEW_REQUIRED,ORIGINALITY_AND_LICENSE_REVIEW,pending-review
mrg_v25_historical,worktrees/v26-d-ir-id-platform-tooling/tests/test_v25_8_r5_governance.py,.py,3685,f462f34d0fbca5c23130e0c1c0c6eccd0b20a5f8e56937f28729bd18d5d34f16,REVIEW_REQUIRED,ORIGINALITY_AND_LICENSE_REVIEW,pending-review
mrg_v25_historical,worktrees/v26-d-ir-id-platform-tooling/tests/test_v25_8_rc1.py,.py,18120,3e72b7aece2093c7c2648e99b78eb4f4725d1338a21df2053dcfe480c7ee54a9,REVIEW_REQUIRED,ORIGINALITY_AND_LICENSE_REVIEW,pending-review
mrg_v25_historical,worktrees/v26-d-ir-id-platform-tooling/tests/test_world_snapshot_consumer.py,.py,4755,8b5e450307c577ce3570325c830c88246d7cccc1719643b9896bb337beed6499,REVIEW_REQUIRED,ORIGINALITY_AND_LICENSE_REVIEW,pending-review
mrg_v25_historical,worktrees/v26-d-ir-id-platform-tooling/tools/active_led_marker_poc/README.md,.md,6206,04ba1f364a8ffd15591795e7d021959c50f09fe333450a5e1c482bc242cb8370,REVIEW_REQUIRED,ORIGINALITY_AND_LICENSE_REVIEW,pending-review
mrg_v25_historical,worktrees/v26-d-ir-id-platform-tooling/tools/active_led_marker_poc/README.zh-CN.md,.md,8325,4c577ce3fde374da2526cc96ef351e6c38bcd44e391d631990a7211365a43897,REVIEW_REQUIRED,ORIGINALITY_AND_LICENSE_REVIEW,pending-review
mrg_v25_historical,worktrees/v26-d-ir-id-platform-tooling/tools/active_led_marker_poc/docs/ESP32_S3_MATRIX_OPERATION_GUIDE.md,.md,4917,012977ae7925904791df2775ae9aff5a121da8e079862cc7e9bfe68ef715aa27,REVIEW_REQUIRED,ORIGINALITY_AND_LICENSE_REVIEW,pending-review
mrg_v25_historical,worktrees/v26-d-ir-id-platform-tooling/tools/active_led_marker_poc/docs/FIELD_TEST_CHECKLIST.md,.md,2512,ad81d30487686f0a50f0d9e9b8684c15c3a6bfc331fdcd6bb361784c61940b98,REVIEW_REQUIRED,ORIGINALITY_AND_LICENSE_REVIEW,pending-review
mrg_v25_historical,worktrees/v26-d-ir-id-platform-tooling/tools/active_led_marker_poc/docs/IR_ID_FIELD_TEST_EXECUTION_PLAN_DRAFT.en.md,.md,10326,d3020113090c4c26db000c28caf94999e94f06d429083d0734519f5630c6607c,REVIEW_REQUIRED,ORIGINALITY_AND_LICENSE_REVIEW,pending-review
mrg_v25_historical,worktrees/v26-d-ir-id-platform-tooling/tools/active_led_marker_poc/docs/IR_ID_FIELD_TEST_EXECUTION_PLAN_DRAFT.zh-CN.md,.md,17891,b520f7d93070cea43e07157a7a94b35d0ace5e30aa7a956f79074dc9fd186033,REVIEW_REQUIRED,ORIGINALITY_AND_LICENSE_REVIEW,pending-review
mrg_v25_historical,worktrees/v26-d-ir-id-platform-tooling/tools/active_led_marker_poc/docs/IR_ID_HARDWARE_BOM.md,.md,4201,d5c43f96c679b952231e78e2429af549e9979296fef17ddce7af2dbe7290c9ee,REVIEW_REQUIRED,ORIGINALITY_AND_LICENSE_REVIEW,pending-review
mrg_v25_historical,worktrees/v26-d-ir-id-platform-tooling/tools/active_led_marker_poc/docs/IR_ID_HARDWARE_DEPLOY_CHECKLIST.en.md,.md,5870,2065b1d5c7fc78356034de9556edf2593b3138ebf7c8b93e71b80b333e2405df,REVIEW_REQUIRED,ORIGINALITY_AND_LICENSE_REVIEW,pending-review
mrg_v25_historical,worktrees/v26-d-ir-id-platform-tooling/tools/active_led_marker_poc/docs/IR_ID_HARDWARE_DEPLOY_CHECKLIST.zh-CN.md,.md,5699,023c5e93923b185cec4a4d9bd6b97ed3d662311dff649f78b58867047ffc1eec,REVIEW_REQUIRED,ORIGINALITY_AND_LICENSE_REVIEW,pending-review
mrg_v25_historical,worktrees/v26-d-ir-id-platform-tooling/tools/active_led_marker_poc/docs/IR_ID_HARDWARE_DEPLOY_HANDOFF.en.md,.md,17178,4d1731477bc52a45619068241cab655a78344d738744f0f6a4706211b878a807,REVIEW_REQUIRED,ORIGINALITY_AND_LICENSE_REVIEW,pending-review
mrg_v25_historical,worktrees/v26-d-ir-id-platform-tooling/tools/active_led_marker_poc/docs/IR_ID_HARDWARE_DEPLOY_HANDOFF.zh-CN.md,.md,17888,596dcf8c3bf2a5cd7507e20c4e907f1c38846a89352117c970cec175272e98e2,REVIEW_REQUIRED,ORIGINALITY_AND_LICENSE_REVIEW,pending-review
mrg_v25_historical,worktrees/v26-d-ir-id-platform-tooling/tools/active_led_marker_poc/docs/IR_ID_MAINLINE_TASK_PLAN_20260710.en.md,.md,13980,5d9824f8e25126227f59e4bf53c3220da2fd2ca1e10a701e365682ecdd4c6539,REVIEW_REQUIRED,ORIGINALITY_AND_LICENSE_REVIEW,pending-review
mrg_v25_historical,worktrees/v26-d-ir-id-platform-tooling/tools/active_led_marker_poc/docs/IR_ID_MAINLINE_TASK_PLAN_20260710.zh-CN.md,.md,13315,49f27d343c61938cb31878e74292a1fe9722195ad149420fc4a7dfc6229a9cdd,REVIEW_REQUIRED,ORIGINALITY_AND_LICENSE_REVIEW,pending-review
mrg_v25_historical,worktrees/v26-d-ir-id-platform-tooling/tools/active_led_marker_poc/docs/IR_ID_MARKER_OBSERVATION_SCHEMA_V2.en.md,.md,2788,e1d514d25924e7baebf103dcf1ed961a679c4a7dc8aa5b55d84ae4a3381af3d6,REVIEW_REQUIRED,ORIGINALITY_AND_LICENSE_REVIEW,pending-review
mrg_v25_historical,worktrees/v26-d-ir-id-platform-tooling/tools/active_led_marker_poc/docs/IR_ID_MARKER_OBSERVATION_SCHEMA_V2.zh-CN.md,.md,2812,e9735157c6726149ad88d12d436045e2ce80a4c0be5405a3e5f99f3b26263a0c,REVIEW_REQUIRED,ORIGINALITY_AND_LICENSE_REVIEW,pending-review
mrg_v25_historical,worktrees/v26-d-ir-id-platform-tooling/tools/active_led_marker_poc/docs/IR_ID_ML0_ML3_EXECUTION_APPROVAL_PLAN_20260710.en.md,.md,19670,ca2a83120fe637d3730d5a04f54e9b189df68945281e7136eb7279dab0bb9854,REVIEW_REQUIRED,ORIGINALITY_AND_LICENSE_REVIEW,pending-review
mrg_v25_historical,worktrees/v26-d-ir-id-platform-tooling/tools/active_led_marker_poc/docs/IR_ID_ML0_ML3_EXECUTION_APPROVAL_PLAN_20260710.zh-CN.md,.md,18152,1c1d174592c5117b4cd1ac78bcae33ba2e4e0a26be4b144336a027e4c6eb49e4,REVIEW_REQUIRED,ORIGINALITY_AND_LICENSE_REVIEW,pending-review
mrg_v25_historical,worktrees/v26-d-ir-id-platform-tooling/tools/active_led_marker_poc/docs/IR_ID_PROJECT_BRANCH_TEST_PLAN.md,.md,5543,2844b5e425ff448d463a0695d15e2ce40cf2aa0e7911ab7100dbe636260b3eb4,REVIEW_REQUIRED,ORIGINALITY_AND_LICENSE_REVIEW,pending-review
mrg_v25_historical,worktrees/v26-d-ir-id-platform-tooling/tools/active_led_marker_poc/docs/IR_ID_RUN_MANIFEST_TEMPLATE.json,.json,1141,c1f69ebff9ee6739f7180fea32da522dd1fdfff66cc7dea52488e2ca0135e60e,REVIEW_REQUIRED,ORIGINALITY_AND_LICENSE_REVIEW,pending-review
mrg_v25_historical,worktrees/v26-d-ir-id-platform-tooling/tools/active_led_marker_poc/docs/IR_ID_SHADOW_PREDEVELOPMENT_PLAN_20260710.en.md,.md,16949,8c9078330e23244b1fbcabec2081f0d57bb5df3076adf87a2af862583fa32794,REVIEW_REQUIRED,ORIGINALITY_AND_LICENSE_REVIEW,pending-review
mrg_v25_historical,worktrees/v26-d-ir-id-platform-tooling/tools/active_led_marker_poc/docs/IR_ID_SHADOW_PREDEVELOPMENT_PLAN_20260710.zh-CN.md,.md,15487,aa50e6aeee5763121e85d1fdbcda88f2595015b596b5995370c1928306ee8058,REVIEW_REQUIRED,ORIGINALITY_AND_LICENSE_REVIEW,pending-review
mrg_v25_historical,worktrees/v26-d-ir-id-platform-tooling/tools/active_led_marker_poc/docs/LED_MARKER_PROTOCOL.en.md,.md,1829,6f30ce511b1f318b7b93a9e721e16cdab1c25ff63f309c609c32b443a18e7f20,REVIEW_REQUIRED,ORIGINALITY_AND_LICENSE_REVIEW,pending-review
mrg_v25_historical,worktrees/v26-d-ir-id-platform-tooling/tools/active_led_marker_poc/docs/LED_MARKER_PROTOCOL.md,.md,3404,50976ec126510a4ffaa7471b7ec9767a1e5c7acd21ec1c137549ff4fa8afe1f1,REVIEW_REQUIRED,ORIGINALITY_AND_LICENSE_REVIEW,pending-review
mrg_v25_historical,worktrees/v26-d-ir-id-platform-tooling/tools/active_led_marker_poc/esp32_marker_control.py,.py,4421,b5917e06bf220d444f4168c80906f89ed95dbae43a52a3e3002421d604a7ad29,REVIEW_REQUIRED,ORIGINALITY_AND_LICENSE_REVIEW,pending-review
mrg_v25_historical,worktrees/v26-d-ir-id-platform-tooling/tools/active_led_marker_poc/handoff/IR_ID_QUICKSTART.ps1,.ps1,2974,48a8dcafe6aa96ad7ab0985b78e315f6b8ffeddfa4e96e6b25bc13672e12753c,REVIEW_REQUIRED,ORIGINALITY_AND_LICENSE_REVIEW,pending-review
mrg_v25_historical,worktrees/v26-d-ir-id-platform-tooling/tools/active_led_marker_poc/handoff/START_HERE.en.md,.md,1381,65c2d29d974dc3a58616a7810750d8034c756df21c5d129e9f500aad4da076e0,REVIEW_REQUIRED,ORIGINALITY_AND_LICENSE_REVIEW,pending-review
mrg_v25_historical,worktrees/v26-d-ir-id-platform-tooling/tools/active_led_marker_poc/handoff/START_HERE.zh-CN.md,.md,1308,b4e6576e9bacdacc4f98e94993083c982bb7c41d05578a602ab2c433c2de530d,REVIEW_REQUIRED,ORIGINALITY_AND_LICENSE_REVIEW,pending-review
mrg_v25_historical,worktrees/v26-d-ir-id-platform-tooling/tools/active_led_marker_poc/handoff/build_handoff_package.ps1,.ps1,8895,33eec38eb14b1b66f16b4d7f99f76e56582ad4d3f24d5f96ba44258af6a36624,REVIEW_REQUIRED,ORIGINALITY_AND_LICENSE_REVIEW,pending-review
mrg_v25_historical,worktrees/v26-d-ir-id-platform-tooling/tools/active_led_marker_poc/ir_id_run_manager.py,.py,6292,61009e17caf823b2676cbe380db22f5412e846d9beaf88883d3321bccaeabaeb,REVIEW_REQUIRED,ORIGINALITY_AND_LICENSE_REVIEW,pending-review
mrg_v25_historical,worktrees/v26-d-ir-id-platform-tooling/tools/active_led_marker_poc/live_marker_monitor.py,.py,2135,38603c08a9edc1fd6dd2b8669f6cf9f27e5551f31f6b25a905d75cc175506f74,REVIEW_REQUIRED,ORIGINALITY_AND_LICENSE_REVIEW,pending-review
mrg_v25_historical,worktrees/v26-d-ir-id-platform-tooling/tools/active_led_marker_poc/marker_blink_decoder.py,.py,21093,9a36cc56d6032979a664b1d513d1719c1e598c4b01fe38cf444e1dafbdbb56fc,REVIEW_REQUIRED,ORIGINALITY_AND_LICENSE_REVIEW,pending-review
mrg_v25_historical,worktrees/v26-d-ir-id-platform-tooling/tools/active_led_marker_poc/marker_decode_eval.py,.py,4839,6301ffec540eb413fdc4dcb7b89b1d00d332b169e628f6abaa6098faad55a700,REVIEW_REQUIRED,ORIGINALITY_AND_LICENSE_REVIEW,pending-review
mrg_v25_historical,worktrees/v26-d-ir-id-platform-tooling/tools/active_led_marker_poc/marker_sweep_eval.py,.py,8897,8e99db8bbf30a621b3c422808f2d9bb46123792a342524232caa1934897745bc,REVIEW_REQUIRED,ORIGINALITY_AND_LICENSE_REVIEW,pending-review
mrg_v25_historical,worktrees/v26-d-ir-id-platform-tooling/tools/active_led_marker_poc/roi_preview_tool.py,.py,8835,83a157d548a504235f9d6c236c69daad68ddcc056ff51ce963cd24c76082fa97,REVIEW_REQUIRED,ORIGINALITY_AND_LICENSE_REVIEW,pending-review
mrg_v25_historical,worktrees/v26-d-ir-id-platform-tooling/tools/analyze_person_id_scenario.py,.py,8702,9377fe27c60ee814d9d8e8eb2ff091789350bfeba8c64fd4017b794d5d0ca8f3,REVIEW_REQUIRED,ORIGINALITY_AND_LICENSE_REVIEW,pending-review
mrg_v25_historical,worktrees/v26-d-ir-id-platform-tooling/tools/bootstrap.ps1,.ps1,1453,ef71d3c1850e239b3e81e64f68c1c8bd35ed8ad7557765f9a5f1997c32e8292c,REVIEW_REQUIRED,ORIGINALITY_AND_LICENSE_REVIEW,pending-review
mrg_v25_historical,worktrees/v26-d-ir-id-platform-tooling/tools/bootstrap.sh,.sh,1203,00d791801abd5c5541d581b0ea582331d8051036170a4e99cc7ab3dd25bf94d9,REVIEW_REQUIRED,ORIGINALITY_AND_LICENSE_REVIEW,pending-review
mrg_v25_historical,worktrees/v26-d-ir-id-platform-tooling/tools/check_ascii_paths.py,.py,745,86eb5b56e377ca4dc3e49d9d732066ae5250341ee7696b8c697271ac3414a96c,REVIEW_REQUIRED,ORIGINALITY_AND_LICENSE_REVIEW,pending-review
mrg_v25_historical,worktrees/v26-d-ir-id-platform-tooling/tools/freeze_v25_8_rc1.py,.py,7601,f5941bdfe06cc76fc81cd42cb0322b6eaa19233df9dfe0a3750ceca0508fd1ee,REVIEW_REQUIRED,ORIGINALITY_AND_LICENSE_REVIEW,pending-review
mrg_v25_historical,worktrees/v26-d-ir-id-platform-tooling/tools/legacy_dataset_adapter.py,.py,315,94d2ce785f18b04f767b1a057ac4eca072b32cc5dfd78548918c48f33aadbf0d,REVIEW_REQUIRED,ORIGINALITY_AND_LICENSE_REVIEW,pending-review
mrg_v25_historical,worktrees/v26-d-ir-id-platform-tooling/tools/list_legacy_datasets.py,.py,2594,35600292b66e4d398ec34add7d5ce4b9237090baa0a4529c9e897acc0c5d003c,REVIEW_REQUIRED,ORIGINALITY_AND_LICENSE_REVIEW,pending-review
mrg_v25_historical,worktrees/v26-d-ir-id-platform-tooling/tools/list_person_id_datasets.py,.py,3856,51de6c273ad20b8ef23cc3d610fd51402ecd4f4a7f3a154e7a7fe9d40de88f7a,REVIEW_REQUIRED,ORIGINALITY_AND_LICENSE_REVIEW,pending-review
mrg_v25_historical,worktrees/v26-d-ir-id-platform-tooling/tools/remote_workspace.ps1,.ps1,65503,9b96d30652c8f26d1831c4ea292e47e27b090b4021214e3c5285a39eecebe9ce,REVIEW_REQUIRED,ORIGINALITY_AND_LICENSE_REVIEW,pending-review
mrg_v25_historical,worktrees/v26-d-ir-id-platform-tooling/tools/replay_regression.py,.py,1441,a04dfa7d2818a5a3328a56abc6d292a6768753c6ff341bc82e9bbd450508ea8f,REVIEW_REQUIRED,ORIGINALITY_AND_LICENSE_REVIEW,pending-review
mrg_v25_historical,worktrees/v26-d-ir-id-platform-tooling/tools/update_lock.py,.py,285,65017b37cdbdbc0bdbf55ea87b9585d26b286ef3ee5682d4a2c1b2940dae952c,REVIEW_REQUIRED,ORIGINALITY_AND_LICENSE_REVIEW,pending-review
mrg_v25_historical,worktrees/v26-d-ir-id-platform-tooling/tools/validate_workspace.py,.py,304,c439a95cef1cf1b4ce30a05d24b124e7c8a1f9b32463191104d7fd3c4d4d3c2e,REVIEW_REQUIRED,ORIGINALITY_AND_LICENSE_REVIEW,pending-review
mrg_v25_historical,worktrees/v26-d-ir-id-platform-tooling/workspace.json,.json,3335,5382698458e6d92162e75942335737f30bb13a63c5ca12e8f9056690823cb06d,REVIEW_REQUIRED,ORIGINALITY_AND_LICENSE_REVIEW,pending-review
mrg_v25_historical,worktrees/v26-d-ir-id-platform-tooling/workspace.lock.json,.json,1793,5bc37fe3537bf02b69917676fe2f65f5c2d1c24ba1dc0d48b0fa24a1b0d078b3,REVIEW_REQUIRED,ORIGINALITY_AND_LICENSE_REVIEW,pending-review
v26_b,.github/workflows/repo-hygiene.yml,.yml,322,9db58733bac611dac2a40b7d5238ad035c22acb5c89ae3b1c24f9565fcdb2fd6,REVIEW_REQUIRED,ORIGINALITY_AND_LICENSE_REVIEW,pending-review
v26_b,BUILD_CPP_SHOT_BOUNCE_LINK.sh,.sh,383,8e0399252e5545534f98e5f6b3d2fac7d6c0b985de13bff5f630b5a37927a68c,REVIEW_REQUIRED,ORIGINALITY_AND_LICENSE_REVIEW,pending-review
v26_b,CHAIN_DOCUMENTATION_STANDARD.md,.md,8660,eb4545dff915ce905b18197983224e440ab6ddf1c588388d538c670118b1e91e,REVIEW_REQUIRED,ORIGINALITY_AND_LICENSE_REVIEW,pending-review
v26_b,CHAIN_DOCUMENTATION_STANDARD_CN.md,.md,5059,b260a69d8d3b70bc871760358d87e93dbe4a5d201e4044ba5f76e5d3ab803467,REVIEW_REQUIRED,ORIGINALITY_AND_LICENSE_REVIEW,pending-review
v26_b,EVENT_SIDE_CHAIN.md,.md,72638,11bc7543287b9dd8516ca993b143bac802527ae88c0415794dfcc6c4dfda22be,REVIEW_REQUIRED,ORIGINALITY_AND_LICENSE_REVIEW,pending-review
v26_b,EVENT_SIDE_CHAIN_CN.md,.md,54327,ad7d17d19d342e2ace599aae99e8fd20d2f7f09197f87b0ab33e045c5b5d5df3,REVIEW_REQUIRED,ORIGINALITY_AND_LICENSE_REVIEW,pending-review
v26_b,EVIDENCE_REPLAY_DATASET_V1.md,.md,4656,a24f8f41e07c1eb500404003f9b9b8eba149d04073577d4abe6a4b5457285c91,REVIEW_REQUIRED,ORIGINALITY_AND_LICENSE_REVIEW,pending-review
v26_b,EVIDENCE_REPLAY_DATASET_V1_CN.md,.md,7696,d82a8a3b11f09adb2f214413edbe1710cdc051e253d966c18dc249f07a7d178d,REVIEW_REQUIRED,ORIGINALITY_AND_LICENSE_REVIEW,pending-review
v26_b,GAME_EVENT_BRIDGE_HANDOFF_20260703.md,.md,14487,582f6c77811b5acbfae276182694b1304a6be852e70edcc293a0a1fe906ef6d4,REVIEW_REQUIRED,ORIGINALITY_AND_LICENSE_REVIEW,pending-review
v26_b,GAME_EVENT_BRIDGE_HANDOFF_20260703_CN.md,.md,6155,2289536254c9e45ea7cc911aa8bc4d59f10c074a860d7d0c3c08dfe1f7e3fd21,REVIEW_REQUIRED,ORIGINALITY_AND_LICENSE_REVIEW,pending-review
v26_b,GLOBAL_YOLO_C3_ARCHITECTURE.md,.md,5201,35e007e6c3cfce6ecedfdd3e909dc3f73a68036d33da1ac85730bfc901c41cab,REVIEW_REQUIRED,ORIGINALITY_AND_LICENSE_REVIEW,pending-review
v26_b,GLOBAL_YOLO_C3_ARCHITECTURE_CN.md,.md,5937,402c20d128042c89322ed403a5e9639497a73e17d17a3273085925c43c19b789,REVIEW_REQUIRED,ORIGINALITY_AND_LICENSE_REVIEW,pending-review
v26_b,MODULAR_ARCHITECTURE_DECISION_DRAFT_20260704.md,.md,17352,216633c33a5882d35923d49c395d77e7d4918691650bc02e70edb5942922999c,REVIEW_REQUIRED,ORIGINALITY_AND_LICENSE_REVIEW,pending-review
v26_b,MODULAR_ARCHITECTURE_DECISION_DRAFT_20260704_CN.md,.md,4864,956a0e11c2f68cbb269e852b8dfabee336326cf8e3c8a20288453802f76368ce,REVIEW_REQUIRED,ORIGINALITY_AND_LICENSE_REVIEW,pending-review
v26_b,MVS_CAMERA_CHAIN.md,.md,25584,30bd046ef1cad714580be32a561d9d2e2243486060ce8e2465a51ba80d97f7df,REVIEW_REQUIRED,ORIGINALITY_AND_LICENSE_REVIEW,pending-review
v26_b,MVS_CAMERA_CHAIN_CN.md,.md,14261,f72a7a4520bb06788c8ce84d02dc04691b1ca4ababafd9d72d48e5d38ca6a3e4,REVIEW_REQUIRED,ORIGINALITY_AND_LICENSE_REVIEW,pending-review
v26_b,PERIODIC_MONITORING_CHECKLIST.md,.md,15353,4b08b702371128ddb58872a2e03cebd04a5bf9618b25acc320c2a342b5ca3f86,REVIEW_REQUIRED,ORIGINALITY_AND_LICENSE_REVIEW,pending-review
v26_b,PERIODIC_MONITORING_CHECKLIST_CN.md,.md,5247,98a6fe4fc57e33ad4e7e00807b400c08354671b33ae526e6f9e15e8774b4f0ad,REVIEW_REQUIRED,ORIGINALITY_AND_LICENSE_REVIEW,pending-review
v26_b,PROJECT_DOCUMENT_INDEX_CN.md,.md,5237,62099119f0c99b459a8c6293af40c214d51a67fde0457ca5ff4368f78df80c7d,REVIEW_REQUIRED,ORIGINALITY_AND_LICENSE_REVIEW,pending-review
v26_b,PROJECT_GIT_WORKFLOW.md,.md,7010,467b1deb6438e75636441ace0426f349aa377b9bcea6e988b855c1dbe1eead00,REVIEW_REQUIRED,ORIGINALITY_AND_LICENSE_REVIEW,pending-review
v26_b,PROJECT_GIT_WORKFLOW_CN.md,.md,4081,063100d3b932367fc8e44eae924d71f859a989b9ee76066d736903359d9aa722,REVIEW_REQUIRED,ORIGINALITY_AND_LICENSE_REVIEW,pending-review
v26_b,README.md,.md,14218,7b9157bf3b4ecdd7e47bf473778c79e976c87c7593308a4e9c9012acf769f8c3,REVIEW_REQUIRED,ORIGINALITY_AND_LICENSE_REVIEW,pending-review
v26_b,REMOTE_TEST_WORKFLOW.md,.md,30248,6393ad6e583e10946f81244dc46f7889f8ebf1520c30ece132d1dce4ebed2e63,REVIEW_REQUIRED,ORIGINALITY_AND_LICENSE_REVIEW,pending-review
v26_b,REMOTE_TEST_WORKFLOW_CN.md,.md,18690,edee7d26c714f73f09c19a397d850ffde0c97d152c586cfd7454a71ed253db72,REVIEW_REQUIRED,ORIGINALITY_AND_LICENSE_REVIEW,pending-review
v26_b,TEST.py,.py,2971,b579d4b4dae0a38d1d85d20dd513878d60b77d1ccd2d412df5e00ec6aa9877d4,REVIEW_REQUIRED,ORIGINALITY_AND_LICENSE_REVIEW,pending-review
v26_b,V25_MAIN_TASK_TREE_20260709.md,.md,25462,228498899642230fb8b2b3b3df0bde8c0c72de602d0ad222b620ba3073af82d5,REVIEW_REQUIRED,ORIGINALITY_AND_LICENSE_REVIEW,pending-review
v26_b,after_step4_hit_test_and_pack.sh,.sh,4645,e11105056149dc16bd4b2ac05a6f4c3151aaaeee165d9f34dec692587828b8c5,REVIEW_REQUIRED,ORIGINALITY_AND_LICENSE_REVIEW,pending-review
v26_b,analyze_display_composite.py,.py,5883,e6dbc6c4c5c6281cf05dcf37cb42287d6356f686e51a2e37bdffc7fc1542fade,REVIEW_REQUIRED,ORIGINALITY_AND_LICENSE_REVIEW,pending-review
v26_b,analyze_fusion_display_stats.py,.py,13764,bf9d4856205137cca320aa981717524fdcc510387508c13880464644902ff4d2,REVIEW_REQUIRED,ORIGINALITY_AND_LICENSE_REVIEW,pending-review
v26_b,analyze_mvs_event_sync_quality.py,.py,21205,5a899f61c71973f507335f135f2202ccde5f35ca1f6242ba77850ffbfe0f6c20,REVIEW_REQUIRED,ORIGINALITY_AND_LICENSE_REVIEW,pending-review
v26_b,arrange_camera_windows.py,.py,12060,db1670c25fd7b862f66f40fca3cda110ac61fb2ec75f7ab278d5073ac6269ba0,REVIEW_REQUIRED,ORIGINALITY_AND_LICENSE_REVIEW,pending-review
v26_b,bullet_event_sender.py,.py,63503,f0edcc3e32df59f66831dabdaec66d20f92a1faf1cbb1cab3ec7e6bebd534a43,REVIEW_REQUIRED,ORIGINALITY_AND_LICENSE_REVIEW,pending-review
v26_b,check_D_trigger_rate.sh,.sh,2100,00ef1f720b82f3a3e07932b5149ba073bf587d5eab92f6907a627063a498773b,REVIEW_REQUIRED,ORIGINALITY_AND_LICENSE_REVIEW,pending-review
v26_b,check_sync_pair_quality.py,.py,2995,c2185d3d3ee2d318ed13fbf9a6695f4c4b38ca9125aec92f3986f12e4b9bf4ed,REVIEW_REQUIRED,ORIGINALITY_AND_LICENSE_REVIEW,pending-review
v26_b,clean_homography_outliers.py,.py,2814,aeb366cce747213d356ccbb367cebce6cfdd443b901562ad190b8a4f167b6f93,REVIEW_REQUIRED,ORIGINALITY_AND_LICENSE_REVIEW,pending-review
v26_b,collect_E_hit_raw.sh,.sh,3164,7a0268dd66c1ccc005aea53525067ae555799a2061af256e6e95767773e080dd,REVIEW_REQUIRED,ORIGINALITY_AND_LICENSE_REVIEW,pending-review
v26_b,compute_event_mvs_homography.py,.py,3100,46dcb6fa75a2f3ac8425a823e7217bd0457885358dcd03e88b2b33e891c5f70f,REVIEW_REQUIRED,ORIGINALITY_AND_LICENSE_REVIEW,pending-review
v26_b,compute_two_plane_homography.py,.py,7168,7bdb9aca0222f4d0b990c968a1585112b44e0cf0f3ab696525e7e81863f46d7d,REVIEW_REQUIRED,ORIGINALITY_AND_LICENSE_REVIEW,pending-review
v26_b,cpp_bullet_core/analyze_mvs_event_sync_quality.py,.py,21205,5a899f61c71973f507335f135f2202ccde5f35ca1f6242ba77850ffbfe0f6c20,REVIEW_REQUIRED,ORIGINALITY_AND_LICENSE_REVIEW,pending-review
v26_b,cpp_bullet_core/arrange_camera_windows.py,.py,12060,db1670c25fd7b862f66f40fca3cda110ac61fb2ec75f7ab278d5073ac6269ba0,REVIEW_REQUIRED,ORIGINALITY_AND_LICENSE_REVIEW,pending-review
v26_b,cpp_bullet_core/bullet_event_sender.py,.py,44102,b7423a18bcc1c6416fc5caa30a9bf31eef8348cb99a453967d21c907d9bec995,REVIEW_REQUIRED,ORIGINALITY_AND_LICENSE_REVIEW,pending-review
v26_b,cpp_bullet_core/cpp_line_motion_filter.py,.py,11067,1ca8a9caac0a52709f5bd594ac88091bb0746bd59aa88fdf345f48a17af70490,REVIEW_REQUIRED,ORIGINALITY_AND_LICENSE_REVIEW,pending-review
v26_b,cpp_bullet_core/diagnose_mvs_a_line_status.py,.py,5689,c9613b5f286af9a698b57be9530707a1320939a3908f64b248ccc3ea0b4e579c,REVIEW_REQUIRED,ORIGINALITY_AND_LICENSE_REVIEW,pending-review
v26_b,cpp_bullet_core/hik_mvs_obs_srt_streamer.py,.py,60226,0aaf9880a3352bfa6bf91edffc6e5fba0534803c4dcbaacae3a2d81006eb8d65,REVIEW_REQUIRED,ORIGINALITY_AND_LICENSE_REVIEW,pending-review
v26_b,cpp_bullet_core/hik_rgb_yolo_seg_multicam_same_model_stableid_v5.py,.py,363955,4620b7b5ec146528ba1b074465ba9a0eb1dedf42f0f5e4248ffe130b8e445385,REVIEW_REQUIRED,ORIGINALITY_AND_LICENSE_REVIEW,pending-review
v26_b,cpp_bullet_core/hit_protocol.py,.py,14954,4c6473d471410c5cc2223d7466e3051331e6ff19cc5cb5aaa4d0ecf5363a0de4,REVIEW_REQUIRED,ORIGINALITY_AND_LICENSE_REVIEW,pending-review
v26_b,cpp_bullet_core/include/cpp_bullet_types.hpp,.hpp,13317,c5451f1ad4de85dde0fe45acbed2623c761258ff111f6e1fc194e2eff99a0f8f,REVIEW_REQUIRED,ORIGINALITY_AND_LICENSE_REVIEW,pending-review
v26_b,cpp_bullet_core/include/cpp_line_motion_filter.hpp,.hpp,19315,bb7b1d1a958a685fdb8a598eebee71d10c3f39673d3602c1b98ab38d511bcdb2,REVIEW_REQUIRED,ORIGINALITY_AND_LICENSE_REVIEW,pending-review
v26_b,cpp_bullet_core/latest_frame_shm.py,.py,9765,342bfa4d78b14ecc1894e10c58ba7ff2f1c1b944d6ddd095397665c99ddbd1dd,REVIEW_REQUIRED,ORIGINALITY_AND_LICENSE_REVIEW,pending-review
v26_b,cpp_bullet_core/latest_frame_tsf1_sender.py,.py,10895,8083151052aa72d24cc3ebd8f722359ea6d9f01450805357062c9251d81c6182,REVIEW_REQUIRED,ORIGINALITY_AND_LICENSE_REVIEW,pending-review
v26_b,cpp_bullet_core/line_motion_filter_backfill.py,.py,224147,6dfc5f90354d560aa67608a9507a755a3b2e84f2998108a0883506ebf22cd8f0,REVIEW_REQUIRED,ORIGINALITY_AND_LICENSE_REVIEW,pending-review
v26_b,cpp_bullet_core/metavision_spatter_tracking_linefilter_tsf1_autosender_backfill.py,.py,220307,1ae7a4caa4dbea4526dc1e1deaf9f2da35e764c4e81ab31822dfcf4b801eeb70,REVIEW_REQUIRED,ORIGINALITY_AND_LICENSE_REVIEW,pending-review
v26_b,cpp_bullet_core/multi_camera_launcher.py,.py,23535,d7c7b0793778005ec496868ec5847946983ce5b394790e01c27e4d2359ac9cd5,REVIEW_REQUIRED,ORIGINALITY_AND_LICENSE_REVIEW,pending-review
v26_b,cpp_bullet_core/mvs_softsync_capture_core.py,.py,42081,06567e727046541be46273ecf6622e8550f1940059c20a094067e4345de54430,REVIEW_REQUIRED,ORIGINALITY_AND_LICENSE_REVIEW,pending-review
v26_b,cpp_bullet_core/obs_srt_streamer.py,.py,24970,4cc3efee5099ebc2c3cbe3d4b80af1ae86fc16d8ba52bdbf16bcbc7969ca1150,REVIEW_REQUIRED,ORIGINALITY_AND_LICENSE_REVIEW,pending-review
v26_b,cpp_bullet_core/pyproject.toml,.toml,105,716109e0e15fdc29ea82f00debd2ce560040a33b85abaf041b435df239d20063,REVIEW_REQUIRED,ORIGINALITY_AND_LICENSE_REVIEW,pending-review
v26_b,cpp_bullet_core/rentijiance/hik_rgb_yolo_seg_multicam_same_model_stableid_v5.py,.py,297960,58f91a37da42d3915238421cbfb8ffad957fcc316efdbc1db577bc37ee5eaa27,REVIEW_REQUIRED,ORIGINALITY_AND_LICENSE_REVIEW,pending-review
v26_b,cpp_bullet_core/rentijiance/hit_judge_server.py,.py,159233,0ddf622e1ca70b90e29b6a72b15863b5f42398dfaac08a99c30e704f9c30a6ae,REVIEW_REQUIRED,ORIGINALITY_AND_LICENSE_REVIEW,pending-review
v26_b,cpp_bullet_core/setup.py,.py,958,90cdfe3a27b93e32a1c938ee30d347d666162f3a17693a8ebe8f44821384dd02,REVIEW_REQUIRED,ORIGINALITY_AND_LICENSE_REVIEW,pending-review
v26_b,cpp_bullet_core/src/cpp_line_motion_filter.cpp,.cpp,134511,063c8446e58fb29be777a10efa1d66ae57b1ec1425167a4467c1753e3782e278,REVIEW_REQUIRED,ORIGINALITY_AND_LICENSE_REVIEW,pending-review
v26_b,cpp_bullet_core/src/pybind_module.cpp,.cpp,19475,3a10c62a78f2b9df351cd1e691a3d8a067603a404d13d5529b286d1735b65475,REVIEW_REQUIRED,ORIGINALITY_AND_LICENSE_REVIEW,pending-review
v26_b,cpp_bullet_core/start_event_and_rentijiance_test523.py,.py,16942,4558e3d905586a905a6c1ff5923ecbfb93f2a3a31528f10222d91949653bad50,REVIEW_REQUIRED,ORIGINALITY_AND_LICENSE_REVIEW,pending-review
v26_b,cpp_bullet_core/tools/analyze_frame_bundle_audit.py,.py,16757,43080a4503fe01cd167c2e976581cbdd374102003ecedea5eaa8607a190fec94,REVIEW_REQUIRED,ORIGINALITY_AND_LICENSE_REVIEW,pending-review
v26_b,cpp_line_motion_filter.py,.py,11067,1ca8a9caac0a52709f5bd594ac88091bb0746bd59aa88fdf345f48a17af70490,REVIEW_REQUIRED,ORIGINALITY_AND_LICENSE_REVIEW,pending-review
v26_b,cuda_bayer_preprocess/README.md,.md,429,3ff1f14c2cb5006d0a1c1d57d89a5d82e74b8543378bdf2d92f799e54684639e,REVIEW_REQUIRED,ORIGINALITY_AND_LICENSE_REVIEW,pending-review
v26_b,cuda_bayer_preprocess/__init__.py,.py,323,44e5d0c3aa072dde1679a01d4ed6eb1cfef88adc53a21413457b94c1c5d698ed,REVIEW_REQUIRED,ORIGINALITY_AND_LICENSE_REVIEW,pending-review
v26_b,cuda_bayer_preprocess/bayer_preprocess.cpp,.cpp,733,d5d88bfe4304ef71f86b1108714458af922131710dd277f78c8cec5cbd1738e6,REVIEW_REQUIRED,ORIGINALITY_AND_LICENSE_REVIEW,pending-review
v26_b,cuda_bayer_preprocess/preprocess.py,.py,3581,5c7a8a69cc5eac4b64f56a41448a794057348230d449cdeecf3c26b7b4fc30fd,REVIEW_REQUIRED,ORIGINALITY_AND_LICENSE_REVIEW,pending-review
v26_b,cuda_bayer_preprocess/setup.py,.py,595,631787e21a3512cafc154fc96713f8e530b06cba339571a149d766c367692c2e,REVIEW_REQUIRED,ORIGINALITY_AND_LICENSE_REVIEW,pending-review
v26_b,damage_attribution_service.py,.py,53703,5e88a745a9b21281c9799eec0a22b14c2040182ecf9b7e0c5425551d491d8b80,REVIEW_REQUIRED,ORIGINALITY_AND_LICENSE_REVIEW,pending-review
v26_b,diagnose_mvs_a_line_status.py,.py,5689,c9613b5f286af9a698b57be9530707a1320939a3908f64b248ccc3ea0b4e579c,REVIEW_REQUIRED,ORIGINALITY_AND_LICENSE_REVIEW,pending-review
v26_b,docs/README_CN.md,.md,720,f1709e83f8753ccc63f82cf580cde7ba7760b8032466e59bf3b05e268aee6310,REVIEW_REQUIRED,ORIGINALITY_AND_LICENSE_REVIEW,pending-review
v26_b,docs/architecture/HIT_JUDGE_V20_SPLIT_DIRECTION.md,.md,5394,7a7e4928b1f26c4557ed94549a0401181c9b7d12105f9d80b23d5c6b84ac397a,REVIEW_REQUIRED,ORIGINALITY_AND_LICENSE_REVIEW,pending-review
v26_b,docs/architecture/V20C_IDENTITY_EVIDENCE_CHAIN_GOVERNANCE_20260703.md,.md,12461,d0cc821fc17e073213adb770587fe6b0db59b5b1c51850e2f7c0b7089afc1477,REVIEW_REQUIRED,ORIGINALITY_AND_LICENSE_REVIEW,pending-review
v26_b,docs/architecture/V22_HOT_UPDATE_LAB_ARCHITECTURE.md,.md,4789,f30767ccae84b42ea0f0b38263c16d597eb89f90e4e6e005f4e9f6cc2a09f4ef,REVIEW_REQUIRED,ORIGINALITY_AND_LICENSE_REVIEW,pending-review
v26_b,docs/operations/A_TEST_PROJECT_MANAGEMENT.md,.md,3918,4b452370c482a43110b2109e2e2d20205eb34398915fc8073cb4726a3d1a90a4,REVIEW_REQUIRED,ORIGINALITY_AND_LICENSE_REVIEW,pending-review
v26_b,docs/operations/PYOPENGL_CUDA_PREVIEW_TEST_PLAN.md,.md,8594,b18efced494fe5c31738ab7a3379fac6cb60d3fba78458f42124cdf4a6f5905b,REVIEW_REQUIRED,ORIGINALITY_AND_LICENSE_REVIEW,pending-review
v26_b,docs/reports/BGR8_CODELEVEL_FORCE_README.md,.md,1421,4280b867c62c7a82cc97be2020cd9932c0774299d5e8906981fed8ac5292411c,REVIEW_REQUIRED,ORIGINALITY_AND_LICENSE_REVIEW,pending-review
v26_b,docs/reports/BGR8_INTEGRATION_README_20260625.md,.md,1819,09538ec402ce25404546caf5ee9f2399e594eda1380d50fae25addfcfcf0c572,REVIEW_REQUIRED,ORIGINALITY_AND_LICENSE_REVIEW,pending-review
v26_b,docs/reports/BGR8_SAFE_RECOVERY_README.md,.md,743,10eda89eff0374db570ac6049562bf0b37ba132ebffeef149e516b8e9378cb92,REVIEW_REQUIRED,ORIGINALITY_AND_LICENSE_REVIEW,pending-review
v26_b,docs/reports/EVENT_SIDE_CHAIN_V24E1_CN.md,.md,3707,a239dcc282cd65ffc312a5275c08a981b4804b78416ecb09d6fcfbd26ff48fbf,REVIEW_REQUIRED,ORIGINALITY_AND_LICENSE_REVIEW,pending-review
v26_b,docs/reports/GLOBAL_PERSON_ID_V18_HORIZONTAL_COMPARE.md,.md,3036,97465d8ef83aefaac1dbdeb2467b79ce789f27e74dbe5031111eb26d574175c3,REVIEW_REQUIRED,ORIGINALITY_AND_LICENSE_REVIEW,pending-review
v26_b,docs/reports/GLOBAL_PERSON_ID_V19B2_ANCHOR_RERUN.md,.md,4155,1f501e25e9ce22745a5f3fda771b36d3bfae1513cc6e369446a19143d811b0f0,REVIEW_REQUIRED,ORIGINALITY_AND_LICENSE_REVIEW,pending-review
v26_b,docs/reports/GLOBAL_PERSON_ID_V19B_POLYGON_COMPARE.md,.md,4455,456d5a27bf04d749ae6fde7c8aeaaf7f6c1e42da8825937a20c3f317d63a656a,REVIEW_REQUIRED,ORIGINALITY_AND_LICENSE_REVIEW,pending-review
v26_b,docs/reports/GLOBAL_PERSON_ID_V19C_HANDOFF_AWARE.md,.md,3678,a2d337463f96a4f1bb55ea461a7bde566d30cda2eb0442f7c457eeb62ff8e250,REVIEW_REQUIRED,ORIGINALITY_AND_LICENSE_REVIEW,pending-review
v26_b,docs/reports/GLOBAL_PERSON_ID_V19E_COUNT_GATE_NODE.md,.md,2901,5b27bdbcbfbdcf6504f17ddc068838259e47e76d75751c5089150731bb97effc,REVIEW_REQUIRED,ORIGINALITY_AND_LICENSE_REVIEW,pending-review
v26_b,docs/reports/GLOBAL_PERSON_ID_V19_ANCHOR_COMPARE.md,.md,4054,546c832adff0fbd4e556850148d44070487033e8912fb315ffce8d9e4681b261,REVIEW_REQUIRED,ORIGINALITY_AND_LICENSE_REVIEW,pending-review
v26_b,docs/reports/HANDOFF_20260702_EVENT_OVERLAY_BEV_DILATE_CONTROL.md,.md,4403,2220dd35d9dd41587a9501c1f3911d9e154b3fcdfd8a3401a95bd063c089698d,REVIEW_REQUIRED,ORIGINALITY_AND_LICENSE_REVIEW,pending-review
v26_b,docs/reports/REMOTE_EVENT_CHAIN_REPORT_20260704.md,.md,9770,6a4ae67f68b8496b52fe15eeb96c8518425080a5554b31076fbe5185edaf0e85,REVIEW_REQUIRED,ORIGINALITY_AND_LICENSE_REVIEW,pending-review
v26_b,docs/reports/SYNC_DEGRADE_BUG_20260703.md,.md,3783,d5e005ab252ad274e83c1112e009228b59f9a5ef9f50b7ee6b970dadd71b1f89,REVIEW_REQUIRED,ORIGINALITY_AND_LICENSE_REVIEW,pending-review
v26_b,docs/reports/TEST_REPORT_20260701_V15_NOISE_DEFH.md,.md,6964,54ece76358ec27b5d7a7a8b549ca3b83ab392012354e1a54f4848cb73eb4e39d,REVIEW_REQUIRED,ORIGINALITY_AND_LICENSE_REVIEW,pending-review
v26_b,docs/reports/YOLO_SHARD_OPTIMIZATION_README.md,.md,2510,63e6027bb35f07d2d16beaa722a99587c567c9daa542732d8e50d72781053d4f,REVIEW_REQUIRED,ORIGINALITY_AND_LICENSE_REVIEW,pending-review
v26_b,docs/versions/NODE_VERSION_20260701_PRE_V10A_ROLLBACK.md,.md,2219,19ad367d8b3715c40318ecf14eb822ad3fe956d86e607b8f855cb774c8825ce6,REVIEW_REQUIRED,ORIGINALITY_AND_LICENSE_REVIEW,pending-review
v26_b,docs/versions/NODE_VERSION_20260701_V14_E_HIT_NO_MISS_STAGE.md,.md,4080,c9ea9a64be05e7776c4cf1490fa6f5a542d2c08c1015bf480dff315653e256cf,REVIEW_REQUIRED,ORIGINALITY_AND_LICENSE_REVIEW,pending-review
v26_b,docs/versions/NODE_VERSION_20260701_V15_2_TRAJECTORY_ONLY_CHECK.md,.md,9428,43561e555d8674fa55f83b6a4c7363bc0ef1e9472fca70e47f4c67fac7ecea4d,REVIEW_REQUIRED,ORIGINALITY_AND_LICENSE_REVIEW,pending-review
v26_b,docs/versions/NODE_VERSION_20260701_V1_1_STRICT_MASK_TSF12.md,.md,3369,28fcc0635fb0bb802a68d7242c39e4d864f261c16898b7fc0bd15c4dcaa3765a,REVIEW_REQUIRED,ORIGINALITY_AND_LICENSE_REVIEW,pending-review
v26_b,docs/versions/NODE_VERSION_20260701_V1_3_GLOBAL_BEV_30FPS.md,.md,4215,1d94d6c2543a7c937c6a77e809e43cc0fc6b582125596bcc75080a48a73b168b,REVIEW_REQUIRED,ORIGINALITY_AND_LICENSE_REVIEW,pending-review
v26_b,docs/versions/NODE_VERSION_20260702_A_TEST_EVENT_OVERLAY_BEV_DILATE_CONTROL.md,.md,4288,9eb5b9ec96a9876395b6f868559668a5601e18d5a010da7c8b60dd7afee8510b,REVIEW_REQUIRED,ORIGINALITY_AND_LICENSE_REVIEW,pending-review
v26_b,docs/versions/NODE_VERSION_20260702_V17A_ATEST_MERGED.md,.md,2962,d6cbd2a9e3cde493e6a5c01f63bc9a406ee3a00aad078b410fd70c37b0c74266,REVIEW_REQUIRED,ORIGINALITY_AND_LICENSE_REVIEW,pending-review
v26_b,docs/versions/NODE_VERSION_20260702_V17_A_DIAG_LOG_THROTTLE.md,.md,2026,3bba6e5385c799cfb62c2f333f3e789dfa8683889d722504fb67fef82f19bd44,REVIEW_REQUIRED,ORIGINALITY_AND_LICENSE_REVIEW,pending-review
v26_b,docs/versions/NODE_VERSION_20260704_EF_EVENT_CHAIN_HOTPIXEL_FIX.md,.md,6091,421e80e6f0b0e71cba09573131eddd08d3eba416efcaaae04d8769cb5cadd561,REVIEW_REQUIRED,ORIGINALITY_AND_LICENSE_REVIEW,pending-review
v26_b,docs/versions/NODE_VERSION_20260704_MANUAL_HIT_GLOBAL_CLICK.md,.md,7538,280785d399b14ea14edc7bc0b55be61e5d0069f18004bc9df2a1c6f62e7b9e5d,REVIEW_REQUIRED,ORIGINALITY_AND_LICENSE_REVIEW,pending-review
v26_b,docs/versions/NODE_VERSION_20260705_V24B_SPARSE_GL_UNCLOSED.md,.md,9207,8f092563fb5cf2444d913dce3ff9a1dedeab87b0926ce4e1c7fc7f4d5f1f9f5b,REVIEW_REQUIRED,ORIGINALITY_AND_LICENSE_REVIEW,pending-review
v26_b,docs/versions/NODE_VERSION_20260707_V24C3_DELAYED_ALIGNMENT_SHADOW.md,.md,3746,dedae4452790e13bccd3064196eeefa2d6e4786128cddfea8c15d1d9cecef3b5,REVIEW_REQUIRED,ORIGINALITY_AND_LICENSE_REVIEW,pending-review
v26_b,docs/versions/NODE_VERSION_20260707_V24C4_PREFLIGHT_ALIGNMENT_DIAG.md,.md,5117,c0c28963f51c5c1ea6c91bfa8635f7ebe69407746cc92b79450d5d5702f59adc,REVIEW_REQUIRED,ORIGINALITY_AND_LICENSE_REVIEW,pending-review
v26_b,docs/versions/NODE_VERSION_20260707_V24C5_C6_BEV_UPLOAD_DISPLAY_BUDGET.md,.md,8780,5982e6750feb7515d120390c8c5ce97185d4f8cb770602515657911185226cf2,REVIEW_REQUIRED,ORIGINALITY_AND_LICENSE_REVIEW,pending-review
v26_b,docs/versions/NODE_VERSION_20260707_V24D_TEST_TOOLCHAIN_DOCS_HARDENING.md,.md,5966,9fc25d6e6b30e3bb7b0c00858f63f3af4fc7e5e4d7b9cc58a7e52669378f9a0f,REVIEW_REQUIRED,ORIGINALITY_AND_LICENSE_REVIEW,pending-review
v26_b,docs/versions/NODE_VERSION_20260707_V24Z_YOLO_ASYNC_POSTPROCESS.md,.md,15356,f898a162529623c2a63377bfcf1abfc63ff78dff07e7e64c75a104d7407a4e40,REVIEW_REQUIRED,ORIGINALITY_AND_LICENSE_REVIEW,pending-review
v26_b,docs/versions/NODE_VERSION_20260708_V24E5_BEV_EVENT_TARGET_RING_ACTIVE.md,.md,6295,95ef3e35811794d39accdc7e23711b1dc9f699b7d0f6844d25398ba6e7a9d1d5,REVIEW_REQUIRED,ORIGINALITY_AND_LICENSE_REVIEW,pending-review
v26_b,docs/versions/NODE_VERSION_20260708_V24Z4_POSTMASK_ROLLBACK.md,.md,3082,adc235d5f83bd4753e85619070d7284aa93cfc0b44a7a0863178988e572d225f,REVIEW_REQUIRED,ORIGINALITY_AND_LICENSE_REVIEW,pending-review
v26_b,docs/versions/NODE_VERSION_20260709_V25B_EXTTRIG_REPLAY.md,.md,6353,aa75f38517a46d00ad6ea89626a0b81e7263242ce34becfee24f3b179cfd55bd,REVIEW_REQUIRED,ORIGINALITY_AND_LICENSE_REVIEW,pending-review
v26_b,docs/versions/NODE_VERSION_20260709_V25C_MVS_FILE_REPLAY.md,.md,4368,f2b41eb689abe974e36b7585e3851d470d30ed965c569533eb08521d641d06d8,REVIEW_REQUIRED,ORIGINALITY_AND_LICENSE_REVIEW,pending-review
v26_b,docs/versions/NODE_VERSION_20260709_V25D_MANIFEST_SOURCE_EXPAND.md,.md,5991,1fcd59aa108efaf4b4dbad91838d2666150cea3c6d1922b1aaafb50f827116d5,REVIEW_REQUIRED,ORIGINALITY_AND_LICENSE_REVIEW,pending-review
v26_b,docs/versions/NODE_VERSION_20260709_V25_ADE_STATUS_WINDOW_CLOSURE.md,.md,5782,161df3da0c3a9eb496c7193745511d1c530af6b7c5125d2a9be8b96872664667,REVIEW_REQUIRED,ORIGINALITY_AND_LICENSE_REVIEW,pending-review
v26_b,docs/versions/NODE_VERSION_20260710_G0_G2_REPOSITORY_GOVERNANCE.md,.md,3033,f02c5b7295642ed94c8ee0f2a02a6a41cce5cc0d1017ee1c1360c519406eb514,REVIEW_REQUIRED,ORIGINALITY_AND_LICENSE_REVIEW,pending-review
v26_b,docs/versions/NODE_VERSION_20260710_V25_STARTUP_CONTROL_PANEL.md,.md,3165,e783ff030696f94621c45c633b3e3597183e0cbe0139572c1a888093692754e6,REVIEW_REQUIRED,ORIGINALITY_AND_LICENSE_REVIEW,pending-review
v26_b,docs/versions/NODE_VERSION_20260711_V25_8_R3_BEV_POLYGON_DISK.md,.md,2242,f3cca68e79857ccea0432a9f5918d53cbeed76cc6284e3f16db746c46c5c5fd2,REVIEW_REQUIRED,ORIGINALITY_AND_LICENSE_REVIEW,pending-review
v26_b,docs/versions/NODE_VERSION_20260711_V25_8_R4_LIVE_SHADOW_WIRING.md,.md,2476,e2974f71dada7242f30e90231861d7da17f7107f54d5ccd70f25190ea8aa9ae6,REVIEW_REQUIRED,ORIGINALITY_AND_LICENSE_REVIEW,pending-review
v26_b,docs/versions/STAGE_VERSION_20260630_EVENT_YOLO_MASK_OPTIMIZATION.md,.md,15360,b3ab623c8e046ef2c44f82d3246402cbdf0ccb95fbad5d66734e64f4d1fd50a1,REVIEW_REQUIRED,ORIGINALITY_AND_LICENSE_REVIEW,pending-review
v26_b,docs/versions/VERSION_MANIFEST_20260702_EVENT_OVERLAY_BEV_DILATE_CONTROL.json,.json,4434,82526403cfd57c4b8117786a3e960f3c817ca2a71367956ca0a352099b10de8e,REVIEW_REQUIRED,ORIGINALITY_AND_LICENSE_REVIEW,pending-review
v26_b,event_mask_evidence_service.py,.py,31988,342e2a8816ccc65f6a46c3ad32a52bf4c88bcddd56748c22625f734a9784dc64,REVIEW_REQUIRED,ORIGINALITY_AND_LICENSE_REVIEW,pending-review
v26_b,event_overlay_overview_renderer.py,.py,10685,df44b7f6479b147215647cd94d77d8bfcd5866e20e8bb743ae45dab964b111cb,REVIEW_REQUIRED,ORIGINALITY_AND_LICENSE_REVIEW,pending-review
v26_b,event_track_polygon_gate.py,.py,24013,458e0604560064512e8e5b37e04b9f4bdd6b981f7902f29e5575b570a3df0479,REVIEW_REQUIRED,ORIGINALITY_AND_LICENSE_REVIEW,pending-review
v26_b,experiments/global_id/alpha_beta_countgate.json,.json,641,e1d73c8846b4f78900333ccb82c22bb18f1fed906dcecf2b1070b7b5ead6363b,REVIEW_REQUIRED,ORIGINALITY_AND_LICENSE_REVIEW,pending-review
v26_b,experiments/global_id/handoff_strict_anchor.json,.json,776,f101aeedb607a283acf6d930095be02b5d58cdaa8fb5512f1a1df1606a0068fe,REVIEW_REQUIRED,ORIGINALITY_AND_LICENSE_REVIEW,pending-review
v26_b,experiments/global_id/kalman_shadow_countgate.json,.json,757,b4c971bc16ad81c8cb1f8838900f0198154ed6846d51a486ee37b9bcf87bc6e4,REVIEW_REQUIRED,ORIGINALITY_AND_LICENSE_REVIEW,pending-review
v26_b,experiments/hit_judge/bbox48_shadow.json,.json,705,f13feed8adc39ae575077fcc7120efb39e764c4b1f0dd17987c3c8153801aeb3,REVIEW_REQUIRED,ORIGINALITY_AND_LICENSE_REVIEW,pending-review
v26_b,experiments/hit_judge/bbox48_soft.json,.json,712,6dbb3676665fd0c28fbea5098ea808256ea6b25b57a2ff2adfd68ef4ac49c3bb,REVIEW_REQUIRED,ORIGINALITY_AND_LICENSE_REVIEW,pending-review
v26_b,experiments/hit_judge/bbox96_soft.json,.json,709,41f025b229ab12d1c4227c260e80157b0c22497747f8b57ec2d83b07ffcaa32d,REVIEW_REQUIRED,ORIGINALITY_AND_LICENSE_REVIEW,pending-review
v26_b,fusion_renderer_gl.py,.py,133171,aff898bcbb9ef3bd9c7af30b4a0d3f496f60da18843a3a4f5c9be3f9102ea78b,REVIEW_REQUIRED,ORIGINALITY_AND_LICENSE_REVIEW,pending-review
v26_b,game_event_bridge_service.py,.py,27721,b5d8ea5e2a9a765a9a7e694b625b4cc76b2b5581c85aafd226e70f93fb0eb2aa,REVIEW_REQUIRED,ORIGINALITY_AND_LICENSE_REVIEW,pending-review
v26_b,global_bev_fusion_renderer.py,.py,568417,e284694c03660d4a2fd3cb08a048764737c8bc51535160dca6889064abd9b84d,REVIEW_REQUIRED,ORIGINALITY_AND_LICENSE_REVIEW,pending-review
v26_b,global_bullet_fusion_service.py,.py,17722,22efc0266941b761a9b99c49c42886c198443b6f93e34f4fd47dac55fe6e5be6,REVIEW_REQUIRED,ORIGINALITY_AND_LICENSE_REVIEW,pending-review
v26_b,global_bullet_reprocess_service.py,.py,9681,7bb33a834ec05114059d8a78d6db8073e059f13ee51d611977eab7a54180f3e1,REVIEW_REQUIRED,ORIGINALITY_AND_LICENSE_REVIEW,pending-review
v26_b,global_person_id_server.py,.py,89190,7e4432e4d74e95ad9708175987f2be6c095c3ad09e57cae5418335add9bd250e,REVIEW_REQUIRED,ORIGINALITY_AND_LICENSE_REVIEW,pending-review
v26_b,global_yolo_infer_server.py,.py,140111,fb1ac9e7289bac76b7976325e54bb72a78b058cd8a967effd9c6be724af1d13c,REVIEW_REQUIRED,ORIGINALITY_AND_LICENSE_REVIEW,pending-review
v26_b,global_yolo_merge_publisher.py,.py,33199,ce9ef0a25adfb0e0e23455d0bcb9f59a7f62e10bdccc5baaf3ccca915b2bb554,REVIEW_REQUIRED,ORIGINALITY_AND_LICENSE_REVIEW,pending-review
v26_b,global_yolo_polygon_contract.py,.py,2135,4c3ffb1a1212f18139e8d390d7c69cd2c7b23d6015e5af8c076e3c53b98d09f4,REVIEW_REQUIRED,ORIGINALITY_AND_LICENSE_REVIEW,pending-review
v26_b,governance/README_CN.md,.md,1054,118f47f139ffba5bda436ba065120a2bf4578f1d37aa8e57bd118659d1461599,REVIEW_REQUIRED,ORIGINALITY_AND_LICENSE_REVIEW,pending-review
v26_b,governance/entrypoints.json,.json,4187,2969913ed5357218e443e084ddbb32e491ada692d0c22ef42d50ffbb48e1abb6,REVIEW_REQUIRED,ORIGINALITY_AND_LICENSE_REVIEW,pending-review
v26_b,governance/file_ownership.json,.json,3787,ed1211e8f028598d7fbffa2480c08e06c0c781b4b7a75c29e0237423553a5996,REVIEW_REQUIRED,ORIGINALITY_AND_LICENSE_REVIEW,pending-review
v26_b,governance/hygiene_baseline.json,.json,2754,a83f8e546a6cb045a1abdf3cd077c901baa9ea83aa11c99b2817687a92a3d655,REVIEW_REQUIRED,ORIGINALITY_AND_LICENSE_REVIEW,pending-review
v26_b,hik_mvs_obs_srt_streamer.py,.py,60226,0aaf9880a3352bfa6bf91edffc6e5fba0534803c4dcbaacae3a2d81006eb8d65,REVIEW_REQUIRED,ORIGINALITY_AND_LICENSE_REVIEW,pending-review
v26_b,hik_rgb_yolo_seg_multicam_same_model_stableid_v5.json,.json,35205,3bfa530472150b354fed530909c4bd04dd7efa5fd8cab462d40551cac1c43fa4,REVIEW_REQUIRED,ORIGINALITY_AND_LICENSE_REVIEW,pending-review
v26_b,hik_rgb_yolo_seg_multicam_same_model_stableid_v5.py,.py,454936,d594927b162c64e2f8f03b44edf02e50daedcd51cf531ea394879e8d539ba56f,REVIEW_REQUIRED,ORIGINALITY_AND_LICENSE_REVIEW,pending-review
v26_b,hit_judge_server.py,.py,392459,a13dcfcd91f5d4aecefa8df07e5fb993324e26927cfc885b11f31b2b63525b3c,REVIEW_REQUIRED,ORIGINALITY_AND_LICENSE_REVIEW,pending-review
v26_b,hit_protocol.py,.py,14954,4c6473d471410c5cc2223d7466e3051331e6ff19cc5cb5aaa4d0ecf5363a0de4,REVIEW_REQUIRED,ORIGINALITY_AND_LICENSE_REVIEW,pending-review
v26_b,human_mask_fast_shm.py,.py,7634,034ff112ecd50b123903cf25eb6216526fc031bf2818a94b019e813666993a89,REVIEW_REQUIRED,ORIGINALITY_AND_LICENSE_REVIEW,pending-review
v26_b,ids_8cam_fusion_config.json,.json,56073,5b53c4e0d42949cfa78be908a12f81a3e8040bf4d2b4717728497d977357ee79,REVIEW_REQUIRED,ORIGINALITY_AND_LICENSE_REVIEW,pending-review
v26_b,ids_8cam_fusion_config_627_runtime.json,.json,57096,3ffa97bdbba89e61e56ef4e4c5f67bf9f8a57cea46bca46968a6d83895e189cd,REVIEW_REQUIRED,ORIGINALITY_AND_LICENSE_REVIEW,pending-review
v26_b,jiaoyan.py,.py,2768,708940989c25d235fdf49b4f6a2ca73a69655bab9da38e41429f6559d2e875fa,REVIEW_REQUIRED,ORIGINALITY_AND_LICENSE_REVIEW,pending-review
v26_b,latest_frame_shm.py,.py,10581,1aa61e2f89212c1785585bb159201e6a1d940b10075b1d4515a07438617f3149,REVIEW_REQUIRED,ORIGINALITY_AND_LICENSE_REVIEW,pending-review
v26_b,latest_frame_tsf1_sender.py,.py,10895,8083151052aa72d24cc3ebd8f722359ea6d9f01450805357062c9251d81c6182,REVIEW_REQUIRED,ORIGINALITY_AND_LICENSE_REVIEW,pending-review
v26_b,launch_fusion_system.py,.py,271773,fc6f0751d871b21f15ed9b55a89b34c9befd188be05421e24cbbfc04f460fa16,REVIEW_REQUIRED,ORIGINALITY_AND_LICENSE_REVIEW,pending-review
v26_b,launch_fusion_system_syncstart.py,.py,28761,b752d9e6d945ef97326a9ef10b4a8bee25f19ad52a543fb268b8baf06a4fb864,REVIEW_REQUIRED,ORIGINALITY_AND_LICENSE_REVIEW,pending-review
v26_b,launch_profiles/627_event_overlay_bev.json,.json,28681,34d92abcf93eaa923081dc92260eb6b6e424f8b1be09e09f60f17ff004588774,REVIEW_REQUIRED,ORIGINALITY_AND_LICENSE_REVIEW,pending-review
v26_b,launch_profiles/627_event_overlay_bev_v26_b_shadow.json,.json,30102,5bec71019dbae9646c2906cf3d8367adefb758e60422b2dc1c923ef966af2774,REVIEW_REQUIRED,ORIGINALITY_AND_LICENSE_REVIEW,pending-review
v26_b,launch_profiles/627_event_overlay_bev_v3_sandbox.json,.json,9649,2ad36f3ac4a720b54c2bee994b389d77ee3eb01c4ec871588ed9e89af6c2f2c1,REVIEW_REQUIRED,ORIGINALITY_AND_LICENSE_REVIEW,pending-review
v26_b,line_motion_filter_backfill.py,.py,224147,6dfc5f90354d560aa67608a9507a755a3b2e84f2998108a0883506ebf22cd8f0,REVIEW_REQUIRED,ORIGINALITY_AND_LICENSE_REVIEW,pending-review
v26_b,manual_hit_service.py,.py,30080,2c0b195f130fbb76348ba95c79ccfb394274f2458407329660ba503384ce1425,REVIEW_REQUIRED,ORIGINALITY_AND_LICENSE_REVIEW,pending-review
v26_b,metavision_spatter_tracking.py,.py,12775,b26610081c969015c42bf1d2f06bfd3d11ab6f2eb0715de96c972543b4742b7e,REVIEW_REQUIRED,ORIGINALITY_AND_LICENSE_REVIEW,pending-review
v26_b,metavision_spatter_tracking_linefilter_tsf1_autosender_backfill.py,.py,441262,75433f2e5cc72e38b5eabf33c12639078653ac1c7ac3e35fc79330ac21e23a98,REVIEW_REQUIRED,ORIGINALITY_AND_LICENSE_REVIEW,pending-review
v26_b,metavision_spatter_tracking_linefilter_tsf1_autosender_backfill_syncstart.py,.py,197442,cac60f83707af6dc279bd252acd63b469f96a33a6ee61c5a8db6876bcd490f1f,REVIEW_REQUIRED,ORIGINALITY_AND_LICENSE_REVIEW,pending-review
v26_b,modify_hit.py,.py,26251,8fd5e8486da87159d1a3036bbb2486a1effaee53a37d158d47d19c08c685928d,REVIEW_REQUIRED,ORIGINALITY_AND_LICENSE_REVIEW,pending-review
v26_b,monitor_camera_usb_throughput.py,.py,13761,2d0b0a8fe3014d87fc93a96c6a0e3fe157aa9619a42010f3ddb6474c8643abb3,REVIEW_REQUIRED,ORIGINALITY_AND_LICENSE_REVIEW,pending-review
v26_b,monotonic_rate_deadline.py,.py,568,4c3d5cfc24cda0e15451d52b9573bfb62de10aaad048c23c9d7855682e9b4caa,REVIEW_REQUIRED,ORIGINALITY_AND_LICENSE_REVIEW,pending-review
v26_b,multi_camera_launcher.py,.py,57770,8928697817b41e18da735a32ce6b9c36570e6e1d202552b529f68464bf71ad08,REVIEW_REQUIRED,ORIGINALITY_AND_LICENSE_REVIEW,pending-review
v26_b,mvs_cam_worker_external_trigger.py,.py,26386,b13aa6f665d28c765d7c74b637d7f1176eb2626ede8907b33789b867b886db2c,REVIEW_REQUIRED,ORIGINALITY_AND_LICENSE_REVIEW,pending-review
v26_b,mvs_softsync_capture_core.py,.py,42081,06567e727046541be46273ecf6622e8550f1940059c20a094067e4345de54430,REVIEW_REQUIRED,ORIGINALITY_AND_LICENSE_REVIEW,pending-review
v26_b,mvs_trigger_coordinator.py,.py,17194,7237b484ebdf189825bb8d95e6f54d63599f23a4ee1921aa676bb315d85dc7fb,REVIEW_REQUIRED,ORIGINALITY_AND_LICENSE_REVIEW,pending-review
v26_b,mvs_trigger_coordinator_syncstart.py,.py,10067,8ffa0c7ca05d36f3db11ddebc9542ae98374449b4a66f360787042861cc56951,REVIEW_REQUIRED,ORIGINALITY_AND_LICENSE_REVIEW,pending-review
v26_b,native_event_bridge/build_native_event_bridge.sh,.sh,486,40e8aba512ad38dd791d56466f39b4ff1f198cff221af1f4691d0721fb5c7c87,REVIEW_REQUIRED,ORIGINALITY_AND_LICENSE_REVIEW,pending-review
v26_b,native_event_bridge/camera_doc_pipeline_smoke.cpp,.cpp,8102,b8e360f2fcc0f494c7000b780014fc29f7c2514779fd395f7a1da732c711b3a6,REVIEW_REQUIRED,ORIGINALITY_AND_LICENSE_REVIEW,pending-review
v26_b,native_event_bridge/camera_open_smoke.cpp,.cpp,4983,7b86ce9d930000fa698a3d01836b4ce8669062a8d7e5278615f474354fd5b592,REVIEW_REQUIRED,ORIGINALITY_AND_LICENSE_REVIEW,pending-review
v26_b,native_event_bridge/event_file_fifo_broker.cpp,.cpp,38595,9294e4734e44f5217fd96c04f3b15f09c84474b4845c1ba8ef385865f7a609ef,REVIEW_REQUIRED,ORIGINALITY_AND_LICENSE_REVIEW,pending-review
v26_b,native_event_bridge/hal_event_fifo_broker.cpp,.cpp,124965,1259e3272d76bef8d8fb880bf73736a3c58a8a1c03311cc9c1d34b36f28d4403,REVIEW_REQUIRED,ORIGINALITY_AND_LICENSE_REVIEW,pending-review
v26_b,native_event_bridge/hal_event_pipe_bridge.cpp,.cpp,17479,a9856e33d01f046d462d42ffd6a4ed937957317b1192baf25ebc11c29f395231,REVIEW_REQUIRED,ORIGINALITY_AND_LICENSE_REVIEW,pending-review
v26_b,native_event_bridge/hal_event_pipe_iterator.py,.py,9506,19d791cdf5358b524c5ae7e501b51679f5306f8f4f8798b17866f9577e071a87,REVIEW_REQUIRED,ORIGINALITY_AND_LICENSE_REVIEW,pending-review
v26_b,native_event_bridge/run_v6b_8route_smoke.sh,.sh,2680,d6ccc93c3cec4d73626e51cae48eb312217c465f33bd19bc018e30567ce90ed0,REVIEW_REQUIRED,ORIGINALITY_AND_LICENSE_REVIEW,pending-review
v26_b,native_event_bridge/run_v6c_broker_dryrun_smoke.sh,.sh,2265,3c9cdea1b784306e2ff20430b8c86a4667a44fbb547bf060f5d1d0a78673cd92,REVIEW_REQUIRED,ORIGINALITY_AND_LICENSE_REVIEW,pending-review
v26_b,native_event_bridge/run_v6c_event_worker_fifo_smoke.sh,.sh,4483,875dfe3c48bd23240b5375b3316cda869e0a1ab0d4038a431305f6f7b2e077df,REVIEW_REQUIRED,ORIGINALITY_AND_LICENSE_REVIEW,pending-review
v26_b,native_event_bridge/run_v6c_fifo_smoke.sh,.sh,3102,0de9eaa5d66acd7f02711a369404aad35cfe92bb7ea33febd03ab2c26e5f1907,REVIEW_REQUIRED,ORIGINALITY_AND_LICENSE_REVIEW,pending-review
v26_b,native_event_bridge/smoke_hal_fifo_consumer.py,.py,1681,388edf03b78c4890b51ebf74e40cc2be7256cb0912be97e09e7d56596f4e2faf,REVIEW_REQUIRED,ORIGINALITY_AND_LICENSE_REVIEW,pending-review
v26_b,native_event_bridge/smoke_hal_pipe_iterator.py,.py,2859,90c88319412f7b8ba46879ebef63bb4713caea6a382a4658954dad912e2db5ca,REVIEW_REQUIRED,ORIGINALITY_AND_LICENSE_REVIEW,pending-review
v26_b,obs_srt_streamer.py,.py,24970,4cc3efee5099ebc2c3cbe3d4b80af1ae86fc16d8ba52bdbf16bcbc7969ca1150,REVIEW_REQUIRED,ORIGINALITY_AND_LICENSE_REVIEW,pending-review
v26_b,patch_safe_hit_logic.py,.py,23135,a4849e1f6489e326f82d9884b0edf4824f07402da78a55d63134bdd10ecf112f,REVIEW_REQUIRED,ORIGINALITY_AND_LICENSE_REVIEW,pending-review
v26_b,patch_track_quality_complete.py,.py,20764,3a9760ebc3647e27829baf28c7a1db117e4aa90c6d0a26fffe18a93a94f58dc3,REVIEW_REQUIRED,ORIGINALITY_AND_LICENSE_REVIEW,pending-review
v26_b,person_id_dataset_recorder.py,.py,51046,a069e54608f251e4bf5c96434dd41ba0fabf36f701740c2560be8823395b515a,REVIEW_REQUIRED,ORIGINALITY_AND_LICENSE_REVIEW,pending-review
v26_b,pick_calibration_points.py,.py,14827,62d0eee3674e5c1ca31389dd4d262fc5d4ffbace05b8d00eecfe5490fdc609e7,REVIEW_REQUIRED,ORIGINALITY_AND_LICENSE_REVIEW,pending-review
v26_b,preview_gpu_shm.py,.py,22711,8e55a9010678efa379bc23e29dc0e238cf0f4b172ecefc879339bb33ccfeaf00,REVIEW_REQUIRED,ORIGINALITY_AND_LICENSE_REVIEW,pending-review
v26_b,preview_two_plane_homography.py,.py,4026,69bebe8572a94c05983e1985231851df6a08c76429084c00b21edf17733fabb1,REVIEW_REQUIRED,ORIGINALITY_AND_LICENSE_REVIEW,pending-review
v26_b,pyopengl_cuda_preview_renderer.py,.py,682058,e1022081ab401cc539e35af86ad09a8b7f2a807a75ccf3474cd428f29557f330,REVIEW_REQUIRED,ORIGINALITY_AND_LICENSE_REVIEW,pending-review
v26_b,remote_ops/build_native_brokers.sh,.sh,3034,d64c67d6fb334eaf002f6ae926b18e7464a0ebbd6d4812d551ae6f09f1a7c7b6,REVIEW_REQUIRED,ORIGINALITY_AND_LICENSE_REVIEW,pending-review
v26_b,remote_ops/check_fullsys_run.py,.py,130620,0abaf32e2840d668c3c15df8e45f6c323d3d3e374d8f2acab0f9d4c87ebe6bf5,REVIEW_REQUIRED,ORIGINALITY_AND_LICENSE_REVIEW,pending-review
v26_b,remote_ops/check_v25_dataset_manifest.py,.py,36071,178f485d64bd4f308b6e4077b62e73ab2f9bdb3b1328c16a1cf4425af533e2dd,REVIEW_REQUIRED,ORIGINALITY_AND_LICENSE_REVIEW,pending-review
v26_b,remote_ops/deploy_branch_snapshot.sh,.sh,969,5242f2dec0b5e547b9fe16eb5a6d7c80b74e1fa5f31327e0d274f7cb9c5cd890,REVIEW_REQUIRED,ORIGINALITY_AND_LICENSE_REVIEW,pending-review
v26_b,remote_ops/list_v25_datasets.py,.py,7718,64d6554078df15d37b03b8dd1a8c3c884e128c4c24a504d0acd1c25f73a6a5b6,REVIEW_REQUIRED,ORIGINALITY_AND_LICENSE_REVIEW,pending-review
v26_b,remote_ops/mvs_file_frame_broker.py,.py,22848,27ff087a3dc3d12fba52efbc3689ef5bb36efe49fe8a359cc68f02102066a69a,REVIEW_REQUIRED,ORIGINALITY_AND_LICENSE_REVIEW,pending-review
v26_b,remote_ops/open_startup_control_panel.sh,.sh,2252,6474e81ec0db2334846148e0dea247f31efb24753d4fd85da4c973b3c18eaae2,REVIEW_REQUIRED,ORIGINALITY_AND_LICENSE_REVIEW,pending-review
v26_b,remote_ops/preflight_clean_runtime.sh,.sh,7975,2bf4afc8770fc847b990e0cfe70a495c460a9af5e8810f9761ab3b4b5e89e824,REVIEW_REQUIRED,ORIGINALITY_AND_LICENSE_REVIEW,pending-review
v26_b,remote_ops/run_fullsys_test.sh,.sh,25767,35c24f20b253870923e549cd4374b2a317bcd3cc50a816fce9107fc6b301930a,REVIEW_REQUIRED,ORIGINALITY_AND_LICENSE_REVIEW,pending-review
v26_b,remote_ops/start_latest_system.sh,.sh,15080,56df79c1725e6ac13f79e0436baad3b3f98308a91fc691e46237735dfd4643cc,REVIEW_REQUIRED,ORIGINALITY_AND_LICENSE_REVIEW,pending-review
v26_b,remote_ops/start_system_from_panel.py,.py,8511,6ea2fff6a331ed37bba2b917f5c35ae6d735efd77eb97e8fced5e48867b607ba,REVIEW_REQUIRED,ORIGINALITY_AND_LICENSE_REVIEW,pending-review
v26_b,remote_ops/stop_fullsys_test.sh,.sh,2187,4f43705d4bb8e65d4aed58c850693ce6f616293470efea523cdd2677b79cbaec,REVIEW_REQUIRED,ORIGINALITY_AND_LICENSE_REVIEW,pending-review
v26_b,remote_ops/stop_latest_system.sh,.sh,3482,a60b2634a7f4fa6d5f6230626aa0d68b3d63e9dcf3f5a58bdbb8d4c6197fed96,REVIEW_REQUIRED,ORIGINALITY_AND_LICENSE_REVIEW,pending-review
v26_b,remote_ops/v25_replay_control_panel.py,.py,14289,979af2c3d341b4a85d313484ec60dea2389b1af38f994a1eca56ea8c1af65092,REVIEW_REQUIRED,ORIGINALITY_AND_LICENSE_REVIEW,pending-review
v26_b,remote_ops/validate_remote_env.sh,.sh,2496,8d1c21985293de9c7648d8b747662db91d1432079be260f3420761dde22a46a0,REVIEW_REQUIRED,ORIGINALITY_AND_LICENSE_REVIEW,pending-review
v26_b,remote_ops/wait_latest_system_ready.sh,.sh,4139,f2bf8bd54d4f945af2f188f238d593328eec9c11852193ab95e471e13271579e,REVIEW_REQUIRED,ORIGINALITY_AND_LICENSE_REVIEW,pending-review
v26_b,rentijiance/IMPLEMENTATION_NOTES_IMPACT_SYNC_HIT_JUDGE_20260531.md,.md,2671,2ad407cb414d3d7ea5f4bbf8e988e35fc918517c5a7dc2c53143ec2445ea607e,REVIEW_REQUIRED,ORIGINALITY_AND_LICENSE_REVIEW,pending-review
v26_b,rentijiance/fusion_renderer_gl.py,.py,110759,16d02d90e9df1ac7d259a6b44b8ffe022b8937bf2cd2fc66650fbf61de2a406e,REVIEW_REQUIRED,ORIGINALITY_AND_LICENSE_REVIEW,pending-review
v26_b,rentijiance/hik_rgb_yolo_seg_multicam_same_model_stableid_v5.json,.json,31926,a85f771e01c53a0c7a161de31f97e826b0abe4ed34195931538d6e5bace4ac98,REVIEW_REQUIRED,ORIGINALITY_AND_LICENSE_REVIEW,pending-review
v26_b,rentijiance/hik_rgb_yolo_seg_multicam_same_model_stableid_v5.py,.py,381036,7cbf8f0e3dc51ba72de5791c1bed1c51c23379e9c3aae8b648f8ab1ec9b09665,REVIEW_REQUIRED,ORIGINALITY_AND_LICENSE_REVIEW,pending-review
v26_b,rentijiance/hit_judge_server.py,.py,165914,1d7277cab4be4ac4fd8e745df880abec8153ae33ef01e43686b7a431882fcb91,REVIEW_REQUIRED,ORIGINALITY_AND_LICENSE_REVIEW,pending-review
v26_b,rentijiance/run_all_fusion_system.sh,.sh,0,e3b0c44298fc1c149afbf4c8996fb92427ae41e4649b934ca495991b7852b855,REVIEW_REQUIRED,ORIGINALITY_AND_LICENSE_REVIEW,pending-review
v26_b,rentijiance/run_hit_judge_server.sh,.sh,0,e3b0c44298fc1c149afbf4c8996fb92427ae41e4649b934ca495991b7852b855,REVIEW_REQUIRED,ORIGINALITY_AND_LICENSE_REVIEW,pending-review
v26_b,rentijiance/run_opengl_fusion_preview.sh,.sh,178,4f56c86632a813a4954c87d93188af5362ef940271867b6fda88ce3ef93cea6f,REVIEW_REQUIRED,ORIGINALITY_AND_LICENSE_REVIEW,pending-review
v26_b,rentijiance/tools/analyze_frame_bundle_audit.py,.py,16757,43080a4503fe01cd167c2e976581cbdd374102003ecedea5eaa8607a190fec94,REVIEW_REQUIRED,ORIGINALITY_AND_LICENSE_REVIEW,pending-review
v26_b,run_D_hit_test_and_pack.sh,.sh,4987,b98d16939629cf4b001105e5484bf37d2205c212184534e4ca009a065d95f8fe,REVIEW_REQUIRED,ORIGINALITY_AND_LICENSE_REVIEW,pending-review
v26_b,run_all_fusion_system.sh,.sh,1684,597a3b7d992ae9c626f6f57f8fddd41aa53d7c2d20b4897987490fb663529395,REVIEW_REQUIRED,ORIGINALITY_AND_LICENSE_REVIEW,pending-review
v26_b,run_hit_judge_server.sh,.sh,201,56b421c67cfa1fa063b41a4d5be7fc8c27d0f0210ef293d86f90b5a78dbf8dfa,REVIEW_REQUIRED,ORIGINALITY_AND_LICENSE_REVIEW,pending-review
v26_b,run_opengl_fusion_preview.sh,.sh,296,fe0434aaf2b021be0258b27db1a60e97dda3caa51f5065a264a08d3b2bf4d670,REVIEW_REQUIRED,ORIGINALITY_AND_LICENSE_REVIEW,pending-review
v26_b,run_pinned_test.sh,.sh,2266,7dfbfda3179f67533e76396d175487febfb83fc4d9924159e3b04d6b718b1c0c,REVIEW_REQUIRED,ORIGINALITY_AND_LICENSE_REVIEW,pending-review
v26_b,run_pinned_test_v2.sh,.sh,3560,2ff72bf79045adc335f3cf04194ea0107f6b96da3bcd9d43f05172ccfa56ea41,REVIEW_REQUIRED,ORIGINALITY_AND_LICENSE_REVIEW,pending-review
v26_b,send_event_fov_box_to_ue5.py,.py,8220,203e04d7c803d74be90d4a088bead5fa8ca906b9f7b48da117bd3c62984afdb0,REVIEW_REQUIRED,ORIGINALITY_AND_LICENSE_REVIEW,pending-review
v26_b,setup_usbmon_permissions.sh,.sh,3130,16a31ea3b0073917896581390c01343fd532880da8ac5a453bb76530a14d5eff,REVIEW_REQUIRED,ORIGINALITY_AND_LICENSE_REVIEW,pending-review
v26_b,start_event_and_rentijiance_test523.py,.py,19437,aad6dcae9fcab76fce225d8796d4e16824283269750f948fae3065af3e9949a0,REVIEW_REQUIRED,ORIGINALITY_AND_LICENSE_REVIEW,pending-review
v26_b,startup_diagnostics_window.py,.py,4444,3ee65e40ccd67bbd8ca884d3690c041788b54c771fd32245e97a2a556cb7ca53,REVIEW_REQUIRED,ORIGINALITY_AND_LICENSE_REVIEW,pending-review
v26_b,tests/test_v25_8_r3_helpers.py,.py,1599,464539b93a9e9cf8d7d9510ef88c880c07bacf2912b4a66e602051880088ec90,REVIEW_REQUIRED,ORIGINALITY_AND_LICENSE_REVIEW,pending-review
v26_b,tests/test_v26_b_event_track_polygon_gate.py,.py,5561,3d56dd9c8c1802fe2e6f44bb4fe45e4310cda2ba37b3d506be1f16dae109d766,REVIEW_REQUIRED,ORIGINALITY_AND_LICENSE_REVIEW,pending-review
v26_b,tools/analyze_bev_event_sync_truth.py,.py,7245,7ce18bdc44326219fc85ea9aa1319afbe088861345a696dbfa7f96d11c500bae,REVIEW_REQUIRED,ORIGINALITY_AND_LICENSE_REVIEW,pending-review
v26_b,tools/analyze_frame_bundle_audit.py,.py,19180,9a1a4ed290871adcd38b261986f37942e6705d81e1febd72f6c7d7ca0fe688ab,REVIEW_REQUIRED,ORIGINALITY_AND_LICENSE_REVIEW,pending-review
v26_b,tools/analyze_hit_pipeline.py,.py,28381,42b78b1726e8329245a08cb40eb7d89868fd3665bb485b9c56eb4a592010cfa1,REVIEW_REQUIRED,ORIGINALITY_AND_LICENSE_REVIEW,pending-review
v26_b,tools/analyze_human_mask_latency.py,.py,28317,5b073e5761cf2b8c0b6218b7d6d462e1eff2f53b9465e71a48da382168b29466,REVIEW_REQUIRED,ORIGINALITY_AND_LICENSE_REVIEW,pending-review
v26_b,tools/analyze_v26_b_shadow.py,.py,5659,c94ff06bbf5dd4004920ceb7b5f31c54ca47773e1cf14dbbb0494c541e5a0a6e,REVIEW_REQUIRED,ORIGINALITY_AND_LICENSE_REVIEW,pending-review
v26_b,tools/check_event_raw_ext_trigger.py,.py,11541,c6182078b808588fb861c6c5edcd46bb4bd7dbfb8be16286e151fb51c557348f,REVIEW_REQUIRED,ORIGINALITY_AND_LICENSE_REVIEW,pending-review
v26_b,tools/check_one_key_record_outputs.py,.py,2274,e3719f1e954619af87480ec67a592714ead80ee6803b5484b476a580fc374634,REVIEW_REQUIRED,ORIGINALITY_AND_LICENSE_REVIEW,pending-review
v26_b,tools/check_repo_hygiene.py,.py,11183,5fc7fa217d427b5852d43967b0a1901c030cff355c9d4cdc5c07bd0c7bd55e7a,REVIEW_REQUIRED,ORIGINALITY_AND_LICENSE_REVIEW,pending-review
v26_b,tools/check_sync_ipc_test523.py,.py,2646,03213e36918785e4b15e2b2d8a07967539c40d72cdb059ef9635a75bf6dff07a,REVIEW_REQUIRED,ORIGINALITY_AND_LICENSE_REVIEW,pending-review
v26_b,tools/compare_global_person_id_filters.py,.py,32616,6dee278bce9f7495bb45a690c8a91949c84a23c24419ddb93686912ec8354b78,REVIEW_REQUIRED,ORIGINALITY_AND_LICENSE_REVIEW,pending-review
v26_b,tools/compare_hit_judge_experiments.py,.py,20781,053e60cb196aaa13888a00e0d04d1ce958c95d28d091132f00c59eac377898e3,REVIEW_REQUIRED,ORIGINALITY_AND_LICENSE_REVIEW,pending-review
v26_b,tools/dev_check.ps1,.ps1,5925,e2d289709067429c1460512c9851311aac0ee043c49239077553315a08387aae,REVIEW_REQUIRED,ORIGINALITY_AND_LICENSE_REVIEW,pending-review
v26_b,tools/evaluate_fullsys_node.py,.py,41980,10e13b785e9e30010bbefa38e1395bc6b22ebbfe7cead60870d97bb4e038d7a6,REVIEW_REQUIRED,ORIGINALITY_AND_LICENSE_REVIEW,pending-review
v26_b,tools/evaluate_mask_buffer_run.py,.py,11996,62b06457cc8c4d6334be78a1095dfa69831cd46498fe730b684fc8bc433968ee,REVIEW_REQUIRED,ORIGINALITY_AND_LICENSE_REVIEW,pending-review
v26_b,tools/export_yolo_engine_from_ids8_config.py,.py,12167,c0ceffc2fc03f018184c1630c28adaa6326ebd20d38362f4d8971e05c60b3ce1,REVIEW_REQUIRED,ORIGINALITY_AND_LICENSE_REVIEW,pending-review
v26_b,tools/export_yolo_tensorrt_engine.py,.py,10486,553332769ff37cd172b162516cf1e2578c1b077d5c4c668b1309201f0a0a58c5,REVIEW_REQUIRED,ORIGINALITY_AND_LICENSE_REVIEW,pending-review
v26_b,tools/install_desktop_shortcuts.ps1,.ps1,5014,6b1231e0b4f2089f5821822cda2015010848ef9358de6136023e028887177296,REVIEW_REQUIRED,ORIGINALITY_AND_LICENSE_REVIEW,pending-review
v26_b,tools/one_click_start_latest.ps1,.ps1,938,33ddca01c185c5cbebbb9ae720c9cf4757b4c90b3a37afac3d3846b1edd85521,REVIEW_REQUIRED,ORIGINALITY_AND_LICENSE_REVIEW,pending-review
v26_b,tools/one_click_stop_latest.ps1,.ps1,553,60f302e5aef9afb4a17e1f5c7be2ec232513f74158bb12618b483b81053a8dc9,REVIEW_REQUIRED,ORIGINALITY_AND_LICENSE_REVIEW,pending-review
v26_b,tools/patch_hit_protocol_event_point.py,.py,5686,3110ca9dad9a9a12f54deac073b79725d65f90980c322eebbfe1590e9b578db5,REVIEW_REQUIRED,ORIGINALITY_AND_LICENSE_REVIEW,pending-review
v26_b,tools/patch_record_paths.py,.py,4607,ab9d4d3a7b1e5cff720cd3c7a306ee4bd1846436ebc60a4df3a7218d47218e39,REVIEW_REQUIRED,ORIGINALITY_AND_LICENSE_REVIEW,pending-review
v26_b,tools/preflight_event_mask_buffer_run.py,.py,15947,566b3a17419455e80672bebc46e1d438600ab490260a1deda0c50c328a07bf33,REVIEW_REQUIRED,ORIGINALITY_AND_LICENSE_REVIEW,pending-review
v26_b,tools/remote_test.ps1,.ps1,42959,8b6521c6c6e202a3c45bdf4d8d810e68a553a74980771c231edb3f3f2cb1fd29,REVIEW_REQUIRED,ORIGINALITY_AND_LICENSE_REVIEW,pending-review
v26_b,tools/reset_event_usb_by_serial.py,.py,8898,24efb4a1477fe80125dddc692acaf9706e2cc13c30a68db374c7382c56b6e0f9,REVIEW_REQUIRED,ORIGINALITY_AND_LICENSE_REVIEW,pending-review
v26_b,tools/run_event_mask_buffer_round.sh,.sh,5066,68f75ed5c31da09b5e14b62eeebe502439d180f68bb19262f332bb92ec5935f5,REVIEW_REQUIRED,ORIGINALITY_AND_LICENSE_REVIEW,pending-review
v26_b,tools/run_global_bullet_reprocess_idle_test.py,.py,5865,04e1ce929aee1ba572400fca456c8a4d29e70adec18a46f3990c85edddec813a,REVIEW_REQUIRED,ORIGINALITY_AND_LICENSE_REVIEW,pending-review
v26_b,tools/run_global_yolo_sweep.py,.py,17395,4cfb112d9ade4e86fa77982a8385bb0954f6d188e9194fc4ae9f4120bed2ee67,REVIEW_REQUIRED,ORIGINALITY_AND_LICENSE_REVIEW,pending-review
v26_b,tools/send_A_event_fov_homography_box.py,.py,1596,4b91f796e5c837785d783d2a7176cb2ce87967212ef9cc108d63dd65656f8d7e,REVIEW_REQUIRED,ORIGINALITY_AND_LICENSE_REVIEW,pending-review
v26_b,tools/send_A_event_fov_homography_box_loop.py,.py,2002,a2102cfba66522645662b0ab76a0bc94f5837550db93d52405591f64318e0ef1,REVIEW_REQUIRED,ORIGINALITY_AND_LICENSE_REVIEW,pending-review
v26_b,tools/send_ue5_fullframe_box.py,.py,1646,cda2b579eca78bad4ec2cb7d378e8a8888f74cf136672733d1f81aec478504f8,REVIEW_REQUIRED,ORIGINALITY_AND_LICENSE_REVIEW,pending-review
v26_b,tools/send_ue5_inset_box_loop.py,.py,2109,f9f3aeec5e46d1b54634e18f1aa067159af50962172a10091339818be7d22e81,REVIEW_REQUIRED,ORIGINALITY_AND_LICENSE_REVIEW,pending-review
v26_b,tools/set_event_mask_buffer_round.py,.py,6509,4cb2ba7276b22d7d9a9330a36c572961c67cc0829b07b7b307c003393151e7d4,REVIEW_REQUIRED,ORIGINALITY_AND_LICENSE_REVIEW,pending-review
v26_b,tools/test_cuda_bayer_preprocess_env.py,.py,1136,d80e65e9c5efbe2597d02a07eaffec63f96706003a9167c71f15eb3781d2f4f2,REVIEW_REQUIRED,ORIGINALITY_AND_LICENSE_REVIEW,pending-review
v26_b,tools/usb_recover_v2.py,.py,11690,7a0680680ffe4c6ec081b0af719ecd2e95ad485aa0c00e1d63b6cea0a9eb8dd2,REVIEW_REQUIRED,ORIGINALITY_AND_LICENSE_REVIEW,pending-review
v26_b,tools/validate_test523_sync_quality.py,.py,35122,1be10408fb9c5355e2d62d62af96032c2a6bdbc04794eb3ca6cf74e3af9ac698,REVIEW_REQUIRED,ORIGINALITY_AND_LICENSE_REVIEW,pending-review
v26_b,tools/verify_display_sync_live.py,.py,11013,9853b92eb6c85ea2528748aad17322b27b955e4673d6b989186161137f136274,REVIEW_REQUIRED,ORIGINALITY_AND_LICENSE_REVIEW,pending-review
v26_b,ue5_human_stream_bridge.py,.py,39746,38ca44bc0d0625c35cd7d533a89ea8b9ed287068d2a193f7d36b1763e88641ba,REVIEW_REQUIRED,ORIGINALITY_AND_LICENSE_REVIEW,pending-review
v26_b,websocket_bullet.py,.py,2647,25c3d7c6aa642ad2f4779c82a84615c55a1039d8b455548961e819260a88b247,REVIEW_REQUIRED,ORIGINALITY_AND_LICENSE_REVIEW,pending-review
v26_b,websocket_bullet_debug.py,.py,3257,a9f5e9814009bc0abd1d8146166ca1b0f90287707281e10ffe2b9a97f90d899a,REVIEW_REQUIRED,ORIGINALITY_AND_LICENSE_REVIEW,pending-review
v26_b,ysxq_verify_hit_sync.py,.py,30066,71d6cd58e38eeeda9353f5d292e7297d190aa374bb12461fda4d36bfb20fa80c,REVIEW_REQUIRED,ORIGINALITY_AND_LICENSE_REVIEW,pending-review
v27_clean_runtime_reference,.pytest_cache/README.md,.md,302,73fd6fccdd802c419a6b2d983d6c3173b7da97558ac4b589edec2dfe443db9ad,REFERENCE_ONLY,V27_REFERENCE_UNLESS_ORIGINALITY_APPROVED,pending-review
v27_clean_runtime_reference,.ua/.trash-1785054252/assemble-review.json,.json,840,a698ff564dd409325f40899d78b35412c5877dafc47814dd80b2c9eb7f3f8ca0,REFERENCE_ONLY,V27_REFERENCE_UNLESS_ORIGINALITY_APPROVED,pending-review
v27_clean_runtime_reference,.ua/.trash-1785054252/assembled-final.json,.json,328029,46f9f0e61cdeded17772f797db9b17a98670598576cf5bd9e0ebdbc6139b2532,REFERENCE_ONLY,V27_REFERENCE_UNLESS_ORIGINALITY_APPROVED,pending-review
v27_clean_runtime_reference,.ua/.trash-1785054252/assembled-graph.json,.json,328029,46f9f0e61cdeded17772f797db9b17a98670598576cf5bd9e0ebdbc6139b2532,REFERENCE_ONLY,V27_REFERENCE_UNLESS_ORIGINALITY_APPROVED,pending-review
v27_clean_runtime_reference,.ua/.trash-1785054252/batch-1-part-1.json,.json,24195,75f3f7e67aa1ee39f7ad025b84c85dc0dd1b07df0c6164f91f90e40b06da26a8,REFERENCE_ONLY,V27_REFERENCE_UNLESS_ORIGINALITY_APPROVED,pending-review
v27_clean_runtime_reference,.ua/.trash-1785054252/batch-1-part-2.json,.json,34460,4274636359c9654ac7e36a4a755736f4140b0a0fd3892dfc03e43f92e3ccef81,REFERENCE_ONLY,V27_REFERENCE_UNLESS_ORIGINALITY_APPROVED,pending-review
v27_clean_runtime_reference,.ua/.trash-1785054252/batch-2.json,.json,51155,d365377ee49a8fda9881a6f1da65b9fcf177314ea139593a779cdc1caef5e8a6,REFERENCE_ONLY,V27_REFERENCE_UNLESS_ORIGINALITY_APPROVED,pending-review
v27_clean_runtime_reference,.ua/.trash-1785054252/batch-3.json,.json,50385,22e8e18826dd385e5deebd91838c0e41a03daf531041c9aa9bd6d687028ed5fe,REFERENCE_ONLY,V27_REFERENCE_UNLESS_ORIGINALITY_APPROVED,pending-review
v27_clean_runtime_reference,.ua/.trash-1785054252/batch-4.json,.json,39889,ce86fc92f3e02399d195809ffd64b7cb2c52d87fb6a812b869075b3a04b67e62,REFERENCE_ONLY,V27_REFERENCE_UNLESS_ORIGINALITY_APPROVED,pending-review
v27_clean_runtime_reference,.ua/.trash-1785054252/batch-5.json,.json,26820,c8c911512253db5343274424c96b0970d730331f75d2aa0750198aeb2ab5e81f,REFERENCE_ONLY,V27_REFERENCE_UNLESS_ORIGINALITY_APPROVED,pending-review
v27_clean_runtime_reference,.ua/.trash-1785054252/batch-6.json,.json,25976,ecea602d84dfa2ba9f405be72ad6092d284e7c764e60212662ba0936223782b0,REFERENCE_ONLY,V27_REFERENCE_UNLESS_ORIGINALITY_APPROVED,pending-review
v27_clean_runtime_reference,.ua/.trash-1785054252/batch-7.json,.json,19115,9dddbff8f742bb55b8532fdb17dbec7186714ca02da651c27ff0d0ea4dcd26f5,REFERENCE_ONLY,V27_REFERENCE_UNLESS_ORIGINALITY_APPROVED,pending-review
v27_clean_runtime_reference,.ua/.trash-1785054252/batch-8.json,.json,8485,3c7cfbeaea45b0687002c90590c653f6a42a1b9d00e7658e698b18a430c581fa,REFERENCE_ONLY,V27_REFERENCE_UNLESS_ORIGINALITY_APPROVED,pending-review
v27_clean_runtime_reference,.ua/.trash-1785054252/batch-9.json,.json,32598,a8317e6ba776b3a97e09399ac317e7cdb514bddbbd376a574c9df8040cf4fff1,REFERENCE_ONLY,V27_REFERENCE_UNLESS_ORIGINALITY_APPROVED,pending-review
v27_clean_runtime_reference,.ua/.trash-1785054252/batches.json,.json,66908,9177267297d281419d88dca1309994fe580934e627675032e4963be8eb1773ba,REFERENCE_ONLY,V27_REFERENCE_UNLESS_ORIGINALITY_APPROVED,pending-review
v27_clean_runtime_reference,.ua/.trash-1785054252/final-review.json,.json,705,a27065a5c2b1b2f0befe193feb479738e068e9a018ad7def30f3a430a7393413,REFERENCE_ONLY,V27_REFERENCE_UNLESS_ORIGINALITY_APPROVED,pending-review
v27_clean_runtime_reference,.ua/.trash-1785054252/fingerprint-input.json,.json,3886,1514c22d2eb2388539d7e9c40ca7aeb21a7485595d4c6ddf06e1da2b9b23ec2c,REFERENCE_ONLY,V27_REFERENCE_UNLESS_ORIGINALITY_APPROVED,pending-review
v27_clean_runtime_reference,.ua/.trash-1785054252/layers.json,.json,6770,9fd8ad879b1024958391ce2c22f25d1c82ffa811af11516e06c998da0b836626,REFERENCE_ONLY,V27_REFERENCE_UNLESS_ORIGINALITY_APPROVED,pending-review
v27_clean_runtime_reference,.ua/.trash-1785054252/review.json,.json,705,a27065a5c2b1b2f0befe193feb479738e068e9a018ad7def30f3a430a7393413,REFERENCE_ONLY,V27_REFERENCE_UNLESS_ORIGINALITY_APPROVED,pending-review
v27_clean_runtime_reference,.ua/.trash-1785054252/tmp/ua-arch-input.json,.json,123001,25419b632ce577091152d983def46e497ffdbe62abd13a0d7b3d63c750ca44f1,REFERENCE_ONLY,V27_REFERENCE_UNLESS_ORIGINALITY_APPROVED,pending-review
v27_clean_runtime_reference,.ua/.trash-1785054252/tmp/ua-arch-results.json,.json,33797,a14e6dc75cd5171d2891b8f1e54248a7245821e637ef3a30f60778667462a374,REFERENCE_ONLY,V27_REFERENCE_UNLESS_ORIGINALITY_APPROVED,pending-review
v27_clean_runtime_reference,.ua/.trash-1785054252/tmp/ua-file-analyzer-input-1.json,.json,4674,cceae5481a1b6edee8ae03ba69215fb4d6c2b450c64328d19437587434caa3b6,REFERENCE_ONLY,V27_REFERENCE_UNLESS_ORIGINALITY_APPROVED,pending-review
v27_clean_runtime_reference,.ua/.trash-1785054252/tmp/ua-file-analyzer-input-2.json,.json,3549,e50327995912589801818b990e8cbb628595822b42cdba4e75f1a08a2f97d485,REFERENCE_ONLY,V27_REFERENCE_UNLESS_ORIGINALITY_APPROVED,pending-review
v27_clean_runtime_reference,.ua/.trash-1785054252/tmp/ua-file-analyzer-input-3.json,.json,3194,0a15da98a92c389fd71dbd8c223e66204230d51713b1adaa4c2cdb910daab84f,REFERENCE_ONLY,V27_REFERENCE_UNLESS_ORIGINALITY_APPROVED,pending-review
v27_clean_runtime_reference,.ua/.trash-1785054252/tmp/ua-file-analyzer-input-4.json,.json,2967,cb51794830afbc81e98ce351cd8cf8201cd4836076e440f81d9e4107c0223908,REFERENCE_ONLY,V27_REFERENCE_UNLESS_ORIGINALITY_APPROVED,pending-review
v27_clean_runtime_reference,.ua/.trash-1785054252/tmp/ua-file-analyzer-input-5.json,.json,1559,5d3e01af4d4e5fa4b6af7ec67425a85b2a57c5fa7c250fc7388682bebc344ca8,REFERENCE_ONLY,V27_REFERENCE_UNLESS_ORIGINALITY_APPROVED,pending-review
v27_clean_runtime_reference,.ua/.trash-1785054252/tmp/ua-file-analyzer-input-6.json,.json,1256,d5314e8169893aa69e0fa2a97fe49641a9e14cd3cf3b9495234a5c4c96dc5b63,REFERENCE_ONLY,V27_REFERENCE_UNLESS_ORIGINALITY_APPROVED,pending-review
v27_clean_runtime_reference,.ua/.trash-1785054252/tmp/ua-file-analyzer-input-7.json,.json,3611,0c889abc2fd245bfe3bb4e1fe9b945817f38d7fbab783b37fd4e92a8a9cf45d6,REFERENCE_ONLY,V27_REFERENCE_UNLESS_ORIGINALITY_APPROVED,pending-review
v27_clean_runtime_reference,.ua/.trash-1785054252/tmp/ua-file-analyzer-input-8.json,.json,1383,086fb66299f03b90a1b21dd2cca9140164abd293e9c338e777532bbf495aed49,REFERENCE_ONLY,V27_REFERENCE_UNLESS_ORIGINALITY_APPROVED,pending-review
v27_clean_runtime_reference,.ua/.trash-1785054252/tmp/ua-file-analyzer-input-9.json,.json,2311,72ecbefa4bbc8947fee328c3a196fa602f6bd219988d4959aa96905740a01dcf,REFERENCE_ONLY,V27_REFERENCE_UNLESS_ORIGINALITY_APPROVED,pending-review
v27_clean_runtime_reference,.ua/.trash-1785054252/tmp/ua-file-extract-results-1.json,.json,116027,4f8f4eedf148d43c09442fcd225efe7318e73e6fb38b8baa20352110b25a3121,REFERENCE_ONLY,V27_REFERENCE_UNLESS_ORIGINALITY_APPROVED,pending-review
v27_clean_runtime_reference,.ua/.trash-1785054252/tmp/ua-file-extract-results-2.json,.json,53877,936701ce7e1762af08f82c6d695b5cfc6de87a967cccdc36a2966b5247c1a02c,REFERENCE_ONLY,V27_REFERENCE_UNLESS_ORIGINALITY_APPROVED,pending-review
v27_clean_runtime_reference,.ua/.trash-1785054252/tmp/ua-file-extract-results-3.json,.json,99838,58e0329b08db1961a26a8ad315a21f443c91eeefdbe6ddc1dc4ea5d8941d8768,REFERENCE_ONLY,V27_REFERENCE_UNLESS_ORIGINALITY_APPROVED,pending-review
v27_clean_runtime_reference,.ua/.trash-1785054252/tmp/ua-file-extract-results-4.json,.json,111025,e6b4038ba98320a14d25631f6fff527444fc1e1e3541966a7f81542423279be4,REFERENCE_ONLY,V27_REFERENCE_UNLESS_ORIGINALITY_APPROVED,pending-review
v27_clean_runtime_reference,.ua/.trash-1785054252/tmp/ua-file-extract-results-5.json,.json,48499,365829351108236d2c63bf3a3563764a992ba837f7d281e3cc13300b1712e6b8,REFERENCE_ONLY,V27_REFERENCE_UNLESS_ORIGINALITY_APPROVED,pending-review
v27_clean_runtime_reference,.ua/.trash-1785054252/tmp/ua-file-extract-results-6.json,.json,36100,1f5857d3876a28360dc994af58610eb1a1d10eeb08dc0b8b12e8cc75ea203398,REFERENCE_ONLY,V27_REFERENCE_UNLESS_ORIGINALITY_APPROVED,pending-review
v27_clean_runtime_reference,.ua/.trash-1785054252/tmp/ua-file-extract-results-7.json,.json,20655,2d0ea299ad3e7e247fb3e68a849da38e93a5ebe150077eee08724512e25e97e6,REFERENCE_ONLY,V27_REFERENCE_UNLESS_ORIGINALITY_APPROVED,pending-review
v27_clean_runtime_reference,.ua/.trash-1785054252/tmp/ua-file-extract-results-8.json,.json,2210,ada1d169085cad0e6e7bfdf70ba471cf869b713e7f3718b3622627fe2b322567,REFERENCE_ONLY,V27_REFERENCE_UNLESS_ORIGINALITY_APPROVED,pending-review
v27_clean_runtime_reference,.ua/.trash-1785054252/tmp/ua-file-extract-results-9.json,.json,35658,f8ed120498745a6bae6dc3c6c2a809826c2ca71d6764000e17d699be47c93baa,REFERENCE_ONLY,V27_REFERENCE_UNLESS_ORIGINALITY_APPROVED,pending-review
v27_clean_runtime_reference,.ua/.trash-1785054252/tmp/ua-import-map-input.json,.json,14161,6e1fd59c9b8036ea0e7b64695af2aabdd3e2404c524c87e67bde9849ccc44307,REFERENCE_ONLY,V27_REFERENCE_UNLESS_ORIGINALITY_APPROVED,pending-review
v27_clean_runtime_reference,.ua/.trash-1785054252/tmp/ua-import-map-output.json,.json,9661,fb616a1c0399758b3ced6292f21e1fe3f453e7c9695e00d711a497dff4124f99,REFERENCE_ONLY,V27_REFERENCE_UNLESS_ORIGINALITY_APPROVED,pending-review
v27_clean_runtime_reference,.ua/.trash-1785054252/tmp/ua-scan-files.json,.json,14548,7ad4efeb96507c58402152da39a456406db94c097c442eda35e5dc65a4e7dba5,REFERENCE_ONLY,V27_REFERENCE_UNLESS_ORIGINALITY_APPROVED,pending-review
v27_clean_runtime_reference,.ua/.trash-1785054252/tmp/ua-tour-input.json,.json,320652,7364ba184e62f7bc6db65e87b4796f7455787797e5586c6604a325177d0a7a1c,REFERENCE_ONLY,V27_REFERENCE_UNLESS_ORIGINALITY_APPROVED,pending-review
v27_clean_runtime_reference,.ua/.trash-1785054252/tmp/ua-tour-results.json,.json,93687,e02f26c28ada565c0801e75a0e6bb4ea72f66664160f33324fb1d608e14f6a4d,REFERENCE_ONLY,V27_REFERENCE_UNLESS_ORIGINALITY_APPROVED,pending-review
v27_clean_runtime_reference,.ua/.trash-1785054252/tour.json,.json,6655,d9c9f4b20c44f5ea318872f842e950df056dac3104458cf568388385b50c906c,REFERENCE_ONLY,V27_REFERENCE_UNLESS_ORIGINALITY_APPROVED,pending-review
v27_clean_runtime_reference,.ua/.trash-cleanup-20260727T175031-21631d89967c43b8883247da94e54557/assembled-graph.json,.json,666459,2db726fda484d8a64b911bb34b8474ef33b87e0eb383d1c128de9118aa59760c,REFERENCE_ONLY,V27_REFERENCE_UNLESS_ORIGINALITY_APPROVED,pending-review
v27_clean_runtime_reference,.ua/.trash-cleanup-20260727T175031-21631d89967c43b8883247da94e54557/batch-1-part-1.json,.json,35431,9e7991f59651e2b32b34ce131f0a92c70a810ae3933bb20be97b1dfcd4504271,REFERENCE_ONLY,V27_REFERENCE_UNLESS_ORIGINALITY_APPROVED,pending-review
v27_clean_runtime_reference,.ua/.trash-cleanup-20260727T175031-21631d89967c43b8883247da94e54557/batch-1-part-2.json,.json,55026,2da7bfb251923c47804995d1665d077d2953782625b03a41384090d0f628a48c,REFERENCE_ONLY,V27_REFERENCE_UNLESS_ORIGINALITY_APPROVED,pending-review
v27_clean_runtime_reference,.ua/.trash-cleanup-20260727T175031-21631d89967c43b8883247da94e54557/batch-10.json,.json,6478,60d91530c2fc44a7cf8c9b4c28fdc980d546693ed0377eecbf4ba8cf2a978c28,REFERENCE_ONLY,V27_REFERENCE_UNLESS_ORIGINALITY_APPROVED,pending-review
v27_clean_runtime_reference,.ua/.trash-cleanup-20260727T175031-21631d89967c43b8883247da94e54557/batch-11.json,.json,6364,10c8d34d1229de3294f9ac566c6224f9d928901dfdcea84d63401047ea61e20c,REFERENCE_ONLY,V27_REFERENCE_UNLESS_ORIGINALITY_APPROVED,pending-review
v27_clean_runtime_reference,.ua/.trash-cleanup-20260727T175031-21631d89967c43b8883247da94e54557/batch-12-part-1.json,.json,8335,3c1d993725f7d442e0d2303493622db0a5c2ad3027f15f32784b46da40b11f7d,REFERENCE_ONLY,V27_REFERENCE_UNLESS_ORIGINALITY_APPROVED,pending-review
v27_clean_runtime_reference,.ua/.trash-cleanup-20260727T175031-21631d89967c43b8883247da94e54557/batch-12-part-2.json,.json,51898,efcd59c7ff7d76dae966fa06f61e09345fede385053e26396a1030f720f3ba54,REFERENCE_ONLY,V27_REFERENCE_UNLESS_ORIGINALITY_APPROVED,pending-review
v27_clean_runtime_reference,.ua/.trash-cleanup-20260727T175031-21631d89967c43b8883247da94e54557/batch-2-part-1.json,.json,54591,a02526522188c2740a37ee9c9efff7fc2817b38016d11c1c6fc2371bce45a7b9,REFERENCE_ONLY,V27_REFERENCE_UNLESS_ORIGINALITY_APPROVED,pending-review
v27_clean_runtime_reference,.ua/.trash-cleanup-20260727T175031-21631d89967c43b8883247da94e54557/batch-2-part-2.json,.json,58254,76bc577d7ab5df2929497b2dc9a32fd93206ef57ffee706f46778ed8548c62a0,REFERENCE_ONLY,V27_REFERENCE_UNLESS_ORIGINALITY_APPROVED,pending-review
v27_clean_runtime_reference,.ua/.trash-cleanup-20260727T175031-21631d89967c43b8883247da94e54557/batch-3-part-1.json,.json,21277,3e4234bbec0a4862107573dcdb6a8e4df249087120b4679cc2222d8bd8ead1f0,REFERENCE_ONLY,V27_REFERENCE_UNLESS_ORIGINALITY_APPROVED,pending-review
v27_clean_runtime_reference,.ua/.trash-cleanup-20260727T175031-21631d89967c43b8883247da94e54557/batch-3-part-2.json,.json,48439,deaf54022da4bcb99e37b93bf11edb77ffa9eff086fa385b4fcc932471f39d3b,REFERENCE_ONLY,V27_REFERENCE_UNLESS_ORIGINALITY_APPROVED,pending-review
v27_clean_runtime_reference,.ua/.trash-cleanup-20260727T175031-21631d89967c43b8883247da94e54557/batch-3-part-3.json,.json,54573,c5abad821fad2b641ac121937c9283261c36b5ce1e09fa6189ba3c5d48d8ecb2,REFERENCE_ONLY,V27_REFERENCE_UNLESS_ORIGINALITY_APPROVED,pending-review
v27_clean_runtime_reference,.ua/.trash-cleanup-20260727T175031-21631d89967c43b8883247da94e54557/batch-4-part-1.json,.json,15094,2c11dffc59bb5be7fbc4e6928964881fd25b7931757f06abc1f2ae5ef0c30567,REFERENCE_ONLY,V27_REFERENCE_UNLESS_ORIGINALITY_APPROVED,pending-review
v27_clean_runtime_reference,.ua/.trash-cleanup-20260727T175031-21631d89967c43b8883247da94e54557/batch-4-part-2.json,.json,54391,2aabeb5c3014fc38c3583cab2fc622259585b0bbb936bccc4c03bfbf33ce744f,REFERENCE_ONLY,V27_REFERENCE_UNLESS_ORIGINALITY_APPROVED,pending-review
v27_clean_runtime_reference,.ua/.trash-cleanup-20260727T175031-21631d89967c43b8883247da94e54557/batch-5-part-1.json,.json,18438,d3262f07346579d328f59ae853dadb230abab58952afff08641f93bbf5f58380,REFERENCE_ONLY,V27_REFERENCE_UNLESS_ORIGINALITY_APPROVED,pending-review
v27_clean_runtime_reference,.ua/.trash-cleanup-20260727T175031-21631d89967c43b8883247da94e54557/batch-5-part-2.json,.json,22063,984581623e1d477afb9bc0eba10fbc4862259d752c87271cb56bc0b5bbd6bef5,REFERENCE_ONLY,V27_REFERENCE_UNLESS_ORIGINALITY_APPROVED,pending-review
v27_clean_runtime_reference,.ua/.trash-cleanup-20260727T175031-21631d89967c43b8883247da94e54557/batch-5-part-3.json,.json,45820,1443a8f421c03788273169f43f324d88261d0ba12f9df39a292da17ab9181fc6,REFERENCE_ONLY,V27_REFERENCE_UNLESS_ORIGINALITY_APPROVED,pending-review
v27_clean_runtime_reference,.ua/.trash-cleanup-20260727T175031-21631d89967c43b8883247da94e54557/batch-6.json,.json,51306,2ed007446759612471c406bdc9312ae4f9ecc909b87eb46b33b4daa3f8c4269f,REFERENCE_ONLY,V27_REFERENCE_UNLESS_ORIGINALITY_APPROVED,pending-review
v27_clean_runtime_reference,.ua/.trash-cleanup-20260727T175031-21631d89967c43b8883247da94e54557/batch-7.json,.json,13920,c636e1854e9564739a4d013dd973b71ffc2e8688b22920b87cd16c59381d8dee,REFERENCE_ONLY,V27_REFERENCE_UNLESS_ORIGINALITY_APPROVED,pending-review
v27_clean_runtime_reference,.ua/.trash-cleanup-20260727T175031-21631d89967c43b8883247da94e54557/batch-8.json,.json,16327,fec6ae6a485f9c5ce71c8545ea2b8b766c8068bb08dff74b4ba4fba9358b4199,REFERENCE_ONLY,V27_REFERENCE_UNLESS_ORIGINALITY_APPROVED,pending-review
v27_clean_runtime_reference,.ua/.trash-cleanup-20260727T175031-21631d89967c43b8883247da94e54557/batch-9.json,.json,11272,0901e6d270b85b331af20ffc4489c440ca0dcc966d6e31feef39b22d192e735e,REFERENCE_ONLY,V27_REFERENCE_UNLESS_ORIGINALITY_APPROVED,pending-review
v27_clean_runtime_reference,.ua/.trash-cleanup-20260727T175031-21631d89967c43b8883247da94e54557/batches.json,.json,142072,0fa1a1ad6206e9ada1537df1d9beb4c1432b891f59b774eca650b99165e5274d,REFERENCE_ONLY,V27_REFERENCE_UNLESS_ORIGINALITY_APPROVED,pending-review
v27_clean_runtime_reference,.ua/.trash-cleanup-20260727T175031-21631d89967c43b8883247da94e54557/fingerprint-input.json,.json,6565,7a3bfb3f52bd94567218c38bdf510190d1bc11eb3536aca5c28fde1df6c45e08,REFERENCE_ONLY,V27_REFERENCE_UNLESS_ORIGINALITY_APPROVED,pending-review
v27_clean_runtime_reference,.ua/.trash-cleanup-20260727T175031-21631d89967c43b8883247da94e54557/layers.json,.json,9991,1825da793199e07153037a8d3ae0a71ee26115aaabfab71e0d6eb6ceac0a3d58,REFERENCE_ONLY,V27_REFERENCE_UNLESS_ORIGINALITY_APPROVED,pending-review
v27_clean_runtime_reference,.ua/.trash-cleanup-20260727T175031-21631d89967c43b8883247da94e54557/review.json,.json,4396,61ce66576133daaa4ddc58b0ae686e572398e92fe66915aa9b41637075e2f99b,REFERENCE_ONLY,V27_REFERENCE_UNLESS_ORIGINALITY_APPROVED,pending-review
v27_clean_runtime_reference,.ua/.trash-cleanup-20260727T175031-21631d89967c43b8883247da94e54557/tmp/ua-arch-input.json,.json,173609,0f7109d23eb88c1d5047097b6c0ec0f8b6ab9c5083e70599dfc387428d3d3c1e,REFERENCE_ONLY,V27_REFERENCE_UNLESS_ORIGINALITY_APPROVED,pending-review
v27_clean_runtime_reference,.ua/.trash-cleanup-20260727T175031-21631d89967c43b8883247da94e54557/tmp/ua-arch-results.json,.json,33566,3cfaac2fd5708776d3b89890dbdbcbd704c5c55832abdc27524fd86bd9429cec,REFERENCE_ONLY,V27_REFERENCE_UNLESS_ORIGINALITY_APPROVED,pending-review
v27_clean_runtime_reference,.ua/.trash-cleanup-20260727T175031-21631d89967c43b8883247da94e54557/tmp/ua-file-analyzer-input-1.json,.json,5008,c0fdcb1832eeb3ac252d15bd3cfde3035afe081153f73b1f21155eee5b531254,REFERENCE_ONLY,V27_REFERENCE_UNLESS_ORIGINALITY_APPROVED,pending-review
v27_clean_runtime_reference,.ua/.trash-cleanup-20260727T175031-21631d89967c43b8883247da94e54557/tmp/ua-file-analyzer-input-10.json,.json,2580,263f1e46a313d12919b9dc01ca923dbc9daef8a12ebe569f03b630af515e8003,REFERENCE_ONLY,V27_REFERENCE_UNLESS_ORIGINALITY_APPROVED,pending-review
v27_clean_runtime_reference,.ua/.trash-cleanup-20260727T175031-21631d89967c43b8883247da94e54557/tmp/ua-file-analyzer-input-11.json,.json,2483,bd130b3039e95a108185bbb1773022ead55930b9f9755730f657ca9ba609b380,REFERENCE_ONLY,V27_REFERENCE_UNLESS_ORIGINALITY_APPROVED,pending-review
v27_clean_runtime_reference,.ua/.trash-cleanup-20260727T175031-21631d89967c43b8883247da94e54557/tmp/ua-file-analyzer-input-12.json,.json,3002,37a6a52e7b4ee380f0b5102dbad2fc5aeb91c2b99cbddc7f0a83b0886e202861,REFERENCE_ONLY,V27_REFERENCE_UNLESS_ORIGINALITY_APPROVED,pending-review
v27_clean_runtime_reference,.ua/.trash-cleanup-20260727T175031-21631d89967c43b8883247da94e54557/tmp/ua-file-analyzer-input-2.json,.json,4961,8404d32f5ff625d06421994d7475eeefd574eb505a5439ed3e8c46c49cada36b,REFERENCE_ONLY,V27_REFERENCE_UNLESS_ORIGINALITY_APPROVED,pending-review
v27_clean_runtime_reference,.ua/.trash-cleanup-20260727T175031-21631d89967c43b8883247da94e54557/tmp/ua-file-analyzer-input-3.json,.json,6012,51bac4d1c2ed9bdda6657f6ab8b9f16a3eddb770366e401710ecb1fbce7a6b8a,REFERENCE_ONLY,V27_REFERENCE_UNLESS_ORIGINALITY_APPROVED,pending-review
v27_clean_runtime_reference,.ua/.trash-cleanup-20260727T175031-21631d89967c43b8883247da94e54557/tmp/ua-file-analyzer-input-4.json,.json,3895,26370e3162fa8c462be873e92241b9c9ed580f75c0e1df381e228a635af4c134,REFERENCE_ONLY,V27_REFERENCE_UNLESS_ORIGINALITY_APPROVED,pending-review
v27_clean_runtime_reference,.ua/.trash-cleanup-20260727T175031-21631d89967c43b8883247da94e54557/tmp/ua-file-analyzer-input-5.json,.json,3350,517724d3f8b304dacbc719e5c782cc9adb0b61868aa61bd0d2b680fe14bf511c,REFERENCE_ONLY,V27_REFERENCE_UNLESS_ORIGINALITY_APPROVED,pending-review
v27_clean_runtime_reference,.ua/.trash-cleanup-20260727T175031-21631d89967c43b8883247da94e54557/tmp/ua-file-analyzer-input-6.json,.json,2774,543c361674d36789b63ed3038cbe86b875a0e3f1fcd507d1720df50b8778f272,REFERENCE_ONLY,V27_REFERENCE_UNLESS_ORIGINALITY_APPROVED,pending-review
v27_clean_runtime_reference,.ua/.trash-cleanup-20260727T175031-21631d89967c43b8883247da94e54557/tmp/ua-file-analyzer-input-7.json,.json,833,a46778e1b6f818efda1f2f8e95dfce907a4019ed2ca970cb655a08e421d72c9c,REFERENCE_ONLY,V27_REFERENCE_UNLESS_ORIGINALITY_APPROVED,pending-review
v27_clean_runtime_reference,.ua/.trash-cleanup-20260727T175031-21631d89967c43b8883247da94e54557/tmp/ua-file-analyzer-input-8.json,.json,862,f6ed9143298db645788c7525c45601feee2d27193377a1179a4c7b6557449f1c,REFERENCE_ONLY,V27_REFERENCE_UNLESS_ORIGINALITY_APPROVED,pending-review
v27_clean_runtime_reference,.ua/.trash-cleanup-20260727T175031-21631d89967c43b8883247da94e54557/tmp/ua-file-analyzer-input-9.json,.json,4389,cf0babd1b2b28fdde7ea5cd9942ecc4ce3ba116010140535acb942de969e521e,REFERENCE_ONLY,V27_REFERENCE_UNLESS_ORIGINALITY_APPROVED,pending-review
v27_clean_runtime_reference,.ua/.trash-cleanup-20260727T175031-21631d89967c43b8883247da94e54557/tmp/ua-file-analyzer-report-1-4.json,.json,2157,b033ff7f9eb337b477617bcf8731fc1835a4da8adc9845003dee1c8691f0252a,REFERENCE_ONLY,V27_REFERENCE_UNLESS_ORIGINALITY_APPROVED,pending-review
v27_clean_runtime_reference,.ua/.trash-cleanup-20260727T175031-21631d89967c43b8883247da94e54557/tmp/ua-file-extract-results-1.json,.json,294276,6df1fcba6b287b66c376c4b406c9f65cbe2101cdc26f64f8f80368bf06c96cb2,REFERENCE_ONLY,V27_REFERENCE_UNLESS_ORIGINALITY_APPROVED,pending-review
v27_clean_runtime_reference,.ua/.trash-cleanup-20260727T175031-21631d89967c43b8883247da94e54557/tmp/ua-file-extract-results-10.json,.json,21256,0f18e7b825641858916ada5d4e68061b9a2288e7c16f4bcf2baaddf71b91badc,REFERENCE_ONLY,V27_REFERENCE_UNLESS_ORIGINALITY_APPROVED,pending-review
v27_clean_runtime_reference,.ua/.trash-cleanup-20260727T175031-21631d89967c43b8883247da94e54557/tmp/ua-file-extract-results-11.json,.json,3816,bca618c2fe4394910f35c28eb0bf7d333aa81bc6e60ce5170c5cd9ec640c8cc4,REFERENCE_ONLY,V27_REFERENCE_UNLESS_ORIGINALITY_APPROVED,pending-review
v27_clean_runtime_reference,.ua/.trash-cleanup-20260727T175031-21631d89967c43b8883247da94e54557/tmp/ua-file-extract-results-12.json,.json,64400,518ce7c601451199a6845309de6fc2eff4c961ee0db1e3954509e506b49f3629,REFERENCE_ONLY,V27_REFERENCE_UNLESS_ORIGINALITY_APPROVED,pending-review
v27_clean_runtime_reference,.ua/.trash-cleanup-20260727T175031-21631d89967c43b8883247da94e54557/tmp/ua-file-extract-results-2.json,.json,126440,26412eb1ab53d3cec5ccb02533602bfc8ce623299667744b8a62d4d3d4970bd1,REFERENCE_ONLY,V27_REFERENCE_UNLESS_ORIGINALITY_APPROVED,pending-review
v27_clean_runtime_reference,.ua/.trash-cleanup-20260727T175031-21631d89967c43b8883247da94e54557/tmp/ua-file-extract-results-3.json,.json,304916,570b6881213200749f7b39b7a50b833cdf83f6b5e94544077d74e839c5559353,REFERENCE_ONLY,V27_REFERENCE_UNLESS_ORIGINALITY_APPROVED,pending-review
v27_clean_runtime_reference,.ua/.trash-cleanup-20260727T175031-21631d89967c43b8883247da94e54557/tmp/ua-file-extract-results-4.json,.json,79832,fdae0540e4203606c2e07bfb0b1cc54d30f05175b8a9a3877eb0f957622c6090,REFERENCE_ONLY,V27_REFERENCE_UNLESS_ORIGINALITY_APPROVED,pending-review
v27_clean_runtime_reference,.ua/.trash-cleanup-20260727T175031-21631d89967c43b8883247da94e54557/tmp/ua-file-extract-results-5.json,.json,212966,c4dc11fae2adbd50fdba6de720ae50e90011c63902df9d06b8d51660e875196e,REFERENCE_ONLY,V27_REFERENCE_UNLESS_ORIGINALITY_APPROVED,pending-review
v27_clean_runtime_reference,.ua/.trash-cleanup-20260727T175031-21631d89967c43b8883247da94e54557/tmp/ua-file-extract-results-6.json,.json,110378,a2cb6a860990c410baee31e2dd453f820d0a490efb077f2b71b95a4b971eacc6,REFERENCE_ONLY,V27_REFERENCE_UNLESS_ORIGINALITY_APPROVED,pending-review
v27_clean_runtime_reference,.ua/.trash-cleanup-20260727T175031-21631d89967c43b8883247da94e54557/tmp/ua-file-extract-results-7.json,.json,33238,88dcb32ae1ce347c67adac65dbb799c989473c39dcb57e5b65bf42a29073554d,REFERENCE_ONLY,V27_REFERENCE_UNLESS_ORIGINALITY_APPROVED,pending-review
v27_clean_runtime_reference,.ua/.trash-cleanup-20260727T175031-21631d89967c43b8883247da94e54557/tmp/ua-file-extract-results-8.json,.json,38276,9b4c2f03943f9f79f29a5ec54d22737842b0c7a480ba066ecc7be6b50f8076a0,REFERENCE_ONLY,V27_REFERENCE_UNLESS_ORIGINALITY_APPROVED,pending-review
v27_clean_runtime_reference,.ua/.trash-cleanup-20260727T175031-21631d89967c43b8883247da94e54557/tmp/ua-file-extract-results-9.json,.json,22647,ded81591f2c020e8441514b1c5cd4b104ae55a6022693d3c30785e536a8c5333,REFERENCE_ONLY,V27_REFERENCE_UNLESS_ORIGINALITY_APPROVED,pending-review
v27_clean_runtime_reference,.ua/.trash-cleanup-20260727T175031-21631d89967c43b8883247da94e54557/tmp/ua-import-map-input.json,.json,22754,9034b13d4f86e8cd3cf5d3f5e9f13998193711803e347da5689ec84ffb131c7f,REFERENCE_ONLY,V27_REFERENCE_UNLESS_ORIGINALITY_APPROVED,pending-review
v27_clean_runtime_reference,.ua/.trash-cleanup-20260727T175031-21631d89967c43b8883247da94e54557/tmp/ua-import-map-output.json,.json,16417,4b26ed06569d543dfecf52457448ce1e87ed939e7adbb7ea6ce9317dc837acbb,REFERENCE_ONLY,V27_REFERENCE_UNLESS_ORIGINALITY_APPROVED,pending-review
v27_clean_runtime_reference,.ua/.trash-cleanup-20260727T175031-21631d89967c43b8883247da94e54557/tmp/ua-scan-files.json,.json,23142,27ab9ddfd7d25fb10e6eb7fed054a347d08f063f7a57626bcfdefa1830c70d83,REFERENCE_ONLY,V27_REFERENCE_UNLESS_ORIGINALITY_APPROVED,pending-review
v27_clean_runtime_reference,.ua/.trash-cleanup-20260727T175031-21631d89967c43b8883247da94e54557/tmp/ua-tour-input.json,.json,650908,fe75bcd5b7a2267c2437c280ab51d89771ae524d2a0b421e9b595ee8d3b55e04,REFERENCE_ONLY,V27_REFERENCE_UNLESS_ORIGINALITY_APPROVED,pending-review
v27_clean_runtime_reference,.ua/.trash-cleanup-20260727T175031-21631d89967c43b8883247da94e54557/tmp/ua-tour-results.json,.json,220112,0c7c17da604367476dd17df7725103a90aec1c691ce7c2482d85c1dee0b4dd26,REFERENCE_ONLY,V27_REFERENCE_UNLESS_ORIGINALITY_APPROVED,pending-review
v27_clean_runtime_reference,.ua/.trash-cleanup-20260727T175031-21631d89967c43b8883247da94e54557/tour.json,.json,6484,11d47e459be11ba7aa1417688897f19a7253ebe72b2d8f343f6794b06670f140,REFERENCE_ONLY,V27_REFERENCE_UNLESS_ORIGINALITY_APPROVED,pending-review
v27_clean_runtime_reference,.ua/config.json,.json,29,5d2ff006cff22c68edd4776249d562ea8c73915a61c6214eb85933865a9402e7,REFERENCE_ONLY,V27_REFERENCE_UNLESS_ORIGINALITY_APPROVED,pending-review
v27_clean_runtime_reference,.ua/fingerprints.json,.json,281351,b7139247b0950d66d3a1eca1cbb7e445c4e9675dde48da5bd90a4162084be868,REFERENCE_ONLY,V27_REFERENCE_UNLESS_ORIGINALITY_APPROVED,pending-review
v27_clean_runtime_reference,.ua/intermediate/scan-result.json,.json,39595,f786e31da1fcfab0efd26ba087942cfa302c7f826c84a95173443da980912131,REFERENCE_ONLY,V27_REFERENCE_UNLESS_ORIGINALITY_APPROVED,pending-review
v27_clean_runtime_reference,.ua/knowledge-graph.json,.json,666459,2db726fda484d8a64b911bb34b8474ef33b87e0eb383d1c128de9118aa59760c,REFERENCE_ONLY,V27_REFERENCE_UNLESS_ORIGINALITY_APPROVED,pending-review
v27_clean_runtime_reference,.ua/launch-dashboard.ps1,.ps1,995,a199bbcaf2e3e146171622eb10f2e3cfaac142a39719f7abbb8d16e38907d9cb,REFERENCE_ONLY,V27_REFERENCE_UNLESS_ORIGINALITY_APPROVED,pending-review
v27_clean_runtime_reference,.ua/launch-viewer.ps1,.ps1,961,2df8a15f78a6f4975b6564d6f60de3607a0dba442c567df02f6a5e483faa24b5,REFERENCE_ONLY,V27_REFERENCE_UNLESS_ORIGINALITY_APPROVED,pending-review
v27_clean_runtime_reference,.ua/meta.json,.json,163,3047d6fd811960f9914179915f2eb07c64bf59d8b75fd216185e2ad84b55dc34,REFERENCE_ONLY,V27_REFERENCE_UNLESS_ORIGINALITY_APPROVED,pending-review
v27_clean_runtime_reference,.venv/Lib/site-packages/_pytest/__init__.py,.py,391,e087512619d6e571b62a568990ec67e7f4c2f56790e6d5c3485eed6dbe2f12ca,REFERENCE_ONLY,V27_REFERENCE_UNLESS_ORIGINALITY_APPROVED,pending-review
v27_clean_runtime_reference,.venv/Lib/site-packages/_pytest/_argcomplete.py,.py,3776,821d299daebaa782d56f60fc493e39ebc586c6f7489c64f8de6eac95886a36a5,REFERENCE_ONLY,V27_REFERENCE_UNLESS_ORIGINALITY_APPROVED,pending-review
v27_clean_runtime_reference,.venv/Lib/site-packages/_pytest/_code/__init__.py,.py,521,04a6e8c286100032a300999359d43c49240b6c106c874f9d663dd31a3b67eb23,REFERENCE_ONLY,V27_REFERENCE_UNLESS_ORIGINALITY_APPROVED,pending-review
v27_clean_runtime_reference,.venv/Lib/site-packages/_pytest/_code/code.py,.py,58426,63ec03d20e61d3ac2a0e9954be71a619dd742d009c2409b1e3168e2a6fad9096,REFERENCE_ONLY,V27_REFERENCE_UNLESS_ORIGINALITY_APPROVED,pending-review
v27_clean_runtime_reference,.venv/Lib/site-packages/_pytest/_code/source.py,.py,7859,46f3d07f3144e3e05da5aa6c51cb1d2f89ac81e1e737e5a7a863e4032acf6c01,REFERENCE_ONLY,V27_REFERENCE_UNLESS_ORIGINALITY_APPROVED,pending-review
v27_clean_runtime_reference,.venv/Lib/site-packages/_pytest/_io/__init__.py,.py,190,a642c5dbd54416be8396bdde3ad24bf2c7f8ed12c5b7525fe17d436413e56267,REFERENCE_ONLY,V27_REFERENCE_UNLESS_ORIGINALITY_APPROVED,pending-review
v27_clean_runtime_reference,.venv/Lib/site-packages/_pytest/_io/pprint.py,.py,19572,87fcb9cd098dda72f3d5458f868242bea60d53f1c8d88e2ab499827da80bf4e4,REFERENCE_ONLY,V27_REFERENCE_UNLESS_ORIGINALITY_APPROVED,pending-review
v27_clean_runtime_reference,.venv/Lib/site-packages/_pytest/_io/saferepr.py,.py,4920,c4634e463e01eb613fc52d909f6f44e4aa682e0c3ad2ad3d6fe0286d6f1c7aa8,REFERENCE_ONLY,V27_REFERENCE_UNLESS_ORIGINALITY_APPROVED,pending-review
v27_clean_runtime_reference,.venv/Lib/site-packages/_pytest/_io/terminalwriter.py,.py,8994,2b4a41d697c0beb281585011292a1b438c168b4a5d9a205a19bddafeffc00234,REFERENCE_ONLY,V27_REFERENCE_UNLESS_ORIGINALITY_APPROVED,pending-review
v27_clean_runtime_reference,.venv/Lib/site-packages/_pytest/_io/wcwidth.py,.py,1289,714109ef8521c1e202c1b2af536aba9e865c3600f442504407d09f6a41986aa0,REFERENCE_ONLY,V27_REFERENCE_UNLESS_ORIGINALITY_APPROVED,pending-review
v27_clean_runtime_reference,.venv/Lib/site-packages/_pytest/_py/__init__.py,.py,0,e3b0c44298fc1c149afbf4c8996fb92427ae41e4649b934ca495991b7852b855,REFERENCE_ONLY,V27_REFERENCE_UNLESS_ORIGINALITY_APPROVED,pending-review
v27_clean_runtime_reference,.venv/Lib/site-packages/_pytest/_py/error.py,.py,3475,90643b17cfdf67a615061031faef669134014f1d2a231c6754c0b40a088e77bd,REFERENCE_ONLY,V27_REFERENCE_UNLESS_ORIGINALITY_APPROVED,pending-review
v27_clean_runtime_reference,.venv/Lib/site-packages/_pytest/_py/path.py,.py,49229,72a0a7d1a9b32a1a92aa25b55b3b782aabc52369dc281cc69f011152c5a90bfd,REFERENCE_ONLY,V27_REFERENCE_UNLESS_ORIGINALITY_APPROVED,pending-review
v27_clean_runtime_reference,.venv/Lib/site-packages/_pytest/_version.py,.py,520,a92165fd7b0e147d0e1b873f42ebe87f108f1f3d56b1b53fe4ad352a27adec4a,REFERENCE_ONLY,V27_REFERENCE_UNLESS_ORIGINALITY_APPROVED,pending-review
v27_clean_runtime_reference,.venv/Lib/site-packages/_pytest/assertion/__init__.py,.py,8081,2a69087174fab92dd88352b60b546d879fb93411a6c0996384a0f84a07071ac7,REFERENCE_ONLY,V27_REFERENCE_UNLESS_ORIGINALITY_APPROVED,pending-review
v27_clean_runtime_reference,.venv/Lib/site-packages/_pytest/assertion/_compare_any.py,.py,4959,96db744e2023ecb555cf3f03d7e9a6eafc8cfe250f28eff55cd8239793d894c2,REFERENCE_ONLY,V27_REFERENCE_UNLESS_ORIGINALITY_APPROVED,pending-review
v27_clean_runtime_reference,.venv/Lib/site-packages/_pytest/assertion/_compare_mapping.py,.py,1680,74a33986faa3645f96334887c04ee51e3ea689568b4edeeed1e429ae9d86f690,REFERENCE_ONLY,V27_REFERENCE_UNLESS_ORIGINALITY_APPROVED,pending-review
v27_clean_runtime_reference,.venv/Lib/site-packages/_pytest/assertion/_compare_sequence.py,.py,2947,6a7c68748e05632a8c9a784a4a099cfc0b4afe86eb1d4a0e0c16c13723a58681,REFERENCE_ONLY,V27_REFERENCE_UNLESS_ORIGINALITY_APPROVED,pending-review
v27_clean_runtime_reference,.venv/Lib/site-packages/_pytest/assertion/_compare_set.py,.py,2667,251a73d7d113fdb8ba784f59fee5b14bf073ac423222d1b68725d096ce889c94,REFERENCE_ONLY,V27_REFERENCE_UNLESS_ORIGINALITY_APPROVED,pending-review
v27_clean_runtime_reference,.venv/Lib/site-packages/_pytest/assertion/_guards.py,.py,1923,1fa6a11bfe490b06614e0e65224f03eaf82151074a7e8399194c2c4f7390085e,REFERENCE_ONLY,V27_REFERENCE_UNLESS_ORIGINALITY_APPROVED,pending-review
v27_clean_runtime_reference,.venv/Lib/site-packages/_pytest/assertion/_typing.py,.py,338,f62ce7a05b0aa7ce3b818d62aad74bfd3848519ad80403daf0def63b774da568,REFERENCE_ONLY,V27_REFERENCE_UNLESS_ORIGINALITY_APPROVED,pending-review
v27_clean_runtime_reference,.venv/Lib/site-packages/_pytest/assertion/compare_text.py,.py,3385,e10edb296d8df5dd2eee4480e68bda9ae1ba2ccbc55faf22c4cc8e453a4808c7,REFERENCE_ONLY,V27_REFERENCE_UNLESS_ORIGINALITY_APPROVED,pending-review
v27_clean_runtime_reference,.venv/Lib/site-packages/_pytest/assertion/highlight.py,.py,327,015a92e17eb83e0d5a7a45e73984687898a02000d6c0075b76d1bff5b93fdfe7,REFERENCE_ONLY,V27_REFERENCE_UNLESS_ORIGINALITY_APPROVED,pending-review
v27_clean_runtime_reference,.venv/Lib/site-packages/_pytest/assertion/rewrite.py,.py,47740,17f1eefbd1c2fe5326cb7592ff3af92a773582cf9d01727b09d3ab864906ee50,REFERENCE_ONLY,V27_REFERENCE_UNLESS_ORIGINALITY_APPROVED,pending-review
v27_clean_runtime_reference,.venv/Lib/site-packages/_pytest/assertion/truncate.py,.py,5156,ee48bcb41d2bc23ed9efe6020000d046e077468d7d3bcdf2ed75777938de2f5c,REFERENCE_ONLY,V27_REFERENCE_UNLESS_ORIGINALITY_APPROVED,pending-review
v27_clean_runtime_reference,.venv/Lib/site-packages/_pytest/assertion/util.py,.py,7710,f2ede44368c40674cc9943833a56342539747e9242094191cfe24b7eeaf13d33,REFERENCE_ONLY,V27_REFERENCE_UNLESS_ORIGINALITY_APPROVED,pending-review
v27_clean_runtime_reference,.venv/Lib/site-packages/_pytest/cacheprovider.py,.py,22627,bd9bfb0437645da5d042792f30ba379d28ff4c1fffac6806f5543305a3073579,REFERENCE_ONLY,V27_REFERENCE_UNLESS_ORIGINALITY_APPROVED,pending-review
v27_clean_runtime_reference,.venv/Lib/site-packages/_pytest/capture.py,.py,37228,12004dbff0ab7b34141ff53e33e616db2e857c695f64e640631f5abe30619145,REFERENCE_ONLY,V27_REFERENCE_UNLESS_ORIGINALITY_APPROVED,pending-review
v27_clean_runtime_reference,.venv/Lib/site-packages/_pytest/compat.py,.py,10628,41f703ee4606232e1fc6eaa2136f360700c90824503491221a435861c3f2161e,REFERENCE_ONLY,V27_REFERENCE_UNLESS_ORIGINALITY_APPROVED,pending-review
v27_clean_runtime_reference,.venv/Lib/site-packages/_pytest/config/__init__.py,.py,80947,98b05c2c37d09e1d5c05975efc2d9af98d4aff6ea47de410a8e93956420873c1,REFERENCE_ONLY,V27_REFERENCE_UNLESS_ORIGINALITY_APPROVED,pending-review
v27_clean_runtime_reference,.venv/Lib/site-packages/_pytest/config/argparsing.py,.py,17795,a30373a110ac568e752b5cc5c4eb66cfa8595f2c1eaa1bf950b1fc5070a0d098,REFERENCE_ONLY,V27_REFERENCE_UNLESS_ORIGINALITY_APPROVED,pending-review
v27_clean_runtime_reference,.venv/Lib/site-packages/_pytest/config/exceptions.py,.py,315,e959bdcb3c143b12469b5ed93066f0ebdbff8b4ee64f52a607010d336b1c2a19,REFERENCE_ONLY,V27_REFERENCE_UNLESS_ORIGINALITY_APPROVED,pending-review
v27_clean_runtime_reference,.venv/Lib/site-packages/_pytest/config/findpaths.py,.py,12890,535d149e6f3962e44260b6645bb354976e19531f5dd248e14ee7d7fff61c8848,REFERENCE_ONLY,V27_REFERENCE_UNLESS_ORIGINALITY_APPROVED,pending-review
v27_clean_runtime_reference,.venv/Lib/site-packages/_pytest/debugging.py,.py,13853,fde26a89f0ca1311423afe098601610680d7627b30b301c6d5d7192026538e0f,REFERENCE_ONLY,V27_REFERENCE_UNLESS_ORIGINALITY_APPROVED,pending-review
v27_clean_runtime_reference,.venv/Lib/site-packages/_pytest/deprecated.py,.py,5443,7f24f0a94f9fb68a09f0fbbc8b2db84cba965d5894a59415d6a4ab2490ea4e2a,REFERENCE_ONLY,V27_REFERENCE_UNLESS_ORIGINALITY_APPROVED,pending-review
v27_clean_runtime_reference,.venv/Lib/site-packages/_pytest/doctest.py,.py,25424,04261f5b3ddce0c36584f2be42e2938d5a0dbe914414502533a93e8c142dacf9,REFERENCE_ONLY,V27_REFERENCE_UNLESS_ORIGINALITY_APPROVED,pending-review
v27_clean_runtime_reference,.venv/Lib/site-packages/_pytest/faulthandler.py,.py,4250,d5cec3a51b4fd3f0b7ce91544b0d41391a401bc1ac883b49f730ae59d1222dcd,REFERENCE_ONLY,V27_REFERENCE_UNLESS_ORIGINALITY_APPROVED,pending-review
v27_clean_runtime_reference,.venv/Lib/site-packages/_pytest/fixtures.py,.py,92893,f5d4d3f848d97411e456d50400d3aaecc19a9b0c90def9151e395ee8952042b7,REFERENCE_ONLY,V27_REFERENCE_UNLESS_ORIGINALITY_APPROVED,pending-review
v27_clean_runtime_reference,.venv/Lib/site-packages/_pytest/freeze_support.py,.py,1300,5fde08c62a6a79b780fc7833261f1d6e3a869ebb44405b8c202e612bb486597c,REFERENCE_ONLY,V27_REFERENCE_UNLESS_ORIGINALITY_APPROVED,pending-review
v27_clean_runtime_reference,.venv/Lib/site-packages/_pytest/helpconfig.py,.py,10019,64a4ccef9da2e8f1af28afc42f605aa1d9c4c1255089adc6e4a136fbc81a5074,REFERENCE_ONLY,V27_REFERENCE_UNLESS_ORIGINALITY_APPROVED,pending-review
v27_clean_runtime_reference,.venv/Lib/site-packages/_pytest/hookspec.py,.py,41840,12098571044671c24ed0011e2bb7d94976380265e5734c30f856479482e6f88d,REFERENCE_ONLY,V27_REFERENCE_UNLESS_ORIGINALITY_APPROVED,pending-review
v27_clean_runtime_reference,.venv/Lib/site-packages/_pytest/junitxml.py,.py,25961,557b8978c66b8010fafc50ada4bf56333f9927f31b2b5909fe4c1a9df1a3c0f0,REFERENCE_ONLY,V27_REFERENCE_UNLESS_ORIGINALITY_APPROVED,pending-review
v27_clean_runtime_reference,.venv/Lib/site-packages/_pytest/legacypath.py,.py,16588,fe5eaff1a90d31f4dce53023bdb73a33efedd79ee9f5013afb5d7c58cd0346df,REFERENCE_ONLY,V27_REFERENCE_UNLESS_ORIGINALITY_APPROVED,pending-review
v27_clean_runtime_reference,.venv/Lib/site-packages/_pytest/logging.py,.py,36104,9ad4c3e583c205a97c37264bf479503e74e027cf68ba818996e923062380cac2,REFERENCE_ONLY,V27_REFERENCE_UNLESS_ORIGINALITY_APPROVED,pending-review
v27_clean_runtime_reference,.venv/Lib/site-packages/_pytest/main.py,.py,42771,8ee2725057ff1811e2ae9ebdf1befb7518195f8f333f9f8ca024d76a4b80780e,REFERENCE_ONLY,V27_REFERENCE_UNLESS_ORIGINALITY_APPROVED,pending-review
v27_clean_runtime_reference,.venv/Lib/site-packages/_pytest/mark/__init__.py,.py,9857,1a649c9ecb24f1e7092d62c86b6d5b38648dc4bf43dac992f061f6876acde051,REFERENCE_ONLY,V27_REFERENCE_UNLESS_ORIGINALITY_APPROVED,pending-review
v27_clean_runtime_reference,.venv/Lib/site-packages/_pytest/mark/expression.py,.py,11250,edae43a0bfb44f6ae09747551f6c139cdbd985b8a66e2af33352c4c57ac1f27d,REFERENCE_ONLY,V27_REFERENCE_UNLESS_ORIGINALITY_APPROVED,pending-review
v27_clean_runtime_reference,.venv/Lib/site-packages/_pytest/mark/structures.py,.py,24633,598ff2b44193f1e98868257ff55f4fff39276fc5d5ae8427fe4de7176ea1bc96,REFERENCE_ONLY,V27_REFERENCE_UNLESS_ORIGINALITY_APPROVED,pending-review
v27_clean_runtime_reference,.venv/Lib/site-packages/_pytest/monkeypatch.py,.py,15510,b5c405ed57dbd58adfb7f0fae44f84d62402993c50058e07f03387285c03df33,REFERENCE_ONLY,V27_REFERENCE_UNLESS_ORIGINALITY_APPROVED,pending-review
v27_clean_runtime_reference,.venv/Lib/site-packages/_pytest/nodes.py,.py,26286,4701f2fa74e292b2551ae790d26fe421bb25e5e459022026107bd024177cd129,REFERENCE_ONLY,V27_REFERENCE_UNLESS_ORIGINALITY_APPROVED,pending-review
v27_clean_runtime_reference,.venv/Lib/site-packages/_pytest/outcomes.py,.py,8799,aa02dbf351cd1101a795e3fef683ab2fd7a2c04eb96188689663f51ece80c081,REFERENCE_ONLY,V27_REFERENCE_UNLESS_ORIGINALITY_APPROVED,pending-review
v27_clean_runtime_reference,.venv/Lib/site-packages/_pytest/pastebin.py,.py,4281,26d0f943451bdc4a48290144ca8ab6ed2535f0a09348c4cee9a2ad11c7f467d4,REFERENCE_ONLY,V27_REFERENCE_UNLESS_ORIGINALITY_APPROVED,pending-review
v27_clean_runtime_reference,.venv/Lib/site-packages/_pytest/pathlib.py,.py,37454,c9fe77dccbf52afa1196ff92870ed919e09f254c082710a86ed417fd3ca90329,REFERENCE_ONLY,V27_REFERENCE_UNLESS_ORIGINALITY_APPROVED,pending-review
v27_clean_runtime_reference,.venv/Lib/site-packages/_pytest/pytester.py,.py,62905,9e791d0a3446b04324e70bb939712f8d490005ad13eb46ab3249592baa08ff17,REFERENCE_ONLY,V27_REFERENCE_UNLESS_ORIGINALITY_APPROVED,pending-review
v27_clean_runtime_reference,.venv/Lib/site-packages/_pytest/pytester_assertions.py,.py,2253,d484f5e97acb6d4a227c5784b4e9cf4ad88766e2288340e5dc40a4a709b3a364,REFERENCE_ONLY,V27_REFERENCE_UNLESS_ORIGINALITY_APPROVED,pending-review
v27_clean_runtime_reference,.venv/Lib/site-packages/_pytest/python.py,.py,67758,b04488f5e46bf1ffe2e8344f81756e10b970dbfaf2f7f2f4d312becd6404df76,REFERENCE_ONLY,V27_REFERENCE_UNLESS_ORIGINALITY_APPROVED,pending-review
v27_clean_runtime_reference,.venv/Lib/site-packages/_pytest/python_api.py,.py,35984,cba22d17b5dedccb39be71ca946b765b998c4c3055ae1adad453fefbd843497d,REFERENCE_ONLY,V27_REFERENCE_UNLESS_ORIGINALITY_APPROVED,pending-review
v27_clean_runtime_reference,.venv/Lib/site-packages/_pytest/raises.py,.py,59770,dc28805f1e1c2db835f1a5290218efee5d510d190ad333d61663d59bd6d1362c,REFERENCE_ONLY,V27_REFERENCE_UNLESS_ORIGINALITY_APPROVED,pending-review
v27_clean_runtime_reference,.venv/Lib/site-packages/_pytest/recwarn.py,.py,13875,0e3ab27f6b7313d89eff1136c4cd60913e591fe5b32961c87e7711778f2dc906,REFERENCE_ONLY,V27_REFERENCE_UNLESS_ORIGINALITY_APPROVED,pending-review
v27_clean_runtime_reference,.venv/Lib/site-packages/_pytest/reports.py,.py,23230,2e9272a67cde38b925eba24a288b2ef77f741c0daa22da6fbce53ee6e58fa41d,REFERENCE_ONLY,V27_REFERENCE_UNLESS_ORIGINALITY_APPROVED,pending-review
v27_clean_runtime_reference,.venv/Lib/site-packages/_pytest/runner.py,.py,20346,c8d7fd553c0516f7884502ee0e7954eb5a5b1542f21fcb5c4357500ed2fe1570,REFERENCE_ONLY,V27_REFERENCE_UNLESS_ORIGINALITY_APPROVED,pending-review
v27_clean_runtime_reference,.venv/Lib/site-packages/_pytest/scope.py,.py,2736,78499126f474ba3787fd1ca9524dcf8583b2b505f5632af491ea1c458a72ae2a,REFERENCE_ONLY,V27_REFERENCE_UNLESS_ORIGINALITY_APPROVED,pending-review
v27_clean_runtime_reference,.venv/Lib/site-packages/_pytest/setuponly.py,.py,3167,06c46b0b81110d5af8dbed86fcbd00c61354e175706ccb32e52d253af2abf300,REFERENCE_ONLY,V27_REFERENCE_UNLESS_ORIGINALITY_APPROVED,pending-review
v27_clean_runtime_reference,.venv/Lib/site-packages/_pytest/setupplan.py,.py,1184,97ec9c14dc4364fc98e76c21e1fef26aa87367b496d628d22a740b9aacc36560,REFERENCE_ONLY,V27_REFERENCE_UNLESS_ORIGINALITY_APPROVED,pending-review
v27_clean_runtime_reference,.venv/Lib/site-packages/_pytest/skipping.py,.py,10788,cc2102f5f8d19478f91ce77117c109348b8766ae04ebc4b8c33e5f9923e50aee,REFERENCE_ONLY,V27_REFERENCE_UNLESS_ORIGINALITY_APPROVED,pending-review
v27_clean_runtime_reference,.venv/Lib/site-packages/_pytest/stash.py,.py,3090,e69137903c78abce794d6f5a56f61376b9242a530353afb1897e25b8aa491202,REFERENCE_ONLY,V27_REFERENCE_UNLESS_ORIGINALITY_APPROVED,pending-review
v27_clean_runtime_reference,.venv/Lib/site-packages/_pytest/stepwise.py,.py,7689,903f350eb9e19dc94a06631f6aec1099b78c6d852fbb0d3bc395a73649887444,REFERENCE_ONLY,V27_REFERENCE_UNLESS_ORIGINALITY_APPROVED,pending-review
v27_clean_runtime_reference,.venv/Lib/site-packages/_pytest/subtests.py,.py,13507,f514883bad06a84cec0d7ddc1dd8ce8c16e5680597f9fc5a9bd8836b878f92a4,REFERENCE_ONLY,V27_REFERENCE_UNLESS_ORIGINALITY_APPROVED,pending-review
v27_clean_runtime_reference,.venv/Lib/site-packages/_pytest/terminal.py,.py,65489,28c4a9ebca0243385b154f47ecb83b18a1df415e0b912ebd97079c5ea0036459,REFERENCE_ONLY,V27_REFERENCE_UNLESS_ORIGINALITY_APPROVED,pending-review
v27_clean_runtime_reference,.venv/Lib/site-packages/_pytest/terminalprogress.py,.py,1153,fc83b7bd1195013cf746491a72a200682502e3e46ada94c400d50063ae9d1304,REFERENCE_ONLY,V27_REFERENCE_UNLESS_ORIGINALITY_APPROVED,pending-review
v27_clean_runtime_reference,.venv/Lib/site-packages/_pytest/threadexception.py,.py,4953,85371ca73654aeb4240d1395140a87817c00538f3571ae0cab8080e1807b9b2e,REFERENCE_ONLY,V27_REFERENCE_UNLESS_ORIGINALITY_APPROVED,pending-review
v27_clean_runtime_reference,.venv/Lib/site-packages/_pytest/timing.py,.py,3196,62de28571e5296350624bc18fe2096f2feb064a55f33e1cc8d1e223c047db9d4,REFERENCE_ONLY,V27_REFERENCE_UNLESS_ORIGINALITY_APPROVED,pending-review
v27_clean_runtime_reference,.venv/Lib/site-packages/_pytest/tmpdir.py,.py,13271,5099f71d89413191c9e7515c9d4fe9fc7083bb73306f2cf1f73a9f89c862ed90,REFERENCE_ONLY,V27_REFERENCE_UNLESS_ORIGINALITY_APPROVED,pending-review
v27_clean_runtime_reference,.venv/Lib/site-packages/_pytest/tracemalloc.py,.py,778,942501fd85006fa475beaabf6fe2d26125f2f9389d6e7da6eed7f3996014ae39,REFERENCE_ONLY,V27_REFERENCE_UNLESS_ORIGINALITY_APPROVED,pending-review
v27_clean_runtime_reference,.venv/Lib/site-packages/_pytest/unittest.py,.py,25176,24657b6c497eacbf50a978713598b3baed4c05c29f1c01891563cfefed119224,REFERENCE_ONLY,V27_REFERENCE_UNLESS_ORIGINALITY_APPROVED,pending-review
v27_clean_runtime_reference,.venv/Lib/site-packages/_pytest/unraisableexception.py,.py,6545,e89f17e58cb4d1c9ec4c32dcadb4e3377166b9aafd7f8f0c5d19410a27987b32,REFERENCE_ONLY,V27_REFERENCE_UNLESS_ORIGINALITY_APPROVED,pending-review
v27_clean_runtime_reference,.venv/Lib/site-packages/_pytest/warning_types.py,.py,4241,8e27be526f030b2798164fd8511132a2f447b6f5ef6958363228bf978998edb5,REFERENCE_ONLY,V27_REFERENCE_UNLESS_ORIGINALITY_APPROVED,pending-review
v27_clean_runtime_reference,.venv/Lib/site-packages/_pytest/warnings.py,.py,5239,824a6f9f0f4233c5e4741bc37ef36660c63bb4ef207aa91064c080b69a4dae9f,REFERENCE_ONLY,V27_REFERENCE_UNLESS_ORIGINALITY_APPROVED,pending-review
v27_clean_runtime_reference,.venv/Lib/site-packages/colorama/__init__.py,.py,266,c1e3d0038536d2d2a060047248b102d38eee70d5fe83ca512e9601ba21e52dbf,REFERENCE_ONLY,V27_REFERENCE_UNLESS_ORIGINALITY_APPROVED,pending-review
v27_clean_runtime_reference,.venv/Lib/site-packages/colorama/ansi.py,.py,2522,4e8a7811e12e69074159db5e28c11c18e4de29e175f50f96a3febf0a3e643b34,REFERENCE_ONLY,V27_REFERENCE_UNLESS_ORIGINALITY_APPROVED,pending-review
v27_clean_runtime_reference,.venv/Lib/site-packages/colorama/ansitowin32.py,.py,11128,bcf3586b73996f18dbb85c9a568d139a19b2d4567594a3160a74fba1d5e922d9,REFERENCE_ONLY,V27_REFERENCE_UNLESS_ORIGINALITY_APPROVED,pending-review
v27_clean_runtime_reference,.venv/Lib/site-packages/colorama/initialise.py,.py,3325,fa1227cbce82957a37f62c61e624827d421ad9ffe1fdb80a4435bb82ab3e28b5,REFERENCE_ONLY,V27_REFERENCE_UNLESS_ORIGINALITY_APPROVED,pending-review
v27_clean_runtime_reference,.venv/Lib/site-packages/colorama/tests/__init__.py,.py,75,32480f004cc641df91ab4c343d95d25f62da7515a150409c8ac258f254ab9b84,REFERENCE_ONLY,V27_REFERENCE_UNLESS_ORIGINALITY_APPROVED,pending-review
v27_clean_runtime_reference,.venv/Lib/site-packages/colorama/tests/ansi_test.py,.py,2839,15e5620eb50834865caf9d393c0c6f5380235f3d5ab048802ecf465cc87045a1,REFERENCE_ONLY,V27_REFERENCE_UNLESS_ORIGINALITY_APPROVED,pending-review
v27_clean_runtime_reference,.venv/Lib/site-packages/colorama/tests/ansitowin32_test.py,.py,10678,44dec0221309e44a83b186828d5a3ea38bbc2730c3e2e9096e67af58a4bbd2b6,REFERENCE_ONLY,V27_REFERENCE_UNLESS_ORIGINALITY_APPROVED,pending-review
v27_clean_runtime_reference,.venv/Lib/site-packages/colorama/tests/initialise_test.py,.py,6741,05b3f2f977f21f027accaa33b903af36f419cecc7dbdd6ffd1b6179fb86c0537,REFERENCE_ONLY,V27_REFERENCE_UNLESS_ORIGINALITY_APPROVED,pending-review
v27_clean_runtime_reference,.venv/Lib/site-packages/colorama/tests/isatty_test.py,.py,1866,3e0dba2d1a6fd3240307901cfacc605571bb86c035358bdaa45800a597d8cd98,REFERENCE_ONLY,V27_REFERENCE_UNLESS_ORIGINALITY_APPROVED,pending-review
v27_clean_runtime_reference,.venv/Lib/site-packages/colorama/tests/utils.py,.py,1079,d48211ca51b7f73e7e773ab4f51fe782e7f1c8f67182574d6ebc4ac541b018a1,REFERENCE_ONLY,V27_REFERENCE_UNLESS_ORIGINALITY_APPROVED,pending-review
v27_clean_runtime_reference,.venv/Lib/site-packages/colorama/tests/winterm_test.py,.py,3709,aa85853c48f29b9826d91b8cc297f7a4e8acddae6bfcf259142ccadb9e092fc0,REFERENCE_ONLY,V27_REFERENCE_UNLESS_ORIGINALITY_APPROVED,pending-review
v27_clean_runtime_reference,.venv/Lib/site-packages/colorama/win32.py,.py,6181,61038ac0c4f0b4605bb18e1d2f91d84efc1378ff70210adae4cbcf35d769c59b,REFERENCE_ONLY,V27_REFERENCE_UNLESS_ORIGINALITY_APPROVED,pending-review
v27_clean_runtime_reference,.venv/Lib/site-packages/colorama/winterm.py,.py,7134,5c24050c78cf8ba00760d759c32d2d034d87f89878f09a7e1ef0a378b78ba775,REFERENCE_ONLY,V27_REFERENCE_UNLESS_ORIGINALITY_APPROVED,pending-review
v27_clean_runtime_reference,.venv/Lib/site-packages/iniconfig/__init__.py,.py,7497,5cbe5ea94623e26b2400ea2b6798df4408a726f2734c8f9f271a4fe317d7b5ac,REFERENCE_ONLY,V27_REFERENCE_UNLESS_ORIGINALITY_APPROVED,pending-review
v27_clean_runtime_reference,.venv/Lib/site-packages/iniconfig/_parse.py,.py,5223,e6770197b30042268f367a51aecf45478b7a1ba0e480e52ce39f0e63fd42476f,REFERENCE_ONLY,V27_REFERENCE_UNLESS_ORIGINALITY_APPROVED,pending-review
v27_clean_runtime_reference,.venv/Lib/site-packages/iniconfig/_version.py,.py,704,28d1587be56d76ded9fa81f297c8e60c043da97a0234c0045e2823e814754142,REFERENCE_ONLY,V27_REFERENCE_UNLESS_ORIGINALITY_APPROVED,pending-review
v27_clean_runtime_reference,.venv/Lib/site-packages/iniconfig/exceptions.py,.py,399,9a2a50fda3310fd0af4af156375a135d8e10b919ca00c6757f7b027668c34d4d,REFERENCE_ONLY,V27_REFERENCE_UNLESS_ORIGINALITY_APPROVED,pending-review
v27_clean_runtime_reference,.venv/Lib/site-packages/packaging/__init__.py,.py,494,42130474fbb65e882b2735774b42964bab7b97423d93c11e0d1265e1f9f0f3bb,REFERENCE_ONLY,V27_REFERENCE_UNLESS_ORIGINALITY_APPROVED,pending-review
v27_clean_runtime_reference,.venv/Lib/site-packages/packaging/_elffile.py,.py,3211,fac2a4a6d62acd8c36fb1dd007225ae66078adf3d6bb5a719191d1c755801426,REFERENCE_ONLY,V27_REFERENCE_UNLESS_ORIGINALITY_APPROVED,pending-review
v27_clean_runtime_reference,.venv/Lib/site-packages/packaging/_manylinux.py,.py,9559,1dfea707470eadac84b3debea77a085c08069c5aaebf6d033b997ea36fd79efd,REFERENCE_ONLY,V27_REFERENCE_UNLESS_ORIGINALITY_APPROVED,pending-review
v27_clean_runtime_reference,.venv/Lib/site-packages/packaging/_musllinux.py,.py,2707,67ab308c7dcc03b5d2dea5e798c37b40f86a3f77e7a18234790d7c7bdf878001,REFERENCE_ONLY,V27_REFERENCE_UNLESS_ORIGINALITY_APPROVED,pending-review
v27_clean_runtime_reference,.venv/Lib/site-packages/packaging/_parser.py,.py,11698,29fda7b03c38739e17f36a58f1b6b8174d81bdee8eca018c0232fe05e82a71ec,REFERENCE_ONLY,V27_REFERENCE_UNLESS_ORIGINALITY_APPROVED,pending-review
v27_clean_runtime_reference,.venv/Lib/site-packages/packaging/_structures.py,.py,1109,eb48d16c5efca7ccf930a9cd77a700a6b80e69d0891d5d03966526441a8565cb,REFERENCE_ONLY,V27_REFERENCE_UNLESS_ORIGINALITY_APPROVED,pending-review
v27_clean_runtime_reference,.venv/Lib/site-packages/packaging/_tokenizer.py,.py,5391,b455365abf996497406e45cb109a3ba9440325a2247dfb7d0ea6a27e210d0fb0,REFERENCE_ONLY,V27_REFERENCE_UNLESS_ORIGINALITY_APPROVED,pending-review
v27_clean_runtime_reference,.venv/Lib/site-packages/packaging/dependency_groups.py,.py,10218,5d92005452bdb871b84421a9ae6267dd522751631eb3185afe4cad26e30ef5e6,REFERENCE_ONLY,V27_REFERENCE_UNLESS_ORIGINALITY_APPROVED,pending-review
v27_clean_runtime_reference,.venv/Lib/site-packages/packaging/direct_url.py,.py,10917,78a99b0e23cfd6c2d5e0c8ff902499aaa927ac8c953bd4abec9a45f0a0a3a785,REFERENCE_ONLY,V27_REFERENCE_UNLESS_ORIGINALITY_APPROVED,pending-review
v27_clean_runtime_reference,.venv/Lib/site-packages/packaging/errors.py,.py,2680,ea17c461701ff2ffc817ae7e94569d24e30889e04fdb120ab721178c6d67188b,REFERENCE_ONLY,V27_REFERENCE_UNLESS_ORIGINALITY_APPROVED,pending-review
v27_clean_runtime_reference,.venv/Lib/site-packages/packaging/licenses/__init__.py,.py,7293,fc9c745d1883ff9f296a5b169f22eb2ee879f59a4608f20f5cb29d668f4e26f4,REFERENCE_ONLY,V27_REFERENCE_UNLESS_ORIGINALITY_APPROVED,pending-review
v27_clean_runtime_reference,.venv/Lib/site-packages/packaging/licenses/_spdx.py,.py,51122,596ec35e2ca0ebcba9fd8343ff0a51625af548786257815f24b41f7e08613314,REFERENCE_ONLY,V27_REFERENCE_UNLESS_ORIGINALITY_APPROVED,pending-review
v27_clean_runtime_reference,.venv/Lib/site-packages/packaging/markers.py,.py,17055,f1f0c8521005e9832708d0791528b087da4422eb22173005ef727ed0e07c6d39,REFERENCE_ONLY,V27_REFERENCE_UNLESS_ORIGINALITY_APPROVED,pending-review
v27_clean_runtime_reference,.venv/Lib/site-packages/packaging/metadata.py,.py,38770,72b021d04dc654656a3e5bba11d445b1a1be63a518ce74d4aa3b8629118fbfa7,REFERENCE_ONLY,V27_REFERENCE_UNLESS_ORIGINALITY_APPROVED,pending-review
v27_clean_runtime_reference,.venv/Lib/site-packages/packaging/pylock.py,.py,33890,1bfd609dc4e60db44b6358e8e150c8f54c3e6f9204ae1fd0f55fc16d5253983f,REFERENCE_ONLY,V27_REFERENCE_UNLESS_ORIGINALITY_APPROVED,pending-review
v27_clean_runtime_reference,.venv/Lib/site-packages/packaging/requirements.py,.py,4383,75dd5cf5a6b5829e4d23a6ed17a5054508cf9f59f14179c4fd3df8c830d31297,REFERENCE_ONLY,V27_REFERENCE_UNLESS_ORIGINALITY_APPROVED,pending-review
v27_clean_runtime_reference,.venv/Lib/site-packages/packaging/specifiers.py,.py,71514,31fa7c6af420d25568b75eeda3d955281b590f516c5814c8b681b0154677c2d8,REFERENCE_ONLY,V27_REFERENCE_UNLESS_ORIGINALITY_APPROVED,pending-review
v27_clean_runtime_reference,.venv/Lib/site-packages/packaging/tags.py,.py,34224,350d707a8ebdfd28ed7b7c4167523f1badc22200a668dd02db89b3fb3de1198a,REFERENCE_ONLY,V27_REFERENCE_UNLESS_ORIGINALITY_APPROVED,pending-review
v27_clean_runtime_reference,.venv/Lib/site-packages/packaging/utils.py,.py,9848,33bf8930a89cdac3f562d57ff1a5bb795181fb1dc00ee282892aec55e09dd94a,REFERENCE_ONLY,V27_REFERENCE_UNLESS_ORIGINALITY_APPROVED,pending-review
v27_clean_runtime_reference,.venv/Lib/site-packages/packaging/version.py,.py,38369,635693b717b7b27db138c6b905d23ce7e01c1eec9b6da9ce56412fbd24510bc2,REFERENCE_ONLY,V27_REFERENCE_UNLESS_ORIGINALITY_APPROVED,pending-review
v27_clean_runtime_reference,.venv/Lib/site-packages/pip/__init__.py,.py,357,68a8affec4deed46c4eea9ad0a29c9bad163a8dd0c9dd6506757ca2cdc0514b1,REFERENCE_ONLY,V27_REFERENCE_UNLESS_ORIGINALITY_APPROVED,pending-review
v27_clean_runtime_reference,.venv/Lib/site-packages/pip/__main__.py,.py,854,5b36e11d74db484ea0058d7d98d37d9b8b39a3fdfae4b3af4d84a0aa06dd0611,REFERENCE_ONLY,V27_REFERENCE_UNLESS_ORIGINALITY_APPROVED,pending-review
v27_clean_runtime_reference,.venv/Lib/site-packages/pip/__pip-runner__.py,.py,1450,70f3d6b89e8d2bf93e1b37ef95e8cb160c339985113a6a4047a402dd0faf9174,REFERENCE_ONLY,V27_REFERENCE_UNLESS_ORIGINALITY_APPROVED,pending-review
v27_clean_runtime_reference,.venv/Lib/site-packages/pip/_internal/__init__.py,.py,513,31f7283a5b8367c40c08561a974e08a8e27daba9b657b6b468eb2723e58ec54a,REFERENCE_ONLY,V27_REFERENCE_UNLESS_ORIGINALITY_APPROVED,pending-review
v27_clean_runtime_reference,.venv/Lib/site-packages/pip/_internal/build_env.py,.py,10700,0efe14082952838b8d69a97f84bfadae0e7ece5dc8b3d0ae203c640a10a45c5e,REFERENCE_ONLY,V27_REFERENCE_UNLESS_ORIGINALITY_APPROVED,pending-review
v27_clean_runtime_reference,.venv/Lib/site-packages/pip/_internal/cache.py,.py,10369,25bebdf29e4f362811b695b9a36eb040d92452fe0c9d0f7899ce3bd702fadc0d,REFERENCE_ONLY,V27_REFERENCE_UNLESS_ORIGINALITY_APPROVED,pending-review
v27_clean_runtime_reference,.venv/Lib/site-packages/pip/_internal/cli/__init__.py,.py,132,1641c1829c716fefe077aaf51639cd85f30ecc0518c97a17289e9a6e28df7055,REFERENCE_ONLY,V27_REFERENCE_UNLESS_ORIGINALITY_APPROVED,pending-review
v27_clean_runtime_reference,.venv/Lib/site-packages/pip/_internal/cli/autocompletion.py,.py,6865,2e58b732be9a0cdbbb664249145bf00f6fa1171348e80bf3f0ec0cc92e5356bb,REFERENCE_ONLY,V27_REFERENCE_UNLESS_ORIGINALITY_APPROVED,pending-review
v27_clean_runtime_reference,.venv/Lib/site-packages/pip/_internal/cli/base_command.py,.py,8625,3598a7e8a3335bd3526332a4e1373c8ac6ff4d060a47808a7798fd9929b8e8f2,REFERENCE_ONLY,V27_REFERENCE_UNLESS_ORIGINALITY_APPROVED,pending-review
v27_clean_runtime_reference,.venv/Lib/site-packages/pip/_internal/cli/cmdoptions.py,.py,30116,577041db6178feffd1907699e689d69ecce16c1b63619bcd85b9fd33434ed072,REFERENCE_ONLY,V27_REFERENCE_UNLESS_ORIGINALITY_APPROVED,pending-review
v27_clean_runtime_reference,.venv/Lib/site-packages/pip/_internal/cli/command_context.py,.py,774,4478083f0b4e6e1e4a84cadddd8653925f336d51bee8e92697b61b157e04860d,REFERENCE_ONLY,V27_REFERENCE_UNLESS_ORIGINALITY_APPROVED,pending-review
v27_clean_runtime_reference,.venv/Lib/site-packages/pip/_internal/cli/index_command.py,.py,5677,8bfb203653e65c2e621d4698f9d9a6ac728a4e07393b8856ce2b2be40975aebd,REFERENCE_ONLY,V27_REFERENCE_UNLESS_ORIGINALITY_APPROVED,pending-review
v27_clean_runtime_reference,.venv/Lib/site-packages/pip/_internal/cli/main.py,.py,2817,04365e7fe6d67bd83d269af8395b387437fef38e4726c2b0f37e53ec0a849c07,REFERENCE_ONLY,V27_REFERENCE_UNLESS_ORIGINALITY_APPROVED,pending-review
v27_clean_runtime_reference,.venv/Lib/site-packages/pip/_internal/cli/main_parser.py,.py,4338,95a0e9b2e04397a9327f2c29f5e30c03db3ce237c7d932499febe62f4186f74c,REFERENCE_ONLY,V27_REFERENCE_UNLESS_ORIGINALITY_APPROVED,pending-review
v27_clean_runtime_reference,.venv/Lib/site-packages/pip/_internal/cli/parser.py,.py,10825,54232d76ecc409457ceca68736efb127ec0b34bf36c93df1d7a5785c1c4e02a2,REFERENCE_ONLY,V27_REFERENCE_UNLESS_ORIGINALITY_APPROVED,pending-review
v27_clean_runtime_reference,.venv/Lib/site-packages/pip/_internal/cli/progress_bars.py,.py,2717,f46720bac5adc1faa8bb6ce1010a755cd6d01c80ec96acb2cfd5302f3c3b2607,REFERENCE_ONLY,V27_REFERENCE_UNLESS_ORIGINALITY_APPROVED,pending-review
v27_clean_runtime_reference,.venv/Lib/site-packages/pip/_internal/cli/req_command.py,.py,12250,0ea78586650cb3aa3a12ff2a6b001c3a860d74066c7f2292d0c648e63b096304,REFERENCE_ONLY,V27_REFERENCE_UNLESS_ORIGINALITY_APPROVED,pending-review
v27_clean_runtime_reference,.venv/Lib/site-packages/pip/_internal/cli/spinners.py,.py,5118,84827cdc67ab74580509da1b200db726081eb5e825fee0b84a9e7cea7cc56cf1,REFERENCE_ONLY,V27_REFERENCE_UNLESS_ORIGINALITY_APPROVED,pending-review
v27_clean_runtime_reference,.venv/Lib/site-packages/pip/_internal/cli/status_codes.py,.py,116,b0414751a5096eabfc880acbdc702d733b5666618e157d358537ac4b2b43121d,REFERENCE_ONLY,V27_REFERENCE_UNLESS_ORIGINALITY_APPROVED,pending-review
v27_clean_runtime_reference,.venv/Lib/site-packages/pip/_internal/commands/__init__.py,.py,3882,e6844ef4eddd336bc6ba1d1b170e0739595eb6bcabcf91c732698f5b026b1fd5,REFERENCE_ONLY,V27_REFERENCE_UNLESS_ORIGINALITY_APPROVED,pending-review
v27_clean_runtime_reference,.venv/Lib/site-packages/pip/_internal/commands/cache.py,.py,8107,20e7b34e27078c6139b16741c769f03d581b8ee247337b3e059124a592de9ae6,REFERENCE_ONLY,V27_REFERENCE_UNLESS_ORIGINALITY_APPROVED,pending-review
v27_clean_runtime_reference,.venv/Lib/site-packages/pip/_internal/commands/check.py,.py,2268,1ebff87a231df5c8150e012f8ed21dc3dd793662fb44e2165bc7a792bf2c94f4,REFERENCE_ONLY,V27_REFERENCE_UNLESS_ORIGINALITY_APPROVED,pending-review
v27_clean_runtime_reference,.venv/Lib/site-packages/pip/_internal/commands/completion.py,.py,4287,1d3e250f46e0b1f947ab62038187e211da7b2061ad13bb3a320237c67d15404c,REFERENCE_ONLY,V27_REFERENCE_UNLESS_ORIGINALITY_APPROVED,pending-review
v27_clean_runtime_reference,.venv/Lib/site-packages/pip/_internal/commands/configuration.py,.py,9766,9fdf1e9f0a7acb46f91ba7e24508da668e3716524a62f7bf75a32137ee0144d7,REFERENCE_ONLY,V27_REFERENCE_UNLESS_ORIGINALITY_APPROVED,pending-review
v27_clean_runtime_reference,.venv/Lib/site-packages/pip/_internal/commands/debug.py,.py,6797,0cd0d1804f58b0aadb633534b3754a8bcac7b4a1785f5dc227f6ebffc3d45ced,REFERENCE_ONLY,V27_REFERENCE_UNLESS_ORIGINALITY_APPROVED,pending-review
v27_clean_runtime_reference,.venv/Lib/site-packages/pip/_internal/commands/download.py,.py,5273,d2a0749f2b3a6443eca20e39d650ec8cbe41c7b67deedf81f34a0564a869cca3,REFERENCE_ONLY,V27_REFERENCE_UNLESS_ORIGINALITY_APPROVED,pending-review
v27_clean_runtime_reference,.venv/Lib/site-packages/pip/_internal/commands/freeze.py,.py,3203,d95b7bd816134a6f6bcee7ba77c74dcedf2277158ae036fa1ddf9a9eaec643cd,REFERENCE_ONLY,V27_REFERENCE_UNLESS_ORIGINALITY_APPROVED,pending-review
v27_clean_runtime_reference,.venv/Lib/site-packages/pip/_internal/commands/hash.py,.py,1703,11554ebaf1ada0f11d162f1236799daa5090ae10b157e909b1dc2d75c0a75c64,REFERENCE_ONLY,V27_REFERENCE_UNLESS_ORIGINALITY_APPROVED,pending-review
v27_clean_runtime_reference,.venv/Lib/site-packages/pip/_internal/commands/help.py,.py,1132,81c73a40391c80730eb809f9531699c004adb1106b9c64a7ff2c634b9ec92283,REFERENCE_ONLY,V27_REFERENCE_UNLESS_ORIGINALITY_APPROVED,pending-review
v27_clean_runtime_reference,.venv/Lib/site-packages/pip/_internal/commands/index.py,.py,4731,4405f1989c058556f94b5058cdbe627d7dec9fd35af2fd8209563048c3fca5aa,REFERENCE_ONLY,V27_REFERENCE_UNLESS_ORIGINALITY_APPROVED,pending-review
v27_clean_runtime_reference,.venv/Lib/site-packages/pip/_internal/commands/inspect.py,.py,3189,3c6ad8f53453442337cb9325f01764f0310e5eab9645fb1caf80d1a352ce4cf7,REFERENCE_ONLY,V27_REFERENCE_UNLESS_ORIGINALITY_APPROVED,pending-review
v27_clean_runtime_reference,.venv/Lib/site-packages/pip/_internal/commands/install.py,.py,29390,af7c87414c6fc6dee00f98fd9facd10ec940bedc7d093ff084bb9025c92da7a3,REFERENCE_ONLY,V27_REFERENCE_UNLESS_ORIGINALITY_APPROVED,pending-review
v27_clean_runtime_reference,.venv/Lib/site-packages/pip/_internal/commands/list.py,.py,12769,a222334a32cfebffddedd212dead176f9cb0b1a393841591a8cca38cace43dd3,REFERENCE_ONLY,V27_REFERENCE_UNLESS_ORIGINALITY_APPROVED,pending-review
v27_clean_runtime_reference,.venv/Lib/site-packages/pip/_internal/commands/search.py,.py,5626,7d6914415c7f826f1e6db14094282ab712974fdacd6a1a49f8123fff71cd6698,REFERENCE_ONLY,V27_REFERENCE_UNLESS_ORIGINALITY_APPROVED,pending-review
v27_clean_runtime_reference,.venv/Lib/site-packages/pip/_internal/commands/show.py,.py,7857,d180610a06b73c077cd6f4f797b5167e592d4a9079f9a62a41c2710553dacd53,REFERENCE_ONLY,V27_REFERENCE_UNLESS_ORIGINALITY_APPROVED,pending-review
v27_clean_runtime_reference,.venv/Lib/site-packages/pip/_internal/commands/uninstall.py,.py,3892,ee9391ede9caefa8229b2c506f3c5c1b53acc8b5cbdc3bd7f77f7198cf05bed8,REFERENCE_ONLY,V27_REFERENCE_UNLESS_ORIGINALITY_APPROVED,pending-review
v27_clean_runtime_reference,.venv/Lib/site-packages/pip/_internal/commands/wheel.py,.py,6414,789461affaa834dc5602491d24236240cec25dde04d7f632421b2a26704f1868,REFERENCE_ONLY,V27_REFERENCE_UNLESS_ORIGINALITY_APPROVED,pending-review
v27_clean_runtime_reference,.venv/Lib/site-packages/pip/_internal/configuration.py,.py,14005,f8a3a893a8e1de11735cc3d014f275fc416306902c81ef914ab790b8b1cb9b3a,REFERENCE_ONLY,V27_REFERENCE_UNLESS_ORIGINALITY_APPROVED,pending-review
v27_clean_runtime_reference,.venv/Lib/site-packages/pip/_internal/distributions/__init__.py,.py,858,1eaea4b7a8170608cd8ade614d358b03378234e2a807e374a46612a9e86b962f,REFERENCE_ONLY,V27_REFERENCE_UNLESS_ORIGINALITY_APPROVED,pending-review
v27_clean_runtime_reference,.venv/Lib/site-packages/pip/_internal/distributions/base.py,.py,1783,41e07daaf2970c88cb74f0431397cc8297c6a8c302afe828be7ba84271ae885f,REFERENCE_ONLY,V27_REFERENCE_UNLESS_ORIGINALITY_APPROVED,pending-review
v27_clean_runtime_reference,.venv/Lib/site-packages/pip/_internal/distributions/installed.py,.py,842,4229c715b58043ca04d296c3f0c1595a4c259df5354184dc700d6f9e1ae560e5,REFERENCE_ONLY,V27_REFERENCE_UNLESS_ORIGINALITY_APPROVED,pending-review
v27_clean_runtime_reference,.venv/Lib/site-packages/pip/_internal/distributions/sdist.py,.py,6751,3e570fe1aebe47a73df179ce33e6fa2e46f7aecbe1f621b8a24f2c85a6a7af3b,REFERENCE_ONLY,V27_REFERENCE_UNLESS_ORIGINALITY_APPROVED,pending-review
v27_clean_runtime_reference,.venv/Lib/site-packages/pip/_internal/distributions/wheel.py,.py,1317,4c70587e7bfb555b7c99884c614b47d774b513b143c2d0f20df994725f1a8b41,REFERENCE_ONLY,V27_REFERENCE_UNLESS_ORIGINALITY_APPROVED,pending-review
v27_clean_runtime_reference,.venv/Lib/site-packages/pip/_internal/exceptions.py,.py,26481,dbf6f221222fde44a723ff53f84b1fc6bb742e74d181c507cb1bb4b70b078d06,REFERENCE_ONLY,V27_REFERENCE_UNLESS_ORIGINALITY_APPROVED,pending-review
v27_clean_runtime_reference,.venv/Lib/site-packages/pip/_internal/index/__init__.py,.py,30,be9b7e25e4d979f87c6be142db665e0525c555bb817174868882e141925a3694,REFERENCE_ONLY,V27_REFERENCE_UNLESS_ORIGINALITY_APPROVED,pending-review
v27_clean_runtime_reference,.venv/Lib/site-packages/pip/_internal/index/collector.py,.py,16265,45d3ced092c0966c8158f0166073f24681a3cf718d01e4e78023646c67b2fe61,REFERENCE_ONLY,V27_REFERENCE_UNLESS_ORIGINALITY_APPROVED,pending-review
v27_clean_runtime_reference,.venv/Lib/site-packages/pip/_internal/index/package_finder.py,.py,38076,9891c0963947787b9c972bb1b63bc164ee83b68bca8ec66317fb4287fc2ec791,REFERENCE_ONLY,V27_REFERENCE_UNLESS_ORIGINALITY_APPROVED,pending-review
v27_clean_runtime_reference,.venv/Lib/site-packages/pip/_internal/index/sources.py,.py,8632,94f04b2b95e2cbc43a210322a36e9697ba1c7d938a9201a494804dc94276ddf2,REFERENCE_ONLY,V27_REFERENCE_UNLESS_ORIGINALITY_APPROVED,pending-review
v27_clean_runtime_reference,.venv/Lib/site-packages/pip/_internal/locations/__init__.py,.py,14925,51a031799fdff77172a2eb857f8a7b497605fb85acb57b84bdddcb6e63c2027a,REFERENCE_ONLY,V27_REFERENCE_UNLESS_ORIGINALITY_APPROVED,pending-review
v27_clean_runtime_reference,.venv/Lib/site-packages/pip/_internal/locations/_distutils.py,.py,6013,c7a9f254b8fb5f5d58e2484875ffa6165c4c97615669db5512079bf2ea5cfd62,REFERENCE_ONLY,V27_REFERENCE_UNLESS_ORIGINALITY_APPROVED,pending-review
v27_clean_runtime_reference,.venv/Lib/site-packages/pip/_internal/locations/_sysconfig.py,.py,7724,206cddb3ad2ab059de468802fa8781698edb121de53edfefe3b90c2428505ec5,REFERENCE_ONLY,V27_REFERENCE_UNLESS_ORIGINALITY_APPROVED,pending-review
v27_clean_runtime_reference,.venv/Lib/site-packages/pip/_internal/locations/base.py,.py,2556,45088f8b5778155336071934e1d4215d9d8faa47a58c42f67d967d498a8843bf,REFERENCE_ONLY,V27_REFERENCE_UNLESS_ORIGINALITY_APPROVED,pending-review
v27_clean_runtime_reference,.venv/Lib/site-packages/pip/_internal/main.py,.py,340,afe52751ef072e8e57149cfc8a74dc38e4e2bbfb313618076fa57094652594e2,REFERENCE_ONLY,V27_REFERENCE_UNLESS_ORIGINALITY_APPROVED,pending-review
v27_clean_runtime_reference,.venv/Lib/site-packages/pip/_internal/metadata/__init__.py,.py,4337,094f232b54d9b28ee338b76bd2c5fdc438eb72ce62cbc77b2112be86f6883b96,REFERENCE_ONLY,V27_REFERENCE_UNLESS_ORIGINALITY_APPROVED,pending-review
v27_clean_runtime_reference,.venv/Lib/site-packages/pip/_internal/metadata/_json.py,.py,2707,7b3ac861acc708834cd90524d5e03dc0400c8f769e19678356019a9605332a97,REFERENCE_ONLY,V27_REFERENCE_UNLESS_ORIGINALITY_APPROVED,pending-review
v27_clean_runtime_reference,.venv/Lib/site-packages/pip/_internal/metadata/base.py,.py,25298,7edd0ae57360238113a999d1bf6f82b6f81888c38c01e18c033c53f9fe952c90,REFERENCE_ONLY,V27_REFERENCE_UNLESS_ORIGINALITY_APPROVED,pending-review
v27_clean_runtime_reference,.venv/Lib/site-packages/pip/_internal/metadata/importlib/__init__.py,.py,135,8d4522768c671dc7c84c71da0161b51b68b97dd058925bffb89723a36c7b5581,REFERENCE_ONLY,V27_REFERENCE_UNLESS_ORIGINALITY_APPROVED,pending-review
v27_clean_runtime_reference,.venv/Lib/site-packages/pip/_internal/metadata/importlib/_compat.py,.py,2796,73a6aff2c3fc0418c066e152268c358967f28145cd337c514c29f99eac3a07d3,REFERENCE_ONLY,V27_REFERENCE_UNLESS_ORIGINALITY_APPROVED,pending-review
v27_clean_runtime_reference,.venv/Lib/site-packages/pip/_internal/metadata/importlib/_dists.py,.py,8279,7ed9988b27d41942239d5c2de96f888ec8a6cb9736f0a8265e5cb9439210d8fe,REFERENCE_ONLY,V27_REFERENCE_UNLESS_ORIGINALITY_APPROVED,pending-review
v27_clean_runtime_reference,.venv/Lib/site-packages/pip/_internal/metadata/importlib/_envs.py,.py,7431,51407df345d2ac35ab329435fc6e398b4afc1ea960fed83720f43ade612a6cd7,REFERENCE_ONLY,V27_REFERENCE_UNLESS_ORIGINALITY_APPROVED,pending-review
v27_clean_runtime_reference,.venv/Lib/site-packages/pip/_internal/metadata/pkg_resources.py,.py,10542,534ec44c020d4867924417d6506f77138b5965b696fdfecf1b312a64dd21ba57,REFERENCE_ONLY,V27_REFERENCE_UNLESS_ORIGINALITY_APPROVED,pending-review
v27_clean_runtime_reference,.venv/Lib/site-packages/pip/_internal/models/__init__.py,.py,63,dc31d477fab1a4fa337f3a2ea2a6bd83db6cd42cebe6a6877c5c5b9f1ae27a93,REFERENCE_ONLY,V27_REFERENCE_UNLESS_ORIGINALITY_APPROVED,pending-review
v27_clean_runtime_reference,.venv/Lib/site-packages/pip/_internal/models/candidate.py,.py,753,cf380546ec3f9163e32a91b0ecb0b4654303d8243611b7ab50862cf22ce37420,REFERENCE_ONLY,V27_REFERENCE_UNLESS_ORIGINALITY_APPROVED,pending-review
v27_clean_runtime_reference,.venv/Lib/site-packages/pip/_internal/models/direct_url.py,.py,6578,b81b58d871dddd33bd70a4095a1d1386f139151afe3164580a1454e081bd1d91,REFERENCE_ONLY,V27_REFERENCE_UNLESS_ORIGINALITY_APPROVED,pending-review
v27_clean_runtime_reference,.venv/Lib/site-packages/pip/_internal/models/format_control.py,.py,2486,c2db10a922bd1da522371404b81f82eb67958a6c3a1b8fd5405c55f7efca0c11,REFERENCE_ONLY,V27_REFERENCE_UNLESS_ORIGINALITY_APPROVED,pending-review
v27_clean_runtime_reference,.venv/Lib/site-packages/pip/_internal/models/index.py,.py,1030,b589cbf28c468b8692356babd261bc0c03fbac2eb2ba16bf33024ef31c3472b2,REFERENCE_ONLY,V27_REFERENCE_UNLESS_ORIGINALITY_APPROVED,pending-review
v27_clean_runtime_reference,.venv/Lib/site-packages/pip/_internal/models/installation_report.py,.py,2818,cd1559a1acfedafb2b7b38ff1f784b3a131908af5ced36f35a00be8ce6a50f4d,REFERENCE_ONLY,V27_REFERENCE_UNLESS_ORIGINALITY_APPROVED,pending-review
v27_clean_runtime_reference,.venv/Lib/site-packages/pip/_internal/models/link.py,.py,21448,190f21abbc7e14314fbf6e4d6e7daf78833e32506b1990c62ddeda65e1785eb8,REFERENCE_ONLY,V27_REFERENCE_UNLESS_ORIGINALITY_APPROVED,pending-review
v27_clean_runtime_reference,.venv/Lib/site-packages/pip/_internal/models/scheme.py,.py,575,3da9261c93377bc38e592645b5fcf5033edfd6678e3499e41ae431165b77c011,REFERENCE_ONLY,V27_REFERENCE_UNLESS_ORIGINALITY_APPROVED,pending-review
v27_clean_runtime_reference,.venv/Lib/site-packages/pip/_internal/models/search_scope.py,.py,4531,ebb3449ec618f38efce12f8c33b7a442ea3d2972c7fbb333167b578daa6f028d,REFERENCE_ONLY,V27_REFERENCE_UNLESS_ORIGINALITY_APPROVED,pending-review
v27_clean_runtime_reference,.venv/Lib/site-packages/pip/_internal/models/selection_prefs.py,.py,2015,a9a15f0ecddc8aaa173e0eb1c78e4dd633cba9c70b270e0dd2ce0fd0fc874d0f,REFERENCE_ONLY,V27_REFERENCE_UNLESS_ORIGINALITY_APPROVED,pending-review
v27_clean_runtime_reference,.venv/Lib/site-packages/pip/_internal/models/target_python.py,.py,4271,d97687dab679645f8ae707096c4306125ed2aab4d3a030cd92bb50daffefffe4,REFERENCE_ONLY,V27_REFERENCE_UNLESS_ORIGINALITY_APPROVED,pending-review
v27_clean_runtime_reference,.venv/Lib/site-packages/pip/_internal/models/wheel.py,.py,4539,1bb74d0ffb3879b3e410bed1275a8263442151458820ae809e35a04404c5e67a,REFERENCE_ONLY,V27_REFERENCE_UNLESS_ORIGINALITY_APPROVED,pending-review
v27_clean_runtime_reference,.venv/Lib/site-packages/pip/_internal/network/__init__.py,.py,50,8dfe93b799d5ffbce401106b2a88c85c8b607a3be87a054954a51b8406b92287,REFERENCE_ONLY,V27_REFERENCE_UNLESS_ORIGINALITY_APPROVED,pending-review
v27_clean_runtime_reference,.venv/Lib/site-packages/pip/_internal/network/auth.py,.py,20809,0f88004a352baa80c5952b7a810efaeca0008efe8f532254d29b839615cd5511,REFERENCE_ONLY,V27_REFERENCE_UNLESS_ORIGINALITY_APPROVED,pending-review
v27_clean_runtime_reference,.venv/Lib/site-packages/pip/_internal/network/cache.py,.py,4614,d3218c03711eb79f710522ed6cf01e9ef239ddd976f6850e7aa67673440bd92b,REFERENCE_ONLY,V27_REFERENCE_UNLESS_ORIGINALITY_APPROVED,pending-review
v27_clean_runtime_reference,.venv/Lib/site-packages/pip/_internal/network/download.py,.py,6048,14b38fdbd74f6040818808bb7848ef01b364cb368a36a6f28ce4f69bc1cf5bc5,REFERENCE_ONLY,V27_REFERENCE_UNLESS_ORIGINALITY_APPROVED,pending-review
v27_clean_runtime_reference,.venv/Lib/site-packages/pip/_internal/network/lazy_wheel.py,.py,7622,3c176832835040803ce058609dedfc8d6179d96e31fcab6c1e3c60bf876444a0,REFERENCE_ONLY,V27_REFERENCE_UNLESS_ORIGINALITY_APPROVED,pending-review
v27_clean_runtime_reference,.venv/Lib/site-packages/pip/_internal/network/session.py,.py,18771,9ac3387acd7a2e698d118364ad8ca0f1f4dcee00076ca165b5ac1f28fdbb2ce2,REFERENCE_ONLY,V27_REFERENCE_UNLESS_ORIGINALITY_APPROVED,pending-review
v27_clean_runtime_reference,.venv/Lib/site-packages/pip/_internal/network/utils.py,.py,4088,2276b17a5f8dc41bb83d05a48f212b7677dec2c1427201e987b773475f856e86,REFERENCE_ONLY,V27_REFERENCE_UNLESS_ORIGINALITY_APPROVED,pending-review
v27_clean_runtime_reference,.venv/Lib/site-packages/pip/_internal/network/xmlrpc.py,.py,1838,b00c7339a709f8dd4d5c63ef6a9f630b7cee6164a79efdc65ed811dbe13600f0,REFERENCE_ONLY,V27_REFERENCE_UNLESS_ORIGINALITY_APPROVED,pending-review
v27_clean_runtime_reference,.venv/Lib/site-packages/pip/_internal/operations/__init__.py,.py,0,e3b0c44298fc1c149afbf4c8996fb92427ae41e4649b934ca495991b7852b855,REFERENCE_ONLY,V27_REFERENCE_UNLESS_ORIGINALITY_APPROVED,pending-review
v27_clean_runtime_reference,.venv/Lib/site-packages/pip/_internal/operations/build/__init__.py,.py,0,e3b0c44298fc1c149afbf4c8996fb92427ae41e4649b934ca495991b7852b855,REFERENCE_ONLY,V27_REFERENCE_UNLESS_ORIGINALITY_APPROVED,pending-review
v27_clean_runtime_reference,.venv/Lib/site-packages/pip/_internal/operations/build/build_tracker.py,.py,4774,f80456fd37231c2397ec3d8d50e1a7b41e0581ce9be1aa25b179002ba0562fbc,REFERENCE_ONLY,V27_REFERENCE_UNLESS_ORIGINALITY_APPROVED,pending-review
v27_clean_runtime_reference,.venv/Lib/site-packages/pip/_internal/operations/build/metadata.py,.py,1422,f52d02503f14dd0a99797a7e672b7c1f1c14f74944e10ae760382ba990f30677,REFERENCE_ONLY,V27_REFERENCE_UNLESS_ORIGINALITY_APPROVED,pending-review
v27_clean_runtime_reference,.venv/Lib/site-packages/pip/_internal/operations/build/metadata_editable.py,.py,1510,c6503070ff6affcfdf9afff7237f70f4467b49057d867259afd56e4ecab663af,REFERENCE_ONLY,V27_REFERENCE_UNLESS_ORIGINALITY_APPROVED,pending-review
v27_clean_runtime_reference,.venv/Lib/site-packages/pip/_internal/operations/build/metadata_legacy.py,.py,2190,f22ea2d50657f66fe528f4ad105b0728cd0c4f86be083e34f093b0f7d75a2e6a,REFERENCE_ONLY,V27_REFERENCE_UNLESS_ORIGINALITY_APPROVED,pending-review
v27_clean_runtime_reference,.venv/Lib/site-packages/pip/_internal/operations/build/wheel.py,.py,1075,b13d761412c0c430bac32ac3a2b87c92f719d631b9a889c2456cf33fe5242624,REFERENCE_ONLY,V27_REFERENCE_UNLESS_ORIGINALITY_APPROVED,pending-review
v27_clean_runtime_reference,.venv/Lib/site-packages/pip/_internal/operations/build/wheel_editable.py,.py,1417,c8eb681face9024a0a60452dafc161ceb62790d1d0690063590d8761a7b53108,REFERENCE_ONLY,V27_REFERENCE_UNLESS_ORIGINALITY_APPROVED,pending-review
v27_clean_runtime_reference,.venv/Lib/site-packages/pip/_internal/operations/build/wheel_legacy.py,.py,3045,2beea43619a3fb5c43178e67cb5ca178c7ab174ba2e04a1008bcc4a0787afad7,REFERENCE_ONLY,V27_REFERENCE_UNLESS_ORIGINALITY_APPROVED,pending-review
v27_clean_runtime_reference,.venv/Lib/site-packages/pip/_internal/operations/check.py,.py,5912,2f6e2f44bf1559bcb2c1da1e02133cf5609df332d39e321b50b94a7a552021e7,REFERENCE_ONLY,V27_REFERENCE_UNLESS_ORIGINALITY_APPROVED,pending-review
v27_clean_runtime_reference,.venv/Lib/site-packages/pip/_internal/operations/freeze.py,.py,9843,d7f33bf630102a70b15abf8a082987b955ce54519a5091e6a162df173821ecae,REFERENCE_ONLY,V27_REFERENCE_UNLESS_ORIGINALITY_APPROVED,pending-review
v27_clean_runtime_reference,.venv/Lib/site-packages/pip/_internal/operations/install/__init__.py,.py,51,997ee1c83d863413b69851a8903437d2bfc65efed8fcf2ddb71714bf5e387beb,REFERENCE_ONLY,V27_REFERENCE_UNLESS_ORIGINALITY_APPROVED,pending-review
v27_clean_runtime_reference,.venv/Lib/site-packages/pip/_internal/operations/install/editable_legacy.py,.py,1283,3e812c3443c66c8676c90a613ec9984ca2ce08cb3882fe4e7027735b5db835c0,REFERENCE_ONLY,V27_REFERENCE_UNLESS_ORIGINALITY_APPROVED,pending-review
v27_clean_runtime_reference,.venv/Lib/site-packages/pip/_internal/operations/install/wheel.py,.py,27615,5f9233f72520e4b94ae55350f60da291ce9d711bbc10f8bf4948b98ae103460a,REFERENCE_ONLY,V27_REFERENCE_UNLESS_ORIGINALITY_APPROVED,pending-review
v27_clean_runtime_reference,.venv/Lib/site-packages/pip/_internal/operations/prepare.py,.py,28118,8e8589c0f92ea86b1c42054d2262caef57bd8516a9c0abd108cf07725cac9af5,REFERENCE_ONLY,V27_REFERENCE_UNLESS_ORIGINALITY_APPROVED,pending-review
v27_clean_runtime_reference,.venv/Lib/site-packages/pip/_internal/pyproject.py,.py,7286,18b27aad6452e7fda7a0a75a8e88682f20edcb9ed9ed05e17140188219939d67,REFERENCE_ONLY,V27_REFERENCE_UNLESS_ORIGINALITY_APPROVED,pending-review
v27_clean_runtime_reference,.venv/Lib/site-packages/pip/_internal/req/__init__.py,.py,2653,1f1045b59cbf05b09c94b82bdbac1a32da7361d3b94f7bf178fbe91805d2b79b,REFERENCE_ONLY,V27_REFERENCE_UNLESS_ORIGINALITY_APPROVED,pending-review
v27_clean_runtime_reference,.venv/Lib/site-packages/pip/_internal/req/constructors.py,.py,18430,bf5ab308dd66225770c7e9c2acf73c24ee25c649b716ff0ce515afb7c2c84a37,REFERENCE_ONLY,V27_REFERENCE_UNLESS_ORIGINALITY_APPROVED,pending-review
v27_clean_runtime_reference,.venv/Lib/site-packages/pip/_internal/req/req_file.py,.py,20234,7b2b3cd8c72068808e1a27365194478c3ef6d2988a24fc2679261d5e55b097ac,REFERENCE_ONLY,V27_REFERENCE_UNLESS_ORIGINALITY_APPROVED,pending-review
v27_clean_runtime_reference,.venv/Lib/site-packages/pip/_internal/req/req_install.py,.py,35786,04ca6dc47620dae1bf6feec714450b3dbde7bb0d053006ee79af334eadab13bc,REFERENCE_ONLY,V27_REFERENCE_UNLESS_ORIGINALITY_APPROVED,pending-review
v27_clean_runtime_reference,.venv/Lib/site-packages/pip/_internal/req/req_set.py,.py,2858,8f77ac1b4b3a4b3a1545e5fdad69f8ae960db72113fdfc316f024f4629af471a,REFERENCE_ONLY,V27_REFERENCE_UNLESS_ORIGINALITY_APPROVED,pending-review
v27_clean_runtime_reference,.venv/Lib/site-packages/pip/_internal/req/req_uninstall.py,.py,23853,ab30c8c49a3e3844d6a866a2b3bb523020dc59b013600053f9389dde2b72174b,REFERENCE_ONLY,V27_REFERENCE_UNLESS_ORIGINALITY_APPROVED,pending-review
v27_clean_runtime_reference,.venv/Lib/site-packages/pip/_internal/resolution/__init__.py,.py,0,e3b0c44298fc1c149afbf4c8996fb92427ae41e4649b934ca495991b7852b855,REFERENCE_ONLY,V27_REFERENCE_UNLESS_ORIGINALITY_APPROVED,pending-review
v27_clean_runtime_reference,.venv/Lib/site-packages/pip/_internal/resolution/base.py,.py,583,aa59a1df6e520557ef1ba31ef6073936c879b1dc07070cc706ae9a117b4ab0b0,REFERENCE_ONLY,V27_REFERENCE_UNLESS_ORIGINALITY_APPROVED,pending-review
v27_clean_runtime_reference,.venv/Lib/site-packages/pip/_internal/resolution/legacy/__init__.py,.py,0,e3b0c44298fc1c149afbf4c8996fb92427ae41e4649b934ca495991b7852b855,REFERENCE_ONLY,V27_REFERENCE_UNLESS_ORIGINALITY_APPROVED,pending-review
v27_clean_runtime_reference,.venv/Lib/site-packages/pip/_internal/resolution/legacy/resolver.py,.py,24068,dc766224145dd454cdea3429238a913bcf936cb61e21b5134ba3c5bd79d7b36c,REFERENCE_ONLY,V27_REFERENCE_UNLESS_ORIGINALITY_APPROVED,pending-review
v27_clean_runtime_reference,.venv/Lib/site-packages/pip/_internal/resolution/resolvelib/__init__.py,.py,0,e3b0c44298fc1c149afbf4c8996fb92427ae41e4649b934ca495991b7852b855,REFERENCE_ONLY,V27_REFERENCE_UNLESS_ORIGINALITY_APPROVED,pending-review
v27_clean_runtime_reference,.venv/Lib/site-packages/pip/_internal/resolution/resolvelib/base.py,.py,5023,0c27faebd16cab2418e6ea9779e3c31d06357b840efa9073587f0ed2cf7e2bde,REFERENCE_ONLY,V27_REFERENCE_UNLESS_ORIGINALITY_APPROVED,pending-review
v27_clean_runtime_reference,.venv/Lib/site-packages/pip/_internal/resolution/resolvelib/candidates.py,.py,20001,e54675ba93679aab0ffa798465a0d8c5a0600a87a3c3f7b65951a6980bc1c577,REFERENCE_ONLY,V27_REFERENCE_UNLESS_ORIGINALITY_APPROVED,pending-review
v27_clean_runtime_reference,.venv/Lib/site-packages/pip/_internal/resolution/resolvelib/factory.py,.py,32659,30938b499258f3fdbc3cf75cbada10ea08c9ff57810ede99d5e76d7d32724781,REFERENCE_ONLY,V27_REFERENCE_UNLESS_ORIGINALITY_APPROVED,pending-review
v27_clean_runtime_reference,.venv/Lib/site-packages/pip/_internal/resolution/resolvelib/found_candidates.py,.py,6383,f61ad3c90a85be5f48ed38e2efd1750311efdfd421d6b909ffb75e48748c7d07,REFERENCE_ONLY,V27_REFERENCE_UNLESS_ORIGINALITY_APPROVED,pending-review
v27_clean_runtime_reference,.venv/Lib/site-packages/pip/_internal/resolution/resolvelib/provider.py,.py,9935,6dcb059d8be59ad07cd1cc15756d5f23082897c64daf57f5547c914e4cf8ed23,REFERENCE_ONLY,V27_REFERENCE_UNLESS_ORIGINALITY_APPROVED,pending-review
v27_clean_runtime_reference,.venv/Lib/site-packages/pip/_internal/resolution/resolvelib/reporter.py,.py,3168,d3426da171244e5c34fab97fb25e7877bd5abf03ac247b7d1861dcae3e52cdad,REFERENCE_ONLY,V27_REFERENCE_UNLESS_ORIGINALITY_APPROVED,pending-review
v27_clean_runtime_reference,.venv/Lib/site-packages/pip/_internal/resolution/resolvelib/requirements.py,.py,8065,ec91b867bd9ee58938bd4d12e6e946bdba93cb814c406621639cd0857f734ed6,REFERENCE_ONLY,V27_REFERENCE_UNLESS_ORIGINALITY_APPROVED,pending-review
v27_clean_runtime_reference,.venv/Lib/site-packages/pip/_internal/resolution/resolvelib/resolver.py,.py,12592,9cb24eb15304562da0414549a1414a31901ebb67fb19132318cbcd496cb3d017,REFERENCE_ONLY,V27_REFERENCE_UNLESS_ORIGINALITY_APPROVED,pending-review
v27_clean_runtime_reference,.venv/Lib/site-packages/pip/_internal/self_outdated_check.py,.py,8318,d4f16db6dbcb01ec82551ded3e806adac3a53c3d0827e292a94e9b7351d493d7,REFERENCE_ONLY,V27_REFERENCE_UNLESS_ORIGINALITY_APPROVED,pending-review
v27_clean_runtime_reference,.venv/Lib/site-packages/pip/_internal/utils/__init__.py,.py,0,e3b0c44298fc1c149afbf4c8996fb92427ae41e4649b934ca495991b7852b855,REFERENCE_ONLY,V27_REFERENCE_UNLESS_ORIGINALITY_APPROVED,pending-review
v27_clean_runtime_reference,.venv/Lib/site-packages/pip/_internal/utils/_jaraco_text.py,.py,3350,335e6e50f221e4da4fd6d754181c516aeeaad59004b48f3e5f22c4113b1c15f1,REFERENCE_ONLY,V27_REFERENCE_UNLESS_ORIGINALITY_APPROVED,pending-review
v27_clean_runtime_reference,.venv/Lib/site-packages/pip/_internal/utils/_log.py,.py,1015,fa31cb384fd31da673e4115c0a7a122fd11802d2749d77a6e3db3da1fe23bcac,REFERENCE_ONLY,V27_REFERENCE_UNLESS_ORIGINALITY_APPROVED,pending-review
v27_clean_runtime_reference,.venv/Lib/site-packages/pip/_internal/utils/appdirs.py,.py,1665,b3081c4ca3a6ddd68b7974d6eafe41512d938b646f1271914181ffc835e4940a,REFERENCE_ONLY,V27_REFERENCE_UNLESS_ORIGINALITY_APPROVED,pending-review
v27_clean_runtime_reference,.venv/Lib/site-packages/pip/_internal/utils/compat.py,.py,2399,724905bde0626108d15a390db1a8edfe858f4b9eed26f13c5f1a02e0e2188026,REFERENCE_ONLY,V27_REFERENCE_UNLESS_ORIGINALITY_APPROVED,pending-review
v27_clean_runtime_reference,.venv/Lib/site-packages/pip/_internal/utils/compatibility_tags.py,.py,6272,396ab96b11e95be30410fced19dbe0003ae024f01c57d6bcf11c66e19f1506cf,REFERENCE_ONLY,V27_REFERENCE_UNLESS_ORIGINALITY_APPROVED,pending-review
v27_clean_runtime_reference,.venv/Lib/site-packages/pip/_internal/utils/datetime.py,.py,242,9b6d58df002d41cfa38ba55e6fa93f33983a034672148e1e81c853767c21fa94,REFERENCE_ONLY,V27_REFERENCE_UNLESS_ORIGINALITY_APPROVED,pending-review
v27_clean_runtime_reference,.venv/Lib/site-packages/pip/_internal/utils/deprecation.py,.py,3707,93b420fd404069a4ddcaaf3661501103a0fb4667064d71afedf9df7208a08f84,REFERENCE_ONLY,V27_REFERENCE_UNLESS_ORIGINALITY_APPROVED,pending-review
v27_clean_runtime_reference,.venv/Lib/site-packages/pip/_internal/utils/direct_url_helpers.py,.py,3196,af6311b64543002bfd006a983830540bd0a3c20b6c514d6cebc86681f08932d0,REFERENCE_ONLY,V27_REFERENCE_UNLESS_ORIGINALITY_APPROVED,pending-review
v27_clean_runtime_reference,.venv/Lib/site-packages/pip/_internal/utils/egg_link.py,.py,2463,d0578f6685182afe11190dadeb1ef0e59e36ef06c0fd4a375999c092b82cbaaa,REFERENCE_ONLY,V27_REFERENCE_UNLESS_ORIGINALITY_APPROVED,pending-review
v27_clean_runtime_reference,.venv/Lib/site-packages/pip/_internal/utils/entrypoints.py,.py,3064,62584b4d1976a07040baa85cfb398bed4492ebb4cf5951c89a3780407ade6534,REFERENCE_ONLY,V27_REFERENCE_UNLESS_ORIGINALITY_APPROVED,pending-review
v27_clean_runtime_reference,.venv/Lib/site-packages/pip/_internal/utils/filesystem.py,.py,4950,6a3bc0faae28725896f643e9f18aae87ee2fb2c5dbbbe50a6e8e4557d5785fae,REFERENCE_ONLY,V27_REFERENCE_UNLESS_ORIGINALITY_APPROVED,pending-review
v27_clean_runtime_reference,.venv/Lib/site-packages/pip/_internal/utils/filetypes.py,.py,716,8bc5c04347850a8836e85c3dc95d186f5ca002a298075c3d0b3f67d1f8fc8195,REFERENCE_ONLY,V27_REFERENCE_UNLESS_ORIGINALITY_APPROVED,pending-review
v27_clean_runtime_reference,.venv/Lib/site-packages/pip/_internal/utils/glibc.py,.py,3734,bd4916abfd6926ecdc60d70628b9509800685228ac2bc9e8618d7273c5aae30e,REFERENCE_ONLY,V27_REFERENCE_UNLESS_ORIGINALITY_APPROVED,pending-review
v27_clean_runtime_reference,.venv/Lib/site-packages/pip/_internal/utils/hashes.py,.py,4972,5c618b2f4006f3e4615a7cb3f3bc45e8c159fbe04a69d1d4df90f8ede02908a2,REFERENCE_ONLY,V27_REFERENCE_UNLESS_ORIGINALITY_APPROVED,pending-review
v27_clean_runtime_reference,.venv/Lib/site-packages/pip/_internal/utils/logging.py,.py,11845,38d7dbae1683db8f1a924a2c2bbf627fdee7db4100071c233b1a79744e510916,REFERENCE_ONLY,V27_REFERENCE_UNLESS_ORIGINALITY_APPROVED,pending-review
v27_clean_runtime_reference,.venv/Lib/site-packages/pip/_internal/utils/misc.py,.py,23450,0d69d8c41508b63469ee1871120e2287a3fa6292abca433ce9d6e2fc4714f124,REFERENCE_ONLY,V27_REFERENCE_UNLESS_ORIGINALITY_APPROVED,pending-review
v27_clean_runtime_reference,.venv/Lib/site-packages/pip/_internal/utils/packaging.py,.py,2142,726f97ff41d51d5fe3470515661e80b845aa4a2b737fc129689ed4bf6506bba0,REFERENCE_ONLY,V27_REFERENCE_UNLESS_ORIGINALITY_APPROVED,pending-review
v27_clean_runtime_reference,.venv/Lib/site-packages/pip/_internal/utils/retry.py,.py,1392,9a115bca45e38539d97e0cdebb2faf97d73c9c40a7627fc232dc0d257dad6334,REFERENCE_ONLY,V27_REFERENCE_UNLESS_ORIGINALITY_APPROVED,pending-review
v27_clean_runtime_reference,.venv/Lib/site-packages/pip/_internal/utils/setuptools_build.py,.py,4435,a2e5e9b9dfa3792f313f24cfb1727e9b7e0d3ef2b9a2ce39a2d03375257f2091,REFERENCE_ONLY,V27_REFERENCE_UNLESS_ORIGINALITY_APPROVED,pending-review
v27_clean_runtime_reference,.venv/Lib/site-packages/pip/_internal/utils/subprocess.py,.py,8988,12cbea49189230717df13f13c66bba34b53753ef8ca534d08ed36028fd0ffbe3,REFERENCE_ONLY,V27_REFERENCE_UNLESS_ORIGINALITY_APPROVED,pending-review
v27_clean_runtime_reference,.venv/Lib/site-packages/pip/_internal/utils/temp_dir.py,.py,9310,e6a3977bc33825e63abda15033cebb779ce4a756d2c0c67e293e63ca698fd198,REFERENCE_ONLY,V27_REFERENCE_UNLESS_ORIGINALITY_APPROVED,pending-review
v27_clean_runtime_reference,.venv/Lib/site-packages/pip/_internal/utils/unpacking.py,.py,11967,fe055dcb34d10cc624b699d89639f83a8c6b653b4c09fe319274a6e2b2b459a0,REFERENCE_ONLY,V27_REFERENCE_UNLESS_ORIGINALITY_APPROVED,pending-review
v27_clean_runtime_reference,.venv/Lib/site-packages/pip/_internal/utils/urls.py,.py,1599,a9c7923996f995b343ac736cbfbfd2e0be18b6cce36b93703ca50c9d91db6273,REFERENCE_ONLY,V27_REFERENCE_UNLESS_ORIGINALITY_APPROVED,pending-review
v27_clean_runtime_reference,.venv/Lib/site-packages/pip/_internal/utils/virtualenv.py,.py,3456,4ba7fb72c628ad1a620fa72f9f78c849961cdc8f0f242e371f988c1694401035,REFERENCE_ONLY,V27_REFERENCE_UNLESS_ORIGINALITY_APPROVED,pending-review
v27_clean_runtime_reference,.venv/Lib/site-packages/pip/_internal/utils/wheel.py,.py,4494,6f8e368e4c9d1478d7cc3cba70c47b329cd6049d50f36851e45df77267075778,REFERENCE_ONLY,V27_REFERENCE_UNLESS_ORIGINALITY_APPROVED,pending-review
v27_clean_runtime_reference,.venv/Lib/site-packages/pip/_internal/vcs/__init__.py,.py,596,500aafce96e2d156d9a3751beac904799030fa8a08651fb35ff5a909bc720a85,REFERENCE_ONLY,V27_REFERENCE_UNLESS_ORIGINALITY_APPROVED,pending-review
v27_clean_runtime_reference,.venv/Lib/site-packages/pip/_internal/vcs/bazaar.py,.py,3528,10a4ad71068aa4dbb434ae29e50d7439ce316f70d4c45c34db85eb272e346c54,REFERENCE_ONLY,V27_REFERENCE_UNLESS_ORIGINALITY_APPROVED,pending-review
v27_clean_runtime_reference,.venv/Lib/site-packages/pip/_internal/vcs/git.py,.py,18177,deda5cf4b400fc9e08556e6be4dbd669a49e0f372624ead215937427cbc829f5,REFERENCE_ONLY,V27_REFERENCE_UNLESS_ORIGINALITY_APPROVED,pending-review
v27_clean_runtime_reference,.venv/Lib/site-packages/pip/_internal/vcs/mercurial.py,.py,5249,a142ce8732765227bed3a775a2690bfbf19cea6786694932a20bea1bd642c8fb,REFERENCE_ONLY,V27_REFERENCE_UNLESS_ORIGINALITY_APPROVED,pending-review
v27_clean_runtime_reference,.venv/Lib/site-packages/pip/_internal/vcs/subversion.py,.py,11735,75d4ee80706a1f357779b2a55394171cf378814aa5c976cec7cabc3605cabecf,REFERENCE_ONLY,V27_REFERENCE_UNLESS_ORIGINALITY_APPROVED,pending-review
v27_clean_runtime_reference,.venv/Lib/site-packages/pip/_internal/vcs/versioncontrol.py,.py,22440,72f7fffa19d302340b5c9dddd7b14c36141f70ed4070a594175d2d7eb6323fe7,REFERENCE_ONLY,V27_REFERENCE_UNLESS_ORIGINALITY_APPROVED,pending-review
v27_clean_runtime_reference,.venv/Lib/site-packages/pip/_internal/wheel_builder.py,.py,11799,0cbdc0f0b29e463fc00a9d75592e704a001280f16a7b201e5c929d5df99a5975,REFERENCE_ONLY,V27_REFERENCE_UNLESS_ORIGINALITY_APPROVED,pending-review
v27_clean_runtime_reference,.venv/Lib/site-packages/pip/_vendor/__init__.py,.py,4873,258b805ef0a58489f122b036153a79a7ebae5952fb595ebebc4a53b38ebe421e,REFERENCE_ONLY,V27_REFERENCE_UNLESS_ORIGINALITY_APPROVED,pending-review
v27_clean_runtime_reference,.venv/Lib/site-packages/pip/_vendor/cachecontrol/__init__.py,.py,677,2cc0b90817bde1944be71865cf0c8f0e61d7bc10f4a7b953e11dd9ef70fa6bf2,REFERENCE_ONLY,V27_REFERENCE_UNLESS_ORIGINALITY_APPROVED,pending-review
v27_clean_runtime_reference,.venv/Lib/site-packages/pip/_vendor/cachecontrol/_cmd.py,.py,1737,8a2b2dd84a7326f0d5221300c57abc8859d306c89901dea2a65c5f98d6e83729,REFERENCE_ONLY,V27_REFERENCE_UNLESS_ORIGINALITY_APPROVED,pending-review
v27_clean_runtime_reference,.venv/Lib/site-packages/pip/_vendor/cachecontrol/adapter.py,.py,6348,7de6e36382d5f3b8a20882b78dc97c887e7c89a480edbf56928bec0722032b46,REFERENCE_ONLY,V27_REFERENCE_UNLESS_ORIGINALITY_APPROVED,pending-review
v27_clean_runtime_reference,.venv/Lib/site-packages/pip/_vendor/cachecontrol/cache.py,.py,1953,397c2fec59f60309ca3626a12479e3b6f68a2e776f54bbfffb33be96d955f6a2,REFERENCE_ONLY,V27_REFERENCE_UNLESS_ORIGINALITY_APPROVED,pending-review
v27_clean_runtime_reference,.venv/Lib/site-packages/pip/_vendor/cachecontrol/caches/__init__.py,.py,303,76daebae82b90670034751968c2675f5a674b45b0c7ef141b4b410535b29fda8,REFERENCE_ONLY,V27_REFERENCE_UNLESS_ORIGINALITY_APPROVED,pending-review
v27_clean_runtime_reference,.venv/Lib/site-packages/pip/_vendor/cachecontrol/caches/file_cache.py,.py,5399,6fba0c82c452a8f984b289d5270eae144614945803e8617c4f269c3861b5c773,REFERENCE_ONLY,V27_REFERENCE_UNLESS_ORIGINALITY_APPROVED,pending-review
v27_clean_runtime_reference,.venv/Lib/site-packages/pip/_vendor/cachecontrol/caches/redis_cache.py,.py,1386,f6b9aac2d62efe58d5916ebfa0ba9b0bb11a5ff6bc613ff22ee9daf9e4b4760a,REFERENCE_ONLY,V27_REFERENCE_UNLESS_ORIGINALITY_APPROVED,pending-review
v27_clean_runtime_reference,.venv/Lib/site-packages/pip/_vendor/cachecontrol/controller.py,.py,18576,8256cf8f6899946a9d060f33d3d0f60ed40ece83865e75afcbb2b62c4c81b044,REFERENCE_ONLY,V27_REFERENCE_UNLESS_ORIGINALITY_APPROVED,pending-review
v27_clean_runtime_reference,.venv/Lib/site-packages/pip/_vendor/cachecontrol/filewrapper.py,.py,4291,da4b5734f1342aa9f2cc5db868eb0a080e7c1d0ab5c5e0ba97683aff3c238217,REFERENCE_ONLY,V27_REFERENCE_UNLESS_ORIGINALITY_APPROVED,pending-review
v27_clean_runtime_reference,.venv/Lib/site-packages/pip/_vendor/cachecontrol/heuristics.py,.py,4881,82a31753cc34810b8442249dbb7620fb4bddf645bb9eb58a6cb71aef9ae17861,REFERENCE_ONLY,V27_REFERENCE_UNLESS_ORIGINALITY_APPROVED,pending-review
v27_clean_runtime_reference,.venv/Lib/site-packages/pip/_vendor/cachecontrol/serialize.py,.py,5163,1d0776225950d391f33e454b3174c5dae5f99a31108c3064c42a94254383a599,REFERENCE_ONLY,V27_REFERENCE_UNLESS_ORIGINALITY_APPROVED,pending-review
v27_clean_runtime_reference,.venv/Lib/site-packages/pip/_vendor/cachecontrol/wrapper.py,.py,1417,86c19cee0f101904d3fb87fcb60cf700ce6ac12720e853b405274b491744be95,REFERENCE_ONLY,V27_REFERENCE_UNLESS_ORIGINALITY_APPROVED,pending-review
v27_clean_runtime_reference,.venv/Lib/site-packages/pip/_vendor/certifi/__init__.py,.py,94,a7f19866b8d4c0f0548692e5099a066f49a2281292a83032642e43bc8baa6c74,REFERENCE_ONLY,V27_REFERENCE_UNLESS_ORIGINALITY_APPROVED,pending-review
v27_clean_runtime_reference,.venv/Lib/site-packages/pip/_vendor/certifi/__main__.py,.py,255,d64dc2afde6f0b1c464460e58eb5b7c0c76965d2f73617f4bb59fe936a9db026,REFERENCE_ONLY,V27_REFERENCE_UNLESS_ORIGINALITY_APPROVED,pending-review
v27_clean_runtime_reference,.venv/Lib/site-packages/pip/_vendor/certifi/core.py,.py,4486,d92453e6b21c4028450db7b7ec141afa450bc40809f2a37a9758dfa93a781c8b,REFERENCE_ONLY,V27_REFERENCE_UNLESS_ORIGINALITY_APPROVED,pending-review
v27_clean_runtime_reference,.venv/Lib/site-packages/pip/_vendor/distlib/__init__.py,.py,625,75cc2060660642a0046b00573c3b48c7cd033bfddc3a616ff074dcf093339274,REFERENCE_ONLY,V27_REFERENCE_UNLESS_ORIGINALITY_APPROVED,pending-review
v27_clean_runtime_reference,.venv/Lib/site-packages/pip/_vendor/distlib/compat.py,.py,41467,da34528d1238a3ebe55de4cad8108621486473a7bd646852b1a711339a2c793c,REFERENCE_ONLY,V27_REFERENCE_UNLESS_ORIGINALITY_APPROVED,pending-review
v27_clean_runtime_reference,.venv/Lib/site-packages/pip/_vendor/distlib/database.py,.py,51160,987cbf2f189722c21545bf93d3e89d06b54bc3715f8a3e6d7870a96e3989f585,REFERENCE_ONLY,V27_REFERENCE_UNLESS_ORIGINALITY_APPROVED,pending-review
v27_clean_runtime_reference,.venv/Lib/site-packages/pip/_vendor/distlib/index.py,.py,20797,9536f0dbaf2b4618fc770d6c89bdd567fd048521a0a093b714a27348530e69e0,REFERENCE_ONLY,V27_REFERENCE_UNLESS_ORIGINALITY_APPROVED,pending-review
v27_clean_runtime_reference,.venv/Lib/site-packages/pip/_vendor/distlib/locators.py,.py,51026,a0178066916e3d0498d3d3203672df4061805d7bd53bde8116967228cb8ae2d3,REFERENCE_ONLY,V27_REFERENCE_UNLESS_ORIGINALITY_APPROVED,pending-review
v27_clean_runtime_reference,.venv/Lib/site-packages/pip/_vendor/distlib/manifest.py,.py,14168,dea7e6026570c51a94d68db70257d7ad0199ce1ea0fc61b34c03ff1dbf42e734,REFERENCE_ONLY,V27_REFERENCE_UNLESS_ORIGINALITY_APPROVED,pending-review
v27_clean_runtime_reference,.venv/Lib/site-packages/pip/_vendor/distlib/markers.py,.py,5164,5fab03be41467184bc8145bc85fb16b8a10a02a85064027b89738c2f14588d89,REFERENCE_ONLY,V27_REFERENCE_UNLESS_ORIGINALITY_APPROVED,pending-review
v27_clean_runtime_reference,.venv/Lib/site-packages/pip/_vendor/distlib/metadata.py,.py,38724,ce2977b20d8451f2d75628258d8d9dff4dc826df894acee75feef77c408c5f6b,REFERENCE_ONLY,V27_REFERENCE_UNLESS_ORIGINALITY_APPROVED,pending-review
v27_clean_runtime_reference,.venv/Lib/site-packages/pip/_vendor/distlib/resources.py,.py,10820,2f06cf92c73403524c6e2e979ee3dd301527f375fb04fb85356a8f184288ebdf,REFERENCE_ONLY,V27_REFERENCE_UNLESS_ORIGINALITY_APPROVED,pending-review
v27_clean_runtime_reference,.venv/Lib/site-packages/pip/_vendor/distlib/scripts.py,.py,18608,04996268301969507b580930a24802dc75f02c3da25a21da548e741fb0ba786f,REFERENCE_ONLY,V27_REFERENCE_UNLESS_ORIGINALITY_APPROVED,pending-review
v27_clean_runtime_reference,.venv/Lib/site-packages/pip/_vendor/distlib/util.py,.py,66682,bcc3c6bec4b88fd845e98f64dd3ca89b569a1cb6f4ac5999004cb378075e97dc,REFERENCE_ONLY,V27_REFERENCE_UNLESS_ORIGINALITY_APPROVED,pending-review
v27_clean_runtime_reference,.venv/Lib/site-packages/pip/_vendor/distlib/version.py,.py,23727,b39548b3cc019f47f1cc6c5633f680d99672c79db91dc65b32f713953c99dd18,REFERENCE_ONLY,V27_REFERENCE_UNLESS_ORIGINALITY_APPROVED,pending-review
v27_clean_runtime_reference,.venv/Lib/site-packages/pip/_vendor/distlib/wheel.py,.py,43979,0c521582e1101c27719d27403b475f16c80c72f5598ad83b6c23ae2f067b03fb,REFERENCE_ONLY,V27_REFERENCE_UNLESS_ORIGINALITY_APPROVED,pending-review
v27_clean_runtime_reference,.venv/Lib/site-packages/pip/_vendor/distro/__init__.py,.py,981,d9f1e317e49f80fbe3c8d67588787fc23a96751fd8a393831f0642d232c13e17,REFERENCE_ONLY,V27_REFERENCE_UNLESS_ORIGINALITY_APPROVED,pending-review
v27_clean_runtime_reference,.venv/Lib/site-packages/pip/_vendor/distro/__main__.py,.py,64,6eef5ddd389fa0a72264572a441bb2815dc64ae4e19d50ff9b620ae1ccfde95b,REFERENCE_ONLY,V27_REFERENCE_UNLESS_ORIGINALITY_APPROVED,pending-review
v27_clean_runtime_reference,.venv/Lib/site-packages/pip/_vendor/distro/distro.py,.py,49430,5ea6de7da7008434f8cebfedae76c0d79798f2f74ae064e08609af506ac433fe,REFERENCE_ONLY,V27_REFERENCE_UNLESS_ORIGINALITY_APPROVED,pending-review
v27_clean_runtime_reference,.venv/Lib/site-packages/pip/_vendor/idna/__init__.py,.py,868,30fa8d0cb65b5ea19a35d5f1005862a853ca1105e3bb68cd42109ecbafb97893,REFERENCE_ONLY,V27_REFERENCE_UNLESS_ORIGINALITY_APPROVED,pending-review
v27_clean_runtime_reference,.venv/Lib/site-packages/pip/_vendor/idna/codec.py,.py,3422,3c47b0dc8b70ce35b887299b6ac9edcb6376397bcd7201c1f898eb06ec473d86,REFERENCE_ONLY,V27_REFERENCE_UNLESS_ORIGINALITY_APPROVED,pending-review
v27_clean_runtime_reference,.venv/Lib/site-packages/pip/_vendor/idna/compat.py,.py,316,4732f2e90402765f7bf3868585bd845fd10a1822638343f73e294675e5d7731f,REFERENCE_ONLY,V27_REFERENCE_UNLESS_ORIGINALITY_APPROVED,pending-review
v27_clean_runtime_reference,.venv/Lib/site-packages/pip/_vendor/idna/core.py,.py,13239,60963200c9f089010f8d50b8f85aaefe9e0227ac8a2ae0c69a9a41350350a45b,REFERENCE_ONLY,V27_REFERENCE_UNLESS_ORIGINALITY_APPROVED,pending-review
v27_clean_runtime_reference,.venv/Lib/site-packages/pip/_vendor/idna/idnadata.py,.py,78306,5b7d067081afb4e598c008d98f8663ba8b94bad0ba7df80dbb28c9cbb7d9fa5a,REFERENCE_ONLY,V27_REFERENCE_UNLESS_ORIGINALITY_APPROVED,pending-review
v27_clean_runtime_reference,.venv/Lib/site-packages/pip/_vendor/idna/intranges.py,.py,1898,6a652d91d8587101bc66bf82a0c33f91545a731922bc2d568313756fadca29d5,REFERENCE_ONLY,V27_REFERENCE_UNLESS_ORIGINALITY_APPROVED,pending-review
v27_clean_runtime_reference,.venv/Lib/site-packages/pip/_vendor/idna/package_data.py,.py,21,ab9f52dce5ec739548f23eaf483d2c18133293acd9e2f58544413cf3208960ab,REFERENCE_ONLY,V27_REFERENCE_UNLESS_ORIGINALITY_APPROVED,pending-review
v27_clean_runtime_reference,.venv/Lib/site-packages/pip/_vendor/idna/uts46data.py,.py,239289,aedf742bd278d20512c29a433c2ae18e08b9000ea958ceb974419149feab2213,REFERENCE_ONLY,V27_REFERENCE_UNLESS_ORIGINALITY_APPROVED,pending-review
v27_clean_runtime_reference,.venv/Lib/site-packages/pip/_vendor/msgpack/__init__.py,.py,1109,ade45a88eb44cd28cf9ebed3a718e022f6df967e6957ae8586b89c02cd9e0be8,REFERENCE_ONLY,V27_REFERENCE_UNLESS_ORIGINALITY_APPROVED,pending-review
v27_clean_runtime_reference,.venv/Lib/site-packages/pip/_vendor/msgpack/exceptions.py,.py,1081,7424d67a2f1da64accb100dc8d093be004e5f47b08047d326edf3338f36a3187,REFERENCE_ONLY,V27_REFERENCE_UNLESS_ORIGINALITY_APPROVED,pending-review
v27_clean_runtime_reference,.venv/Lib/site-packages/pip/_vendor/msgpack/ext.py,.py,5726,92d789bf4de7f6d633779a28df1628a554e8e2f45a031a27050409857a21659a,REFERENCE_ONLY,V27_REFERENCE_UNLESS_ORIGINALITY_APPROVED,pending-review
v27_clean_runtime_reference,.venv/Lib/site-packages/pip/_vendor/msgpack/fallback.py,.py,32390,d20d4fce9d2fb66044989e70f45decffe24c55444ff114b81b571ce5345a02c2,REFERENCE_ONLY,V27_REFERENCE_UNLESS_ORIGINALITY_APPROVED,pending-review
v27_clean_runtime_reference,.venv/Lib/site-packages/pip/_vendor/packaging/__init__.py,.py,494,764e136bfbe67552716070dc7f286f40dc3c5773e0481a2628d5ea83e0f62436,REFERENCE_ONLY,V27_REFERENCE_UNLESS_ORIGINALITY_APPROVED,pending-review
v27_clean_runtime_reference,.venv/Lib/site-packages/pip/_vendor/packaging/_elffile.py,.py,3306,71f940400904db9b738589aafda0a2ef641f6d3fed9fcf75b4fcdfa5b7873b01,REFERENCE_ONLY,V27_REFERENCE_UNLESS_ORIGINALITY_APPROVED,pending-review
v27_clean_runtime_reference,.venv/Lib/site-packages/pip/_vendor/packaging/_manylinux.py,.py,9612,be5e4e0a8cf8931f341f9af05ca7975a397d58d2121a6af86604e94cff6553d7,REFERENCE_ONLY,V27_REFERENCE_UNLESS_ORIGINALITY_APPROVED,pending-review
v27_clean_runtime_reference,.venv/Lib/site-packages/pip/_vendor/packaging/_musllinux.py,.py,2694,a7d66a35888e22d19e7bc29c64578717f61c76157018774aeabfbc9608b1bc64,REFERENCE_ONLY,V27_REFERENCE_UNLESS_ORIGINALITY_APPROVED,pending-review
v27_clean_runtime_reference,.venv/Lib/site-packages/pip/_vendor/packaging/_parser.py,.py,10236,b3f4ef4ef0cd2b436b336401dd529385d58533835cd0fe899e439b925dcc8e93,REFERENCE_ONLY,V27_REFERENCE_UNLESS_ORIGINALITY_APPROVED,pending-review
v27_clean_runtime_reference,.venv/Lib/site-packages/pip/_vendor/packaging/_structures.py,.py,1431,ab77953666d62461bf4b40e2b7f4b7028f2a42acffe4f6135c500a0597b9cabe,REFERENCE_ONLY,V27_REFERENCE_UNLESS_ORIGINALITY_APPROVED,pending-review
v27_clean_runtime_reference,.venv/Lib/site-packages/pip/_vendor/packaging/_tokenizer.py,.py,5273,27abf91fb273bdbfa0f35c69ff640008ac0eecbc47400ea292bc8c53bcd7c0df,REFERENCE_ONLY,V27_REFERENCE_UNLESS_ORIGINALITY_APPROVED,pending-review
v27_clean_runtime_reference,.venv/Lib/site-packages/pip/_vendor/packaging/licenses/__init__.py,.py,5727,035d7af85538f7f0f3e35eb6338cb5b8089937846075cf3717135df048e57ea2,REFERENCE_ONLY,V27_REFERENCE_UNLESS_ORIGINALITY_APPROVED,pending-review
v27_clean_runtime_reference,.venv/Lib/site-packages/pip/_vendor/packaging/licenses/_spdx.py,.py,48398,a009b5ced3c5c25b2608a7bb94002cbff38839f4b57160eef5b34191ebbeda7b,REFERENCE_ONLY,V27_REFERENCE_UNLESS_ORIGINALITY_APPROVED,pending-review
v27_clean_runtime_reference,.venv/Lib/site-packages/pip/_vendor/packaging/markers.py,.py,10561,73cf5337307b65d198864a2f9ba3d89aa1b21f15e561568b5b9f753c750d283f,REFERENCE_ONLY,V27_REFERENCE_UNLESS_ORIGINALITY_APPROVED,pending-review
v27_clean_runtime_reference,.venv/Lib/site-packages/pip/_vendor/packaging/metadata.py,.py,34762,60989b33b1987b8adef3ed1adce9579864be5c38131283b8b6506ddaadb90678,REFERENCE_ONLY,V27_REFERENCE_UNLESS_ORIGINALITY_APPROVED,pending-review
v27_clean_runtime_reference,.venv/Lib/site-packages/pip/_vendor/packaging/requirements.py,.py,2947,818c9148075bac8c8a0d8ebaba02035108d132fc641f600b8a84e65f7b672faa,REFERENCE_ONLY,V27_REFERENCE_UNLESS_ORIGINALITY_APPROVED,pending-review
v27_clean_runtime_reference,.venv/Lib/site-packages/pip/_vendor/packaging/specifiers.py,.py,40098,84653a92e09defb6cbfa6b082fac8b0a9e8c353ef94523142990ee8eedba73c5,REFERENCE_ONLY,V27_REFERENCE_UNLESS_ORIGINALITY_APPROVED,pending-review
v27_clean_runtime_reference,.venv/Lib/site-packages/pip/_vendor/packaging/tags.py,.py,21014,085aab2730337365cd19ec5eac7fff4fe639230abb59bb185ec88b1112d6c58d,REFERENCE_ONLY,V27_REFERENCE_UNLESS_ORIGINALITY_APPROVED,pending-review
v27_clean_runtime_reference,.venv/Lib/site-packages/pip/_vendor/packaging/utils.py,.py,5050,d05dc787d385b9182b8538066549792b6d85bf560fdad665d73ff680eea42620,REFERENCE_ONLY,V27_REFERENCE_UNLESS_ORIGINALITY_APPROVED,pending-review
v27_clean_runtime_reference,.venv/Lib/site-packages/pip/_vendor/packaging/version.py,.py,16688,a221eacd352ffe9d768698e0b0b0d571a179853ee90da48e56250d303e064d6d,REFERENCE_ONLY,V27_REFERENCE_UNLESS_ORIGINALITY_APPROVED,pending-review
v27_clean_runtime_reference,.venv/Lib/site-packages/pip/_vendor/pkg_resources/__init__.py,.py,124463,8eb84345b3ae6cfef842e3d7c5ded4ecfa38d8f1f697e2d9d977dc3bb965a59e,REFERENCE_ONLY,V27_REFERENCE_UNLESS_ORIGINALITY_APPROVED,pending-review
v27_clean_runtime_reference,.venv/Lib/site-packages/pip/_vendor/platformdirs/__init__.py,.py,22344,26e791d9c44b93163b8b08a4faa356242c0a3ab025060560719fc81d0cea18b1,REFERENCE_ONLY,V27_REFERENCE_UNLESS_ORIGINALITY_APPROVED,pending-review
v27_clean_runtime_reference,.venv/Lib/site-packages/pip/_vendor/platformdirs/__main__.py,.py,1505,8c127ccdbecca71e5e6dca85f37c6ba4ef7831a782a4d18755ff5cbc337624b8,REFERENCE_ONLY,V27_REFERENCE_UNLESS_ORIGINALITY_APPROVED,pending-review
v27_clean_runtime_reference,.venv/Lib/site-packages/pip/_vendor/platformdirs/android.py,.py,9007,915e682f75770d9e9664abbdc85890ba9bf5f32a7f8e5495d82847d5398f71db,REFERENCE_ONLY,V27_REFERENCE_UNLESS_ORIGINALITY_APPROVED,pending-review
v27_clean_runtime_reference,.venv/Lib/site-packages/pip/_vendor/platformdirs/api.py,.py,9246,d9d7d40cd6c45de0e10ca6abaad479358ee852291467845986cde8cecb668414,REFERENCE_ONLY,V27_REFERENCE_UNLESS_ORIGINALITY_APPROVED,pending-review
v27_clean_runtime_reference,.venv/Lib/site-packages/pip/_vendor/platformdirs/macos.py,.py,6154,5256f2159f11ceedf19dd0aa4041eb7ec613787c187456a9d48a33fb2c6f793e,REFERENCE_ONLY,V27_REFERENCE_UNLESS_ORIGINALITY_APPROVED,pending-review
v27_clean_runtime_reference,.venv/Lib/site-packages/pip/_vendor/platformdirs/unix.py,.py,10393,b913c9591c9012dbfbc8e4af53de2b526b1b968e572832c0d52cc5839e646cad,REFERENCE_ONLY,V27_REFERENCE_UNLESS_ORIGINALITY_APPROVED,pending-review
v27_clean_runtime_reference,.venv/Lib/site-packages/pip/_vendor/platformdirs/version.py,.py,411,a07e0a8137cae009256d3615715ff2ca7bc9f492c8de9caf0d56b2d2146c2c2b,REFERENCE_ONLY,V27_REFERENCE_UNLESS_ORIGINALITY_APPROVED,pending-review
v27_clean_runtime_reference,.venv/Lib/site-packages/pip/_vendor/platformdirs/windows.py,.py,10125,205a62a21501c313ed0b39722b036dc725b8264f2169ae96f28e7d99fac35d5a,REFERENCE_ONLY,V27_REFERENCE_UNLESS_ORIGINALITY_APPROVED,pending-review
v27_clean_runtime_reference,.venv/Lib/site-packages/pip/_vendor/pygments/__init__.py,.py,2983,ecdd6889a5ae970fe70ac4d8e04122c582f3d79a56639bb8b8f005162fa27a55,REFERENCE_ONLY,V27_REFERENCE_UNLESS_ORIGINALITY_APPROVED,pending-review
v27_clean_runtime_reference,.venv/Lib/site-packages/pip/_vendor/pygments/__main__.py,.py,353,8ac2210712e0eb99cb957ba41b856432e3df35d77b805cd367f47fcf743c7626,REFERENCE_ONLY,V27_REFERENCE_UNLESS_ORIGINALITY_APPROVED,pending-review
v27_clean_runtime_reference,.venv/Lib/site-packages/pip/_vendor/pygments/cmdline.py,.py,23656,2c8573980ba7964f6c449269e783b8291cbd18320de16bb5deff69f50cdf18f3,REFERENCE_ONLY,V27_REFERENCE_UNLESS_ORIGINALITY_APPROVED,pending-review
v27_clean_runtime_reference,.venv/Lib/site-packages/pip/_vendor/pygments/console.py,.py,1718,ca13fd52c2c056658a5507f6e38e8925ec2403b0225de7937f821e8373a2d9f5,REFERENCE_ONLY,V27_REFERENCE_UNLESS_ORIGINALITY_APPROVED,pending-review
v27_clean_runtime_reference,.venv/Lib/site-packages/pip/_vendor/pygments/filter.py,.py,1910,fc00cd3c2b240fcfc69a87478bafcba1580f537661df7e9a0424f970e79332cd,REFERENCE_ONLY,V27_REFERENCE_UNLESS_ORIGINALITY_APPROVED,pending-review
v27_clean_runtime_reference,.venv/Lib/site-packages/pip/_vendor/pygments/filters/__init__.py,.py,40392,45d79d2b629629794ac11edcbe47ebdcd523f588994203208a544c1548368cf0,REFERENCE_ONLY,V27_REFERENCE_UNLESS_ORIGINALITY_APPROVED,pending-review
v27_clean_runtime_reference,.venv/Lib/site-packages/pip/_vendor/pygments/formatter.py,.py,4390,8c35814e7765047d99e486191550e73f4aa7d426934234d6b7b8801ad0a72448,REFERENCE_ONLY,V27_REFERENCE_UNLESS_ORIGINALITY_APPROVED,pending-review
v27_clean_runtime_reference,.venv/Lib/site-packages/pip/_vendor/pygments/formatters/__init__.py,.py,5385,f0da3e354b3cac14d2481248bf8852110b76334705078870013d2c9d57364061,REFERENCE_ONLY,V27_REFERENCE_UNLESS_ORIGINALITY_APPROVED,pending-review
v27_clean_runtime_reference,.venv/Lib/site-packages/pip/_vendor/pygments/formatters/_mapping.py,.py,4176,d42c37ec5b9094d69c9f144a9ad94f5f89f22e85fdfedb64a39670b1c354659e,REFERENCE_ONLY,V27_REFERENCE_UNLESS_ORIGINALITY_APPROVED,pending-review
v27_clean_runtime_reference,.venv/Lib/site-packages/pip/_vendor/pygments/formatters/bbcode.py,.py,3320,dc940b238e6d72b43f91150c8ee69be82ec76f45d4b1b556aaa6d29fd70c8e42,REFERENCE_ONLY,V27_REFERENCE_UNLESS_ORIGINALITY_APPROVED,pending-review
v27_clean_runtime_reference,.venv/Lib/site-packages/pip/_vendor/pygments/formatters/groff.py,.py,5106,337f64d0f692499467c568ea05254f905d26bb5f95afb6e6e91b05becf8234de,REFERENCE_ONLY,V27_REFERENCE_UNLESS_ORIGINALITY_APPROVED,pending-review
v27_clean_runtime_reference,.venv/Lib/site-packages/pip/_vendor/pygments/formatters/html.py,.py,35669,484da3737602a9b312deb656f440260e501485d571279da003876295e12f0865,REFERENCE_ONLY,V27_REFERENCE_UNLESS_ORIGINALITY_APPROVED,pending-review
v27_clean_runtime_reference,.venv/Lib/site-packages/pip/_vendor/pygments/formatters/img.py,.py,23287,330038c563cb3b087a8fb61cea81f38eea923edd0cd5f879afee414c82147ec5,REFERENCE_ONLY,V27_REFERENCE_UNLESS_ORIGINALITY_APPROVED,pending-review
v27_clean_runtime_reference,.venv/Lib/site-packages/pip/_vendor/pygments/formatters/irc.py,.py,4981,769d59d25fce6c9e4d161f4c86a2c6839a6d1b986026a79d4f6564badb7dbf43,REFERENCE_ONLY,V27_REFERENCE_UNLESS_ORIGINALITY_APPROVED,pending-review
v27_clean_runtime_reference,.venv/Lib/site-packages/pip/_vendor/pygments/formatters/latex.py,.py,19306,5cc9a1382a94283050b46e66189340158c40a6a682e69ba8e5c3263df2b7f78e,REFERENCE_ONLY,V27_REFERENCE_UNLESS_ORIGINALITY_APPROVED,pending-review
v27_clean_runtime_reference,.venv/Lib/site-packages/pip/_vendor/pygments/formatters/other.py,.py,5034,e7a3cc24e9628a7fab01476744cd22d70b15d467543ddfddbd0ab4fd43df17d7,REFERENCE_ONLY,V27_REFERENCE_UNLESS_ORIGINALITY_APPROVED,pending-review
v27_clean_runtime_reference,.venv/Lib/site-packages/pip/_vendor/pygments/formatters/pangomarkup.py,.py,2218,cb5e94d34695618105a5e09f19795805231a706e36e426dfa06f2829b29e8088,REFERENCE_ONLY,V27_REFERENCE_UNLESS_ORIGINALITY_APPROVED,pending-review
v27_clean_runtime_reference,.venv/Lib/site-packages/pip/_vendor/pygments/formatters/rtf.py,.py,11957,653f7476670ac896e8201d2602b84bec8844e3aec65d13741bb4005201b4dd3a,REFERENCE_ONLY,V27_REFERENCE_UNLESS_ORIGINALITY_APPROVED,pending-review
v27_clean_runtime_reference,.venv/Lib/site-packages/pip/_vendor/pygments/formatters/svg.py,.py,7174,28ab22a2984fba91eec66d12a3e32c6d0116393e7820089217b8593e6c6d2971,REFERENCE_ONLY,V27_REFERENCE_UNLESS_ORIGINALITY_APPROVED,pending-review
v27_clean_runtime_reference,.venv/Lib/site-packages/pip/_vendor/pygments/formatters/terminal.py,.py,4674,0288cd1b83252aad8be88b02fd59d71eee006c70819fd3ada20eaee395efc5e2,REFERENCE_ONLY,V27_REFERENCE_UNLESS_ORIGINALITY_APPROVED,pending-review
v27_clean_runtime_reference,.venv/Lib/site-packages/pip/_vendor/pygments/formatters/terminal256.py,.py,11753,90690d515a37169c23cad2034b489fefd12e528ae8029adc5adde282b708a93d,REFERENCE_ONLY,V27_REFERENCE_UNLESS_ORIGINALITY_APPROVED,pending-review
v27_clean_runtime_reference,.venv/Lib/site-packages/pip/_vendor/pygments/lexer.py,.py,35349,4d81c3b7ffff80d5b86b14e5db3bcf65f7fe5508bc7cf68887938a45c5528d43,REFERENCE_ONLY,V27_REFERENCE_UNLESS_ORIGINALITY_APPROVED,pending-review
v27_clean_runtime_reference,.venv/Lib/site-packages/pip/_vendor/pygments/lexers/__init__.py,.py,12115,a48971c9026ebbfb3287d944d3cd1cabc71e55b11570aa74a2c0055397dac095,REFERENCE_ONLY,V27_REFERENCE_UNLESS_ORIGINALITY_APPROVED,pending-review
v27_clean_runtime_reference,.venv/Lib/site-packages/pip/_vendor/pygments/lexers/_mapping.py,.py,76097,eb5fa1df3af5d379b4d4e4b9054abf01f5222fd608d3a55eb3d8a943b938bebe,REFERENCE_ONLY,V27_REFERENCE_UNLESS_ORIGINALITY_APPROVED,pending-review
v27_clean_runtime_reference,.venv/Lib/site-packages/pip/_vendor/pygments/lexers/python.py,.py,53687,d89fd826b3d3aff03a7c963fa8a88abf41a980fc0732b94c49ea39f6a3777dee,REFERENCE_ONLY,V27_REFERENCE_UNLESS_ORIGINALITY_APPROVED,pending-review
v27_clean_runtime_reference,.venv/Lib/site-packages/pip/_vendor/pygments/modeline.py,.py,1005,82d4586414be08a3820d71e1199a80a5ba0705a670187f20ce73773ba9eec63e,REFERENCE_ONLY,V27_REFERENCE_UNLESS_ORIGINALITY_APPROVED,pending-review
v27_clean_runtime_reference,.venv/Lib/site-packages/pip/_vendor/pygments/plugin.py,.py,1891,8a8789dd07a827e510859a58f492fbbdbc6c4d5bb0c0cec10aef896fc9cdd005,REFERENCE_ONLY,V27_REFERENCE_UNLESS_ORIGINALITY_APPROVED,pending-review
v27_clean_runtime_reference,.venv/Lib/site-packages/pip/_vendor/pygments/regexopt.py,.py,3072,1e4cb8101d77ac85c41d050d930982ad8aad2259d70de84d477333b5a7d9e37c,REFERENCE_ONLY,V27_REFERENCE_UNLESS_ORIGINALITY_APPROVED,pending-review
v27_clean_runtime_reference,.venv/Lib/site-packages/pip/_vendor/pygments/scanner.py,.py,3092,343cb7a1f2bf7c74452b88480efc696a61bcef569ec2a72c21beac8138bb1619,REFERENCE_ONLY,V27_REFERENCE_UNLESS_ORIGINALITY_APPROVED,pending-review
v27_clean_runtime_reference,.venv/Lib/site-packages/pip/_vendor/pygments/sphinxext.py,.py,7981,88ea6d24172a3863f0304276a7bd0fbf0a593c819dbdd67c771beaea4cf10e00,REFERENCE_ONLY,V27_REFERENCE_UNLESS_ORIGINALITY_APPROVED,pending-review
v27_clean_runtime_reference,.venv/Lib/site-packages/pip/_vendor/pygments/style.py,.py,6420,ad2099585a60d7f0f014c5c35349c456601c047a6e4067fd471bce3cf42f28b4,REFERENCE_ONLY,V27_REFERENCE_UNLESS_ORIGINALITY_APPROVED,pending-review
v27_clean_runtime_reference,.venv/Lib/site-packages/pip/_vendor/pygments/styles/__init__.py,.py,2042,a9493aff5cf92a64fc11d2456588044a61ba3ff1c917fdaf56b0c3ec74821986,REFERENCE_ONLY,V27_REFERENCE_UNLESS_ORIGINALITY_APPROVED,pending-review
v27_clean_runtime_reference,.venv/Lib/site-packages/pip/_vendor/pygments/styles/_mapping.py,.py,3312,ea5a2f154136f6dcfa12c5775d8638860a3327bab524bedc7cedd43a58274bcc,REFERENCE_ONLY,V27_REFERENCE_UNLESS_ORIGINALITY_APPROVED,pending-review
v27_clean_runtime_reference,.venv/Lib/site-packages/pip/_vendor/pygments/token.py,.py,6226,a99c13ecb48fcb96016372600e3badeb8d820b2ec9750cc07e6a83f4d993e63d,REFERENCE_ONLY,V27_REFERENCE_UNLESS_ORIGINALITY_APPROVED,pending-review
v27_clean_runtime_reference,.venv/Lib/site-packages/pip/_vendor/pygments/unistring.py,.py,63208,a797358be1e1a088567a6cbd094b1a37da37f68a266073715e59745dfc3ab440,REFERENCE_ONLY,V27_REFERENCE_UNLESS_ORIGINALITY_APPROVED,pending-review
v27_clean_runtime_reference,.venv/Lib/site-packages/pip/_vendor/pygments/util.py,.py,10031,dad8f69d2d57f7f3a972e4a37fc74e113d9b0d5661b3c70429dfee4faf85820f,REFERENCE_ONLY,V27_REFERENCE_UNLESS_ORIGINALITY_APPROVED,pending-review
v27_clean_runtime_reference,.venv/Lib/site-packages/pip/_vendor/pyproject_hooks/__init__.py,.py,691,70f07f6bd2d7cf9c6fb116d7d68daac807632dab5925d43f2dce4c70d5fe5fb6,REFERENCE_ONLY,V27_REFERENCE_UNLESS_ORIGINALITY_APPROVED,pending-review
v27_clean_runtime_reference,.venv/Lib/site-packages/pip/_vendor/pyproject_hooks/_impl.py,.py,14936,8d8fab6b19e6c91c81e7baee022b6b25153311ec6e021193a6033282ac7aed9e,REFERENCE_ONLY,V27_REFERENCE_UNLESS_ORIGINALITY_APPROVED,pending-review
v27_clean_runtime_reference,.venv/Lib/site-packages/pip/_vendor/pyproject_hooks/_in_process/__init__.py,.py,557,30934fa5f23170ef85821c6905bc641b5ac58907fa1ce51b5785399aad07167b,REFERENCE_ONLY,V27_REFERENCE_UNLESS_ORIGINALITY_APPROVED,pending-review
v27_clean_runtime_reference,.venv/Lib/site-packages/pip/_vendor/pyproject_hooks/_in_process/_in_process.py,.py,12216,a9c5cc866c7ffcc209ab5d201875b7980e1397c772f18cc731c7309cda0a970d,REFERENCE_ONLY,V27_REFERENCE_UNLESS_ORIGINALITY_APPROVED,pending-review
v27_clean_runtime_reference,.venv/Lib/site-packages/pip/_vendor/requests/__init__.py,.py,5057,1e507f1f386bcc6b5f0ff69a614c14875cd65cb67be7f6022f28adef9774573f,REFERENCE_ONLY,V27_REFERENCE_UNLESS_ORIGINALITY_APPROVED,pending-review
v27_clean_runtime_reference,.venv/Lib/site-packages/pip/_vendor/requests/__version__.py,.py,435,1557e09606663509e660f5e93a8843539f05e4451bffe5674936807ac4b5f3b8,REFERENCE_ONLY,V27_REFERENCE_UNLESS_ORIGINALITY_APPROVED,pending-review
v27_clean_runtime_reference,.venv/Lib/site-packages/pip/_vendor/requests/_internal_utils.py,.py,1495,9cc4329abe21b37d93a95a3901b0ab99c24486f3d487bc57965bb2ab0b252e24,REFERENCE_ONLY,V27_REFERENCE_UNLESS_ORIGINALITY_APPROVED,pending-review
v27_clean_runtime_reference,.venv/Lib/site-packages/pip/_vendor/requests/adapters.py,.py,27607,27b55e571281bdac1bb655f60c4455a34e49f415d371660b30735dd4169af9b9,REFERENCE_ONLY,V27_REFERENCE_UNLESS_ORIGINALITY_APPROVED,pending-review
v27_clean_runtime_reference,.venv/Lib/site-packages/pip/_vendor/requests/api.py,.py,6449,fd96fd39aeedcd5222cd32b016b3e30c463d7a3b66fce9d2444467003c46b10b,REFERENCE_ONLY,V27_REFERENCE_UNLESS_ORIGINALITY_APPROVED,pending-review
v27_clean_runtime_reference,.venv/Lib/site-packages/pip/_vendor/requests/auth.py,.py,10186,905ef9b6a9cb72d67d31ffe19bd4d9223e1c4169cde6ec51cfca16b31e70991d,REFERENCE_ONLY,V27_REFERENCE_UNLESS_ORIGINALITY_APPROVED,pending-review
v27_clean_runtime_reference,.venv/Lib/site-packages/pip/_vendor/requests/certs.py,.py,441,9070e590afdb7ae1d778c3dce63b5adb0825f2074a7945ade5fda74c356bbedf,REFERENCE_ONLY,V27_REFERENCE_UNLESS_ORIGINALITY_APPROVED,pending-review
v27_clean_runtime_reference,.venv/Lib/site-packages/pip/_vendor/requests/compat.py,.py,1485,328f5ff7166979fa1df199be9fdfd2b497154e6c12ba45d1da9dc8432c955ef5,REFERENCE_ONLY,V27_REFERENCE_UNLESS_ORIGINALITY_APPROVED,pending-review
v27_clean_runtime_reference,.venv/Lib/site-packages/pip/_vendor/requests/cookies.py,.py,18590,6cd8be8aa123e0d3d9d34fa86feac7bf392f39bccdde5129830de0ea9692dd7c,REFERENCE_ONLY,V27_REFERENCE_UNLESS_ORIGINALITY_APPROVED,pending-review
v27_clean_runtime_reference,.venv/Lib/site-packages/pip/_vendor/requests/exceptions.py,.py,4272,0f5c2acd85a77b5992dab538ded3fd09e3751bb400cbb7aa2fda3582877a123c,REFERENCE_ONLY,V27_REFERENCE_UNLESS_ORIGINALITY_APPROVED,pending-review
v27_clean_runtime_reference,.venv/Lib/site-packages/pip/_vendor/requests/help.py,.py,3813,85129a7fdbb41bb7ddc2ba8c1ed177a06d7a44a92d45fe8a8b0b52ab6168d7fd,REFERENCE_ONLY,V27_REFERENCE_UNLESS_ORIGINALITY_APPROVED,pending-review
v27_clean_runtime_reference,.venv/Lib/site-packages/pip/_vendor/requests/hooks.py,.py,733,0a2bb2b221c0dfd57951f702057148c7cdc8ac3a6ec1f37d45c4d482fdbc7ed4,REFERENCE_ONLY,V27_REFERENCE_UNLESS_ORIGINALITY_APPROVED,pending-review
v27_clean_runtime_reference,.venv/Lib/site-packages/pip/_vendor/requests/models.py,.py,35483,c782b80a61fe942d25d8a6fe88f7cc3787515f11c471b39a11604bfe2d3d0302,REFERENCE_ONLY,V27_REFERENCE_UNLESS_ORIGINALITY_APPROVED,pending-review
v27_clean_runtime_reference,.venv/Lib/site-packages/pip/_vendor/requests/packages.py,.py,1057,fd94030894c9f123f79155ae9d2a81b1164d3f38f673558556a6ddaf4f29cf75,REFERENCE_ONLY,V27_REFERENCE_UNLESS_ORIGINALITY_APPROVED,pending-review
v27_clean_runtime_reference,.venv/Lib/site-packages/pip/_vendor/requests/sessions.py,.py,30495,ca44c8f145864a5b4e7c7d3b1caa25947ee44c11b0e168620556901a67244f0e,REFERENCE_ONLY,V27_REFERENCE_UNLESS_ORIGINALITY_APPROVED,pending-review
v27_clean_runtime_reference,.venv/Lib/site-packages/pip/_vendor/requests/status_codes.py,.py,4322,889500780db96da4ddc3ee8f7c3d1e178aa1a48343251248fb268cab1b382c42,REFERENCE_ONLY,V27_REFERENCE_UNLESS_ORIGINALITY_APPROVED,pending-review
v27_clean_runtime_reference,.venv/Lib/site-packages/pip/_vendor/requests/structures.py,.py,2912,f886e6855cf4e92fb968f499b94b6167afba0fd5ce8d1b935c739a6d8d38d573,REFERENCE_ONLY,V27_REFERENCE_UNLESS_ORIGINALITY_APPROVED,pending-review
v27_clean_runtime_reference,.venv/Lib/site-packages/pip/_vendor/requests/utils.py,.py,33631,2fbf6f9c56f32774852cab49c29a167b8d53a338b746566ff78a58d53148ca8c,REFERENCE_ONLY,V27_REFERENCE_UNLESS_ORIGINALITY_APPROVED,pending-review
v27_clean_runtime_reference,.venv/Lib/site-packages/pip/_vendor/resolvelib/__init__.py,.py,537,879d3d4dd11ca5be7ee382689da5377b1d93335e465412e333d08d08fc274d3b,REFERENCE_ONLY,V27_REFERENCE_UNLESS_ORIGINALITY_APPROVED,pending-review
v27_clean_runtime_reference,.venv/Lib/site-packages/pip/_vendor/resolvelib/compat/__init__.py,.py,0,e3b0c44298fc1c149afbf4c8996fb92427ae41e4649b934ca495991b7852b855,REFERENCE_ONLY,V27_REFERENCE_UNLESS_ORIGINALITY_APPROVED,pending-review
v27_clean_runtime_reference,.venv/Lib/site-packages/pip/_vendor/resolvelib/compat/collections_abc.py,.py,156,bb2f31519f8d0c4c3dd7ab6e8145e6f0783008688c3b47fe45c767a647d77ceb,REFERENCE_ONLY,V27_REFERENCE_UNLESS_ORIGINALITY_APPROVED,pending-review
v27_clean_runtime_reference,.venv/Lib/site-packages/pip/_vendor/resolvelib/providers.py,.py,5871,7eebaf56b09eb6ee60b313c1e37111ca37cef1a45e4b7ac5407a4382222d6ece,REFERENCE_ONLY,V27_REFERENCE_UNLESS_ORIGINALITY_APPROVED,pending-review
v27_clean_runtime_reference,.venv/Lib/site-packages/pip/_vendor/resolvelib/reporters.py,.py,1601,4d26d1996cd3736eb0d2082c5756f15697960c1f10348adeeadc1897b1886411,REFERENCE_ONLY,V27_REFERENCE_UNLESS_ORIGINALITY_APPROVED,pending-review
v27_clean_runtime_reference,.venv/Lib/site-packages/pip/_vendor/resolvelib/resolvers.py,.py,20511,1bcaec2d94aaeb883956622afa507b51c209d608c0c48409993178444665790d,REFERENCE_ONLY,V27_REFERENCE_UNLESS_ORIGINALITY_APPROVED,pending-review
v27_clean_runtime_reference,.venv/Lib/site-packages/pip/_vendor/resolvelib/structs.py,.py,4963,d3fd7f5cef33fc22e17a03f75697fd549df325c7cb9b434e1d133e8b4624cf7a,REFERENCE_ONLY,V27_REFERENCE_UNLESS_ORIGINALITY_APPROVED,pending-review
v27_clean_runtime_reference,.venv/Lib/site-packages/pip/_vendor/rich/__init__.py,.py,6090,751c6320bf926c5558d2adc88d232b7e00531eb9b52d90e02ceca0541c226197,REFERENCE_ONLY,V27_REFERENCE_UNLESS_ORIGINALITY_APPROVED,pending-review
v27_clean_runtime_reference,.venv/Lib/site-packages/pip/_vendor/rich/__main__.py,.py,8477,78eec2abc267ae01bccd5a1e226880b3ddaade15cd3087e9d30e6532c3bb4366,REFERENCE_ONLY,V27_REFERENCE_UNLESS_ORIGINALITY_APPROVED,pending-review
v27_clean_runtime_reference,.venv/Lib/site-packages/pip/_vendor/rich/_cell_widths.py,.py,10209,7db99ec9eb447478f313f571da5d6e2bbb673ce84cb365f59497cedefb0a0e90,REFERENCE_ONLY,V27_REFERENCE_UNLESS_ORIGINALITY_APPROVED,pending-review
v27_clean_runtime_reference,.venv/Lib/site-packages/pip/_vendor/rich/_emoji_codes.py,.py,140235,86ed552fd9db55da6926b5688a356c85195c4517bfbf7763bb7326776b0a65d6,REFERENCE_ONLY,V27_REFERENCE_UNLESS_ORIGINALITY_APPROVED,pending-review
v27_clean_runtime_reference,.venv/Lib/site-packages/pip/_vendor/rich/_emoji_replace.py,.py,1064,9fe91c7adb04531d99526850adf78c35cfad79e1a1a6e490e45f153c1b32bc3a,REFERENCE_ONLY,V27_REFERENCE_UNLESS_ORIGINALITY_APPROVED,pending-review
v27_clean_runtime_reference,.venv/Lib/site-packages/pip/_vendor/rich/_export_format.py,.py,2128,448d3ca52ae6e6d052ccf32f9db4ea6c3f5621a95a3a837977833545398bab56,REFERENCE_ONLY,V27_REFERENCE_UNLESS_ORIGINALITY_APPROVED,pending-review
v27_clean_runtime_reference,.venv/Lib/site-packages/pip/_vendor/rich/_extension.py,.py,265,5ede3b41a7022b062bbb38c38be80e06aef6e0945e0e3f429bdc548b97ebfb7e,REFERENCE_ONLY,V27_REFERENCE_UNLESS_ORIGINALITY_APPROVED,pending-review
v27_clean_runtime_reference,.venv/Lib/site-packages/pip/_vendor/rich/_fileno.py,.py,799,1d66713f90b66a331b1ebcaf01066c79f9557d0a06cec28e1f3286b0b0fcca74,REFERENCE_ONLY,V27_REFERENCE_UNLESS_ORIGINALITY_APPROVED,pending-review
v27_clean_runtime_reference,.venv/Lib/site-packages/pip/_vendor/rich/_inspect.py,.py,9655,40cd399441671684da16aa676f1fb304423a93ca082ab0f772f8c43903612a28,REFERENCE_ONLY,V27_REFERENCE_UNLESS_ORIGINALITY_APPROVED,pending-review
v27_clean_runtime_reference,.venv/Lib/site-packages/pip/_vendor/rich/_log_render.py,.py,3225,d41c88d0f035669c5963708624e2b9e218e5ab85fe073fdba088c8a8277c2a7b,REFERENCE_ONLY,V27_REFERENCE_UNLESS_ORIGINALITY_APPROVED,pending-review
v27_clean_runtime_reference,.venv/Lib/site-packages/pip/_vendor/rich/_loop.py,.py,1236,855ffa08b7683e6d2f6b6d96a70e332aa334458b33dd36715e3d0fa12fbd7834,REFERENCE_ONLY,V27_REFERENCE_UNLESS_ORIGINALITY_APPROVED,pending-review
v27_clean_runtime_reference,.venv/Lib/site-packages/pip/_vendor/rich/_null_file.py,.py,1394,00318aa75cadfa4ef414c295ead9ea0aa79c07ead2273a7e590b03ecb3cbfa48,REFERENCE_ONLY,V27_REFERENCE_UNLESS_ORIGINALITY_APPROVED,pending-review
v27_clean_runtime_reference,.venv/Lib/site-packages/pip/_vendor/rich/_palettes.py,.py,7063,71d7afd4940a67426f960b95f62a478339d3767be52335050c16f422dd8fce32,REFERENCE_ONLY,V27_REFERENCE_UNLESS_ORIGINALITY_APPROVED,pending-review
v27_clean_runtime_reference,.venv/Lib/site-packages/pip/_vendor/rich/_pick.py,.py,423,7af0edf10378945e428b0ad421794e2429ed8ad0423ac23764b3c42005512c95,REFERENCE_ONLY,V27_REFERENCE_UNLESS_ORIGINALITY_APPROVED,pending-review
v27_clean_runtime_reference,.venv/Lib/site-packages/pip/_vendor/rich/_ratio.py,.py,5471,66de7c6a9b3323a84001c5cfa607562a9bb7737d5405679b39e47899bca9b6f5,REFERENCE_ONLY,V27_REFERENCE_UNLESS_ORIGINALITY_APPROVED,pending-review
v27_clean_runtime_reference,.venv/Lib/site-packages/pip/_vendor/rich/_spinners.py,.py,19919,536af5fe0ff5cd28ec8e251d00449cda200c7378b8ae2fd2f0f60fea4439cf52,REFERENCE_ONLY,V27_REFERENCE_UNLESS_ORIGINALITY_APPROVED,pending-review
v27_clean_runtime_reference,.venv/Lib/site-packages/pip/_vendor/rich/_stack.py,.py,351,f82f0e2bbaf19f7b0851d570c59041a5e1e12335f4788f9533731e9987da5e6d,REFERENCE_ONLY,V27_REFERENCE_UNLESS_ORIGINALITY_APPROVED,pending-review
v27_clean_runtime_reference,.venv/Lib/site-packages/pip/_vendor/rich/_timer.py,.py,417,cde9716d3ea83c566736bc163e973592d51e013f957387ee15c4592d018bb4c2,REFERENCE_ONLY,V27_REFERENCE_UNLESS_ORIGINALITY_APPROVED,pending-review
v27_clean_runtime_reference,.venv/Lib/site-packages/pip/_vendor/rich/_win32_console.py,.py,22755,05268344833004b2139ff9b499344b3ea304e6afaab8675232e60ca587982707,REFERENCE_ONLY,V27_REFERENCE_UNLESS_ORIGINALITY_APPROVED,pending-review
v27_clean_runtime_reference,.venv/Lib/site-packages/pip/_vendor/rich/_windows.py,.py,1925,681c1a0ff4b9e926e0a2922f6b2566a64d18dbcbb06360b905a6f5c25dc1a7e2,REFERENCE_ONLY,V27_REFERENCE_UNLESS_ORIGINALITY_APPROVED,pending-review
v27_clean_runtime_reference,.venv/Lib/site-packages/pip/_vendor/rich/_windows_renderer.py,.py,2783,b7be192f7c6e0c23f79e64e9f691f52f92e223671a909b9045095e1c225eae59,REFERENCE_ONLY,V27_REFERENCE_UNLESS_ORIGINALITY_APPROVED,pending-review
v27_clean_runtime_reference,.venv/Lib/site-packages/pip/_vendor/rich/_wrap.py,.py,3404,1654aca26e445f42d5900dca5b2df8c879c27cbb6a5fe6487a95ca87eef4ae97,REFERENCE_ONLY,V27_REFERENCE_UNLESS_ORIGINALITY_APPROVED,pending-review
v27_clean_runtime_reference,.venv/Lib/site-packages/pip/_vendor/rich/abc.py,.py,890,38df84f99a924a1799f3c56b297d8cdcf5e915b18451464f31afc07f497ee1fd,REFERENCE_ONLY,V27_REFERENCE_UNLESS_ORIGINALITY_APPROVED,pending-review
v27_clean_runtime_reference,.venv/Lib/site-packages/pip/_vendor/rich/align.py,.py,10469,461fb769d9c368dd40a34ec48d1d8f86013ad8f18b3e03bc48cc09064bb5bab4,REFERENCE_ONLY,V27_REFERENCE_UNLESS_ORIGINALITY_APPROVED,pending-review
v27_clean_runtime_reference,.venv/Lib/site-packages/pip/_vendor/rich/ansi.py,.py,6921,02fb352c76d275cc8ebc339da442d952850b7018987b063be9e341a7ab85061b,REFERENCE_ONLY,V27_REFERENCE_UNLESS_ORIGINALITY_APPROVED,pending-review
v27_clean_runtime_reference,.venv/Lib/site-packages/pip/_vendor/rich/bar.py,.py,3263,95d6d51cecca24e9df95536ebf5c52ee0e9d2d7d84df03275e474f6e9cc94dcb,REFERENCE_ONLY,V27_REFERENCE_UNLESS_ORIGINALITY_APPROVED,pending-review
v27_clean_runtime_reference,.venv/Lib/site-packages/pip/_vendor/rich/box.py,.py,10831,9ebe5f608520841fe250212aeb2d19dcb9424fc8053c3af337dbb6927eed265e,REFERENCE_ONLY,V27_REFERENCE_UNLESS_ORIGINALITY_APPROVED,pending-review
v27_clean_runtime_reference,.venv/Lib/site-packages/pip/_vendor/rich/cells.py,.py,5130,2ab4248f9f8b821082a492d23502320198e775ce1b9c4a8e1268b962e67d5026,REFERENCE_ONLY,V27_REFERENCE_UNLESS_ORIGINALITY_APPROVED,pending-review
v27_clean_runtime_reference,.venv/Lib/site-packages/pip/_vendor/rich/color.py,.py,18211,dc74942d50e3eea4245d47455afefc24e8926737f2e72d6791c6219dadbde95d,REFERENCE_ONLY,V27_REFERENCE_UNLESS_ORIGINALITY_APPROVED,pending-review
v27_clean_runtime_reference,.venv/Lib/site-packages/pip/_vendor/rich/color_triplet.py,.py,1054,de585091d25bbd63e82c33be0276089805a626f579765818342559f7b39168de,REFERENCE_ONLY,V27_REFERENCE_UNLESS_ORIGINALITY_APPROVED,pending-review
v27_clean_runtime_reference,.venv/Lib/site-packages/pip/_vendor/rich/columns.py,.py,7131,1d45f429c326f5db0a362d757d36e233f876883b65f3248269573195a944ceaf,REFERENCE_ONLY,V27_REFERENCE_UNLESS_ORIGINALITY_APPROVED,pending-review
v27_clean_runtime_reference,.venv/Lib/site-packages/pip/_vendor/rich/console.py,.py,100156,9ca8eb131ffbc72f0a1a60d54fe060348234479866d5c7b18401c3c1dc0d56a8,REFERENCE_ONLY,V27_REFERENCE_UNLESS_ORIGINALITY_APPROVED,pending-review
v27_clean_runtime_reference,.venv/Lib/site-packages/pip/_vendor/rich/constrain.py,.py,1288,d5520fb82f0082d296adc9dc42b8c1758a80dc9556cacbba8d9a35aeb87b73b4,REFERENCE_ONLY,V27_REFERENCE_UNLESS_ORIGINALITY_APPROVED,pending-review
v27_clean_runtime_reference,.venv/Lib/site-packages/pip/_vendor/rich/containers.py,.py,5502,73fe7a4f171e74662a0dea4704c4ee65d5088a38ad010827a31f9075ed19d6aa,REFERENCE_ONLY,V27_REFERENCE_UNLESS_ORIGINALITY_APPROVED,pending-review
v27_clean_runtime_reference,.venv/Lib/site-packages/pip/_vendor/rich/control.py,.py,6630,0d29074d440ba2b7d211100a13fa1300450579f667669e1b41be2af2b1db2b0b,REFERENCE_ONLY,V27_REFERENCE_UNLESS_ORIGINALITY_APPROVED,pending-review
v27_clean_runtime_reference,.venv/Lib/site-packages/pip/_vendor/rich/default_styles.py,.py,8159,759c606920fd554cbb49741284edf768b622016b290abdac0906455ff24ad63e,REFERENCE_ONLY,V27_REFERENCE_UNLESS_ORIGINALITY_APPROVED,pending-review
v27_clean_runtime_reference,.venv/Lib/site-packages/pip/_vendor/rich/diagnose.py,.py,972,6a7eaea2ec2128f025bd0858a4d3691aaf44272b1f3083afbc26cede84a8476e,REFERENCE_ONLY,V27_REFERENCE_UNLESS_ORIGINALITY_APPROVED,pending-review
v27_clean_runtime_reference,.venv/Lib/site-packages/pip/_vendor/rich/emoji.py,.py,2501,a264c5f5ab1a027b0ce322d8f78791ffd7604514a6d651d4b335f6d03d726024,REFERENCE_ONLY,V27_REFERENCE_UNLESS_ORIGINALITY_APPROVED,pending-review
v27_clean_runtime_reference,.venv/Lib/site-packages/pip/_vendor/rich/errors.py,.py,642,e693f729ce5de1027f734285b31adfca18e23d57bb275ccea9215b140cdc57e6,REFERENCE_ONLY,V27_REFERENCE_UNLESS_ORIGINALITY_APPROVED,pending-review
v27_clean_runtime_reference,.venv/Lib/site-packages/pip/_vendor/rich/file_proxy.py,.py,1683,4e5f531cc0d9f8f9395a6f2c23580683f5390e1bac9b10fe159d1f51b714d16d,REFERENCE_ONLY,V27_REFERENCE_UNLESS_ORIGINALITY_APPROVED,pending-review
v27_clean_runtime_reference,.venv/Lib/site-packages/pip/_vendor/rich/filesize.py,.py,2484,fe2cfd948a5182f5bb30d49e0999cb83e1f0cdb3f81844e0e78dd6a83f1216cd,REFERENCE_ONLY,V27_REFERENCE_UNLESS_ORIGINALITY_APPROVED,pending-review
v27_clean_runtime_reference,.venv/Lib/site-packages/pip/_vendor/rich/highlighter.py,.py,9586,1bfb27fbc0ca8ccd6c1232c6fe8738a2f9169a25295af8fc6d78b4c9e7762e76,REFERENCE_ONLY,V27_REFERENCE_UNLESS_ORIGINALITY_APPROVED,pending-review
v27_clean_runtime_reference,.venv/Lib/site-packages/pip/_vendor/rich/json.py,.py,5031,bd512829d6b0a094630056b23f05e43013cbcbb4524ecf9fe38c124034769c9d,REFERENCE_ONLY,V27_REFERENCE_UNLESS_ORIGINALITY_APPROVED,pending-review
v27_clean_runtime_reference,.venv/Lib/site-packages/pip/_vendor/rich/jupyter.py,.py,3252,432a0aa04ffc21d09baed8921e9f53b1348dc931d8d053b9c2113b8ce4ddf541,REFERENCE_ONLY,V27_REFERENCE_UNLESS_ORIGINALITY_APPROVED,pending-review
v27_clean_runtime_reference,.venv/Lib/site-packages/pip/_vendor/rich/layout.py,.py,14004,6a3912140b4456ff44153705b3ec38b997dfb7b9c45e13732fb655760ad3e6b2,REFERENCE_ONLY,V27_REFERENCE_UNLESS_ORIGINALITY_APPROVED,pending-review
v27_clean_runtime_reference,.venv/Lib/site-packages/pip/_vendor/rich/live.py,.py,14270,0e1cc03c49e34f142eabdff4636c61d8c53041c3ff6863e47a72df2844ec9703,REFERENCE_ONLY,V27_REFERENCE_UNLESS_ORIGINALITY_APPROVED,pending-review
v27_clean_runtime_reference,.venv/Lib/site-packages/pip/_vendor/rich/live_render.py,.py,3666,cc9b41e3bd631b3881b44c31739e31d76c0442d1f806e42bd5203cbfd914f36c,REFERENCE_ONLY,V27_REFERENCE_UNLESS_ORIGINALITY_APPROVED,pending-review
v27_clean_runtime_reference,.venv/Lib/site-packages/pip/_vendor/rich/logging.py,.py,12458,660a4a30c058fc1b8c008fc1633a3e52d5da93ab79a07f552bc9bd4362e6d1fe,REFERENCE_ONLY,V27_REFERENCE_UNLESS_ORIGINALITY_APPROVED,pending-review
v27_clean_runtime_reference,.venv/Lib/site-packages/pip/_vendor/rich/markup.py,.py,8451,ddeb8628fe6ce353424306928d39c9c6eb398993078f1a483345ba7c2c6b6b7f,REFERENCE_ONLY,V27_REFERENCE_UNLESS_ORIGINALITY_APPROVED,pending-review
v27_clean_runtime_reference,.venv/Lib/site-packages/pip/_vendor/rich/measure.py,.py,5305,1e6ac8257f2c5914c76e087c33111acbff37564a8d5bfef4b3c68a3f965c608f,REFERENCE_ONLY,V27_REFERENCE_UNLESS_ORIGINALITY_APPROVED,pending-review
v27_clean_runtime_reference,.venv/Lib/site-packages/pip/_vendor/rich/padding.py,.py,4908,295108ded3b0a3db202b560d4ae1fffccd7f8d45a62d9c11555fca98eb55cf23,REFERENCE_ONLY,V27_REFERENCE_UNLESS_ORIGINALITY_APPROVED,pending-review
v27_clean_runtime_reference,.venv/Lib/site-packages/pip/_vendor/rich/pager.py,.py,828,48efc44c114a6e0de7fc080ecd79b8d52bf7e98c57032237fd1f8a398dbfb927,REFERENCE_ONLY,V27_REFERENCE_UNLESS_ORIGINALITY_APPROVED,pending-review
v27_clean_runtime_reference,.venv/Lib/site-packages/pip/_vendor/rich/palette.py,.py,3396,9489ef4753830d3d9fdd464c7cbd60aeaedd63fa4374a1f0e1b75480e19a3386,REFERENCE_ONLY,V27_REFERENCE_UNLESS_ORIGINALITY_APPROVED,pending-review
v27_clean_runtime_reference,.venv/Lib/site-packages/pip/_vendor/rich/panel.py,.py,11235,7c544772f897bd6864dd5df3c796709ac6ff44bf4a2777ac0feb14d0d604572c,REFERENCE_ONLY,V27_REFERENCE_UNLESS_ORIGINALITY_APPROVED,pending-review
v27_clean_runtime_reference,.venv/Lib/site-packages/pip/_vendor/rich/pretty.py,.py,36391,832dd2ef6bb8151836cada28ecdd590d60c8bc1e2e9dbcdde625067609bef1f7,REFERENCE_ONLY,V27_REFERENCE_UNLESS_ORIGINALITY_APPROVED,pending-review
v27_clean_runtime_reference,.venv/Lib/site-packages/pip/_vendor/rich/progress.py,.py,60357,32d9828d3939cd853f5ed447c511d30041c6ea117d3de17b10c59b10f95e202d,REFERENCE_ONLY,V27_REFERENCE_UNLESS_ORIGINALITY_APPROVED,pending-review
v27_clean_runtime_reference,.venv/Lib/site-packages/pip/_vendor/rich/progress_bar.py,.py,8162,9994cfa4953071f71d8100934f3de4c98f9f73bf5d74bc2dc7a1a18717e8d3ae,REFERENCE_ONLY,V27_REFERENCE_UNLESS_ORIGINALITY_APPROVED,pending-review
v27_clean_runtime_reference,.venv/Lib/site-packages/pip/_vendor/rich/prompt.py,.py,12447,974461414fb45154d5f5ed3cc56d416c88f426ad885f20a15f8942d2514dcede,REFERENCE_ONLY,V27_REFERENCE_UNLESS_ORIGINALITY_APPROVED,pending-review
v27_clean_runtime_reference,.venv/Lib/site-packages/pip/_vendor/rich/protocol.py,.py,1391,e611c70c3347724764f22587e7311b8becee215485e616d4da3228e3b47b9531,REFERENCE_ONLY,V27_REFERENCE_UNLESS_ORIGINALITY_APPROVED,pending-review
v27_clean_runtime_reference,.venv/Lib/site-packages/pip/_vendor/rich/region.py,.py,166,acd4fdc59ad56536085d90b43589f8d42250c1835b47e29e70f3b14e042f07c6,REFERENCE_ONLY,V27_REFERENCE_UNLESS_ORIGINALITY_APPROVED,pending-review
v27_clean_runtime_reference,.venv/Lib/site-packages/pip/_vendor/rich/repr.py,.py,4431,e4c64966638d802ea4b9df905befe6d68917c0bd9a47abbacbea54714089cf6f,REFERENCE_ONLY,V27_REFERENCE_UNLESS_ORIGINALITY_APPROVED,pending-review
v27_clean_runtime_reference,.venv/Lib/site-packages/pip/_vendor/rich/rule.py,.py,4602,d1f35a4bf68445add43117374f958ca4dfecba6b43c5f6a8af6cb7a1fd5fb419,REFERENCE_ONLY,V27_REFERENCE_UNLESS_ORIGINALITY_APPROVED,pending-review
v27_clean_runtime_reference,.venv/Lib/site-packages/pip/_vendor/rich/scope.py,.py,2843,4cc514f2aa35eed872a9008faa30cb62983f514d64e6a55df96c2226f9c955ab,REFERENCE_ONLY,V27_REFERENCE_UNLESS_ORIGINALITY_APPROVED,pending-review
v27_clean_runtime_reference,.venv/Lib/site-packages/pip/_vendor/rich/screen.py,.py,1591,628791784494871ef882ba9bd264926fd960861cac5a6147621b1b3154235cef,REFERENCE_ONLY,V27_REFERENCE_UNLESS_ORIGINALITY_APPROVED,pending-review
v27_clean_runtime_reference,.venv/Lib/site-packages/pip/_vendor/rich/segment.py,.py,24743,a2d9ca78a18457e591950568b1f2557850dc0f100a1e9bc9fe12f34aee65ba63,REFERENCE_ONLY,V27_REFERENCE_UNLESS_ORIGINALITY_APPROVED,pending-review
v27_clean_runtime_reference,.venv/Lib/site-packages/pip/_vendor/rich/spinner.py,.py,4364,3d3e6a8173c6dd9a6a463ee7dc4650e8d5b9ea6c7795d66a64253b804332664e,REFERENCE_ONLY,V27_REFERENCE_UNLESS_ORIGINALITY_APPROVED,pending-review
v27_clean_runtime_reference,.venv/Lib/site-packages/pip/_vendor/rich/status.py,.py,4424,9243e987761e019068f97fb8c0fa7c813a99c94e3ae8d2f06410383d94d37b0a,REFERENCE_ONLY,V27_REFERENCE_UNLESS_ORIGINALITY_APPROVED,pending-review
v27_clean_runtime_reference,.venv/Lib/site-packages/pip/_vendor/rich/style.py,.py,27067,692a1435b5607cfd4f02776e02a81b6e5e00310cbaebcaacd92d45130af73aab,REFERENCE_ONLY,V27_REFERENCE_UNLESS_ORIGINALITY_APPROVED,pending-review
v27_clean_runtime_reference,.venv/Lib/site-packages/pip/_vendor/rich/styled.py,.py,1258,799367cc6ac8e248bfe78a606373a3d13fb1de5c5d5d3621e3faf20c1db8c015,REFERENCE_ONLY,V27_REFERENCE_UNLESS_ORIGINALITY_APPROVED,pending-review
v27_clean_runtime_reference,.venv/Lib/site-packages/pip/_vendor/rich/syntax.py,.py,35763,aaa0271146782b9ecfa3cd7fe510719ecb94e0a47349dbc33c084ac3c99aff71,REFERENCE_ONLY,V27_REFERENCE_UNLESS_ORIGINALITY_APPROVED,pending-review
v27_clean_runtime_reference,.venv/Lib/site-packages/pip/_vendor/rich/table.py,.py,40103,c97614af462c3e91b8eba379d07080c366e96f9654baecdd73e1bae9993ea137,REFERENCE_ONLY,V27_REFERENCE_UNLESS_ORIGINALITY_APPROVED,pending-review
v27_clean_runtime_reference,.venv/Lib/site-packages/pip/_vendor/rich/terminal_theme.py,.py,3370,d63e7eb9f25f9ef940a3942c8bf0026625c39b0317cea826141c8e6d3f7ec896,REFERENCE_ONLY,V27_REFERENCE_UNLESS_ORIGINALITY_APPROVED,pending-review
v27_clean_runtime_reference,.venv/Lib/site-packages/pip/_vendor/rich/text.py,.py,47552,00eec93c2cfafa068dd6d8552d73019ed1260cf55816014d1b5a0ceb5fec6a75,REFERENCE_ONLY,V27_REFERENCE_UNLESS_ORIGINALITY_APPROVED,pending-review
v27_clean_runtime_reference,.venv/Lib/site-packages/pip/_vendor/rich/theme.py,.py,3771,a0dca15e119a82d0e56c3c9eded56eddeb16396934bcd92ec45c3efee9e568ad,REFERENCE_ONLY,V27_REFERENCE_UNLESS_ORIGINALITY_APPROVED,pending-review
v27_clean_runtime_reference,.venv/Lib/site-packages/pip/_vendor/rich/themes.py,.py,102,d318132e8cdf69b79b62d709b43742e50917e4855411abe2a83509261e185459,REFERENCE_ONLY,V27_REFERENCE_UNLESS_ORIGINALITY_APPROVED,pending-review
v27_clean_runtime_reference,.venv/Lib/site-packages/pip/_vendor/rich/traceback.py,.py,31797,cfc52837b35b4d0296e980c3515c0e87b17cb2765fea0627516b4eacab0b135c,REFERENCE_ONLY,V27_REFERENCE_UNLESS_ORIGINALITY_APPROVED,pending-review
v27_clean_runtime_reference,.venv/Lib/site-packages/pip/_vendor/rich/tree.py,.py,9451,c969d0eab02f446277a991aa06bc52d925b64ca05336b3f449d63c4313853eec,REFERENCE_ONLY,V27_REFERENCE_UNLESS_ORIGINALITY_APPROVED,pending-review
v27_clean_runtime_reference,.venv/Lib/site-packages/pip/_vendor/tomli/__init__.py,.py,314,3e1370fdec8b81d9fb31c27a9eb00df32226ddd5c2ef9bebd6c546555c034a90,REFERENCE_ONLY,V27_REFERENCE_UNLESS_ORIGINALITY_APPROVED,pending-review
v27_clean_runtime_reference,.venv/Lib/site-packages/pip/_vendor/tomli/_parser.py,.py,25591,f70f0b1b48c1edfc26659581d2f5576de7a30c7725e00348271076b1c1270e50,REFERENCE_ONLY,V27_REFERENCE_UNLESS_ORIGINALITY_APPROVED,pending-review
v27_clean_runtime_reference,.venv/Lib/site-packages/pip/_vendor/tomli/_re.py,.py,3171,b21e2c0434603bde0a259c0d22b81d73257fa906acb79d18bf3380506a510ca0,REFERENCE_ONLY,V27_REFERENCE_UNLESS_ORIGINALITY_APPROVED,pending-review
v27_clean_runtime_reference,.venv/Lib/site-packages/pip/_vendor/tomli/_types.py,.py,254,f864c6d9552a929c7032ace654ee05ef26ca75d21b027b801d77e65907138b74,REFERENCE_ONLY,V27_REFERENCE_UNLESS_ORIGINALITY_APPROVED,pending-review
v27_clean_runtime_reference,.venv/Lib/site-packages/pip/_vendor/truststore/__init__.py,.py,1264,5880decb35a6ec4557e38837e78336e6fa515db798d65b0f1fa12650951cab8a,REFERENCE_ONLY,V27_REFERENCE_UNLESS_ORIGINALITY_APPROVED,pending-review
v27_clean_runtime_reference,.venv/Lib/site-packages/pip/_vendor/truststore/_api.py,.py,10555,19e5d13539713d9de489fe2436887a258d28138411cd319c817afa97f5ff1a4d,REFERENCE_ONLY,V27_REFERENCE_UNLESS_ORIGINALITY_APPROVED,pending-review
v27_clean_runtime_reference,.venv/Lib/site-packages/pip/_vendor/truststore/_macos.py,.py,20503,9d994b90e9accd413483aaf2470055198e423b33f2b9d72c889b4359aacce4b4,REFERENCE_ONLY,V27_REFERENCE_UNLESS_ORIGINALITY_APPROVED,pending-review
v27_clean_runtime_reference,.venv/Lib/site-packages/pip/_vendor/truststore/_openssl.py,.py,2324,2cb519ed919a8a8fa2e5da4a2a328249e4ae7e69fa4fca62f650dc167bd2caad,REFERENCE_ONLY,V27_REFERENCE_UNLESS_ORIGINALITY_APPROVED,pending-review
v27_clean_runtime_reference,.venv/Lib/site-packages/pip/_vendor/truststore/_ssl_constants.py,.py,1130,3540f87d529d483d36ae2efe75bd2d9ced15a8b3fd687bb3992b5c5bbb40974f,REFERENCE_ONLY,V27_REFERENCE_UNLESS_ORIGINALITY_APPROVED,pending-review
v27_clean_runtime_reference,.venv/Lib/site-packages/pip/_vendor/truststore/_windows.py,.py,17993,ac01f22980fc33bb7e6d77c6f1580e55add3a5f85585bb78ad94253b8e58b8ff,REFERENCE_ONLY,V27_REFERENCE_UNLESS_ORIGINALITY_APPROVED,pending-review
v27_clean_runtime_reference,.venv/Lib/site-packages/pip/_vendor/typing_extensions.py,.py,134499,efc8459741e90d8fb29475150a759d5399d31f150fdbe4bedf011993a09098b9,REFERENCE_ONLY,V27_REFERENCE_UNLESS_ORIGINALITY_APPROVED,pending-review
v27_clean_runtime_reference,.venv/Lib/site-packages/pip/_vendor/urllib3/__init__.py,.py,3333,8972dc6222724a7d0635b58e3990c30298012f52603f8e0467c8b5efad12f0c7,REFERENCE_ONLY,V27_REFERENCE_UNLESS_ORIGINALITY_APPROVED,pending-review
v27_clean_runtime_reference,.venv/Lib/site-packages/pip/_vendor/urllib3/_collections.py,.py,11372,a72012249856ef074ea6a263f50240f05c8645fafc13cb94521a94be1174ef6f,REFERENCE_ONLY,V27_REFERENCE_UNLESS_ORIGINALITY_APPROVED,pending-review
v27_clean_runtime_reference,.venv/Lib/site-packages/pip/_vendor/urllib3/_version.py,.py,64,b7dc0607aa283935d782263ae8ad66e81652d422725c7014f04a160d37ba4a19,REFERENCE_ONLY,V27_REFERENCE_UNLESS_ORIGINALITY_APPROVED,pending-review
v27_clean_runtime_reference,.venv/Lib/site-packages/pip/_vendor/urllib3/connection.py,.py,20314,b6d200f74f41adb4d4cf092a11efd3cd9561e0938e8fb83ad58b1e8b69abc068,REFERENCE_ONLY,V27_REFERENCE_UNLESS_ORIGINALITY_APPROVED,pending-review
v27_clean_runtime_reference,.venv/Lib/site-packages/pip/_vendor/urllib3/connectionpool.py,.py,40408,7b67a203035b14d08ac63e1bc0328d2bec3b1c8752cf73a633153f4c8b7e7af4,REFERENCE_ONLY,V27_REFERENCE_UNLESS_ORIGINALITY_APPROVED,pending-review
v27_clean_runtime_reference,.venv/Lib/site-packages/pip/_vendor/urllib3/contrib/__init__.py,.py,0,e3b0c44298fc1c149afbf4c8996fb92427ae41e4649b934ca495991b7852b855,REFERENCE_ONLY,V27_REFERENCE_UNLESS_ORIGINALITY_APPROVED,pending-review
v27_clean_runtime_reference,.venv/Lib/site-packages/pip/_vendor/urllib3/contrib/_appengine_environ.py,.py,957,6c36f2384856d8228b25c42a00a032ac41cdf9a925b321c52aaeaf17c645b269,REFERENCE_ONLY,V27_REFERENCE_UNLESS_ORIGINALITY_APPROVED,pending-review
v27_clean_runtime_reference,.venv/Lib/site-packages/pip/_vendor/urllib3/contrib/_securetransport/__init__.py,.py,0,e3b0c44298fc1c149afbf4c8996fb92427ae41e4649b934ca495991b7852b855,REFERENCE_ONLY,V27_REFERENCE_UNLESS_ORIGINALITY_APPROVED,pending-review
v27_clean_runtime_reference,.venv/Lib/site-packages/pip/_vendor/urllib3/contrib/_securetransport/bindings.py,.py,17632,e1793ae2a2243c1b74f40e6af9120552e0e135cf665e29556a99bb5a7627cd1c,REFERENCE_ONLY,V27_REFERENCE_UNLESS_ORIGINALITY_APPROVED,pending-review
v27_clean_runtime_reference,.venv/Lib/site-packages/pip/_vendor/urllib3/contrib/_securetransport/low_level.py,.py,13922,076241076fcd44fd36c4ae8309ad4f6bd22ec6b3f0c730f365b8b14246fb53d3,REFERENCE_ONLY,V27_REFERENCE_UNLESS_ORIGINALITY_APPROVED,pending-review
v27_clean_runtime_reference,.venv/Lib/site-packages/pip/_vendor/urllib3/contrib/appengine.py,.py,11036,551ebc780544d77ee5c53823043c029dae5488165338a6b4d408fffb905a0b3e,REFERENCE_ONLY,V27_REFERENCE_UNLESS_ORIGINALITY_APPROVED,pending-review
v27_clean_runtime_reference,.venv/Lib/site-packages/pip/_vendor/urllib3/contrib/ntlmpool.py,.py,4528,3657e45bb58c756f338aab9da298c7a16dbdf688350535a2d0878889baae1709,REFERENCE_ONLY,V27_REFERENCE_UNLESS_ORIGINALITY_APPROVED,pending-review
v27_clean_runtime_reference,.venv/Lib/site-packages/pip/_vendor/urllib3/contrib/pyopenssl.py,.py,17081,843261e0c87263fa7ea0a9457187106954110efe86326046b96f728f1c9e7a33,REFERENCE_ONLY,V27_REFERENCE_UNLESS_ORIGINALITY_APPROVED,pending-review
v27_clean_runtime_reference,.venv/Lib/site-packages/pip/_vendor/urllib3/contrib/securetransport.py,.py,34446,15e7f5208514147aa97afcd78833db20690329c858d8554a79578b191d50ab78,REFERENCE_ONLY,V27_REFERENCE_UNLESS_ORIGINALITY_APPROVED,pending-review
v27_clean_runtime_reference,.venv/Lib/site-packages/pip/_vendor/urllib3/contrib/socks.py,.py,7097,6918bd7965e8f5911bf795d4c5e7f8676d421659e78db122028f473ac7a832de,REFERENCE_ONLY,V27_REFERENCE_UNLESS_ORIGINALITY_APPROVED,pending-review
v27_clean_runtime_reference,.venv/Lib/site-packages/pip/_vendor/urllib3/exceptions.py,.py,8217,d0c9e7a372874cd7d745f63beb7f0db9f38f9146fa9973a6f8baa3fb8c76c3c0,REFERENCE_ONLY,V27_REFERENCE_UNLESS_ORIGINALITY_APPROVED,pending-review
v27_clean_runtime_reference,.venv/Lib/site-packages/pip/_vendor/urllib3/fields.py,.py,8579,92f2c30a0fc9987d652e3514118fc52d2f14858ee106f0cfb951136d8f2676b3,REFERENCE_ONLY,V27_REFERENCE_UNLESS_ORIGINALITY_APPROVED,pending-review
v27_clean_runtime_reference,.venv/Lib/site-packages/pip/_vendor/urllib3/filepost.py,.py,2440,e5bfeaaa04475652fbb8bb5d018073061f861e653901f255b7fd8dd174b73de6,REFERENCE_ONLY,V27_REFERENCE_UNLESS_ORIGINALITY_APPROVED,pending-review
v27_clean_runtime_reference,.venv/Lib/site-packages/pip/_vendor/urllib3/packages/__init__.py,.py,0,e3b0c44298fc1c149afbf4c8996fb92427ae41e4649b934ca495991b7852b855,REFERENCE_ONLY,V27_REFERENCE_UNLESS_ORIGINALITY_APPROVED,pending-review
v27_clean_runtime_reference,.venv/Lib/site-packages/pip/_vendor/urllib3/packages/backports/__init__.py,.py,0,e3b0c44298fc1c149afbf4c8996fb92427ae41e4649b934ca495991b7852b855,REFERENCE_ONLY,V27_REFERENCE_UNLESS_ORIGINALITY_APPROVED,pending-review
v27_clean_runtime_reference,.venv/Lib/site-packages/pip/_vendor/urllib3/packages/backports/makefile.py,.py,1417,9dbcedde2d1a80f54fd3b8eaaa08e16988cc9ae022fd6e44d04cb0662bd53bc1,REFERENCE_ONLY,V27_REFERENCE_UNLESS_ORIGINALITY_APPROVED,pending-review
v27_clean_runtime_reference,.venv/Lib/site-packages/pip/_vendor/urllib3/packages/backports/weakref_finalize.py,.py,5343,b5109a97938084d491c9bd03847a7edfc02d2250ac44ff01c45dcd5feeaba880,REFERENCE_ONLY,V27_REFERENCE_UNLESS_ORIGINALITY_APPROVED,pending-review
v27_clean_runtime_reference,.venv/Lib/site-packages/pip/_vendor/urllib3/packages/six.py,.py,34665,6fd2ccd30057bfb13b4ab6c28c09b8c3037e86b1fe88dc6fd7c2e058d30c28fa,REFERENCE_ONLY,V27_REFERENCE_UNLESS_ORIGINALITY_APPROVED,pending-review
v27_clean_runtime_reference,.venv/Lib/site-packages/pip/_vendor/urllib3/poolmanager.py,.py,19990,696ca15d1b4d3b82549c249556a29329077c1174ef526d5537da60b366dc38da,REFERENCE_ONLY,V27_REFERENCE_UNLESS_ORIGINALITY_APPROVED,pending-review
v27_clean_runtime_reference,.venv/Lib/site-packages/pip/_vendor/urllib3/request.py,.py,6691,61358536bed023087b1355bd75d7bd2ccefbbf65564c9e55efc5ee4d3c3b0f50,REFERENCE_ONLY,V27_REFERENCE_UNLESS_ORIGINALITY_APPROVED,pending-review
v27_clean_runtime_reference,.venv/Lib/site-packages/pip/_vendor/urllib3/response.py,.py,30641,7e60c9005906ef5b854e7fac5524e1d88c345a6717418aa46d18e286fc018d4f,REFERENCE_ONLY,V27_REFERENCE_UNLESS_ORIGINALITY_APPROVED,pending-review
v27_clean_runtime_reference,.venv/Lib/site-packages/pip/_vendor/urllib3/util/__init__.py,.py,1155,2449929a6aaa2f26b0f0fe75814226661f06c20f62d7349ef83a2a022b67da77,REFERENCE_ONLY,V27_REFERENCE_UNLESS_ORIGINALITY_APPROVED,pending-review
v27_clean_runtime_reference,.venv/Lib/site-packages/pip/_vendor/urllib3/util/connection.py,.py,4901,e4bc760753d6dbd2b1067d93d3190dd420604416b780654904aa10a11a201159,REFERENCE_ONLY,V27_REFERENCE_UNLESS_ORIGINALITY_APPROVED,pending-review
v27_clean_runtime_reference,.venv/Lib/site-packages/pip/_vendor/urllib3/util/proxy.py,.py,1605,cd4bcf3c226ba7a74e17437818055b39c97aa3ee2e5ca4ab1a24e492be6f512e,REFERENCE_ONLY,V27_REFERENCE_UNLESS_ORIGINALITY_APPROVED,pending-review
v27_clean_runtime_reference,.venv/Lib/site-packages/pip/_vendor/urllib3/util/queue.py,.py,498,9d1817f3f797fbf564bf1a17d3de905a8cfc3ecd101d4004c482c263fecf9dc3,REFERENCE_ONLY,V27_REFERENCE_UNLESS_ORIGINALITY_APPROVED,pending-review
v27_clean_runtime_reference,.venv/Lib/site-packages/pip/_vendor/urllib3/util/request.py,.py,3997,0b4394b76b5c53a2d189027b61834ff46bcfad2be5ef388805e910fb99e50599,REFERENCE_ONLY,V27_REFERENCE_UNLESS_ORIGINALITY_APPROVED,pending-review
v27_clean_runtime_reference,.venv/Lib/site-packages/pip/_vendor/urllib3/util/response.py,.py,3510,189a60dc4822f6a6895d1c01879c2ff8c36e4566a7e4122ee34a117a8c563f6f,REFERENCE_ONLY,V27_REFERENCE_UNLESS_ORIGINALITY_APPROVED,pending-review
v27_clean_runtime_reference,.venv/Lib/site-packages/pip/_vendor/urllib3/util/retry.py,.py,22050,e8436f399f0f043ce1f24822c69aa5f6522b6f67711fe93b66605a9c9176360e,REFERENCE_ONLY,V27_REFERENCE_UNLESS_ORIGINALITY_APPROVED,pending-review
v27_clean_runtime_reference,.venv/Lib/site-packages/pip/_vendor/urllib3/util/ssl_.py,.py,17460,403bae4f13d20a3d6b62d678c690fb531fabdb44c3e74687caa2b2850ec1ab80,REFERENCE_ONLY,V27_REFERENCE_UNLESS_ORIGINALITY_APPROVED,pending-review
v27_clean_runtime_reference,.venv/Lib/site-packages/pip/_vendor/urllib3/util/ssl_match_hostname.py,.py,5758,22be1c65512398093c8140081d64a2ef0b4e3bcdd4098001636c450f5425fd60,REFERENCE_ONLY,V27_REFERENCE_UNLESS_ORIGINALITY_APPROVED,pending-review
v27_clean_runtime_reference,.venv/Lib/site-packages/pip/_vendor/urllib3/util/ssltransport.py,.py,6895,340faee6b313ac3143142f10cd129410a306d39eb584e0f8a814ebdd9e29bfa1,REFERENCE_ONLY,V27_REFERENCE_UNLESS_ORIGINALITY_APPROVED,pending-review
v27_clean_runtime_reference,.venv/Lib/site-packages/pip/_vendor/urllib3/util/timeout.py,.py,10168,730ab874c93cee624748192d2b59a2609fbce46fb74f74664f6d2fed2142a67a,REFERENCE_ONLY,V27_REFERENCE_UNLESS_ORIGINALITY_APPROVED,pending-review
v27_clean_runtime_reference,.venv/Lib/site-packages/pip/_vendor/urllib3/util/url.py,.py,14296,942004ecce66c80f040dd5b4b09bb2c9985507d2bf8f7f258d684702715a5a81,REFERENCE_ONLY,V27_REFERENCE_UNLESS_ORIGINALITY_APPROVED,pending-review
v27_clean_runtime_reference,.venv/Lib/site-packages/pip/_vendor/urllib3/util/wait.py,.py,5403,7ce5f4fdf6a8cc6d8fee25688d0a04d666f277078dc93726fa15c47c5ad3b4b2,REFERENCE_ONLY,V27_REFERENCE_UNLESS_ORIGINALITY_APPROVED,pending-review
v27_clean_runtime_reference,.venv/Lib/site-packages/pluggy/__init__.py,.py,811,0fa769d609840e3b43a7c840c1073eaab81aba59cbe2296daea90b0ddfa0f6d8,REFERENCE_ONLY,V27_REFERENCE_UNLESS_ORIGINALITY_APPROVED,pending-review
v27_clean_runtime_reference,.venv/Lib/site-packages/pluggy/_callers.py,.py,5991,804665946692615b2c676526a4d7e6602d1b755821da361b0057982afb913236,REFERENCE_ONLY,V27_REFERENCE_UNLESS_ORIGINALITY_APPROVED,pending-review
v27_clean_runtime_reference,.venv/Lib/site-packages/pluggy/_hooks.py,.py,25218,13a7f79d8708e9d6c4b8ed069b2eb5a3380653fe7dfdeebd902d3c6b4e8406ea,REFERENCE_ONLY,V27_REFERENCE_UNLESS_ORIGINALITY_APPROVED,pending-review
v27_clean_runtime_reference,.venv/Lib/site-packages/pluggy/_manager.py,.py,20219,2b8229fe99048ef4f6a0e21f40fa7c0b0016a1756710d81045ccbdb651a28b4a,REFERENCE_ONLY,V27_REFERENCE_UNLESS_ORIGINALITY_APPROVED,pending-review
v27_clean_runtime_reference,.venv/Lib/site-packages/pluggy/_result.py,.py,3098,dd77f2ec3ae35db61bee9b91aaec98d956e274858daba3e9ed09ee12531d8fc4,REFERENCE_ONLY,V27_REFERENCE_UNLESS_ORIGINALITY_APPROVED,pending-review
v27_clean_runtime_reference,.venv/Lib/site-packages/pluggy/_tracing.py,.py,2073,9d777604298381ff2327157e1cedcfab147e595e777969c5f01e001759c91a0a,REFERENCE_ONLY,V27_REFERENCE_UNLESS_ORIGINALITY_APPROVED,pending-review
v27_clean_runtime_reference,.venv/Lib/site-packages/pluggy/_version.py,.py,511,e45189369f4b924f6e3b17828d7a68086045efd02be8b18f391efe6ad06a6ffe,REFERENCE_ONLY,V27_REFERENCE_UNLESS_ORIGINALITY_APPROVED,pending-review
v27_clean_runtime_reference,.venv/Lib/site-packages/pluggy/_warnings.py,.py,828,b5dd00bd90697da9ab8820b73aab0bc31321f92cc03237e399ce7c4f9bcfde5c,REFERENCE_ONLY,V27_REFERENCE_UNLESS_ORIGINALITY_APPROVED,pending-review
v27_clean_runtime_reference,.venv/Lib/site-packages/py.py,.py,329,b71675b5d9845ba0814e9e88767f88dac3b3cc0d3128da028bd45edbb523e871,REFERENCE_ONLY,V27_REFERENCE_UNLESS_ORIGINALITY_APPROVED,pending-review
v27_clean_runtime_reference,.venv/Lib/site-packages/pygments/__init__.py,.py,2962,673a675e9be7bf473baff3884bc87b51e6844aa60d28ccbffe957b2828965f1c,REFERENCE_ONLY,V27_REFERENCE_UNLESS_ORIGINALITY_APPROVED,pending-review
v27_clean_runtime_reference,.venv/Lib/site-packages/pygments/__main__.py,.py,351,4195a3d13e934d1b2aafec3ed18bd520ba350f202fcf3c9d18244e370744ceaa,REFERENCE_ONLY,V27_REFERENCE_UNLESS_ORIGINALITY_APPROVED,pending-review
v27_clean_runtime_reference,.venv/Lib/site-packages/pygments/cmdline.py,.py,23542,fdd3a7aed6bfd8621ef0983ed58d296f9bd68bc2fa413889cf2a13b87ad8adb3,REFERENCE_ONLY,V27_REFERENCE_UNLESS_ORIGINALITY_APPROVED,pending-review
v27_clean_runtime_reference,.venv/Lib/site-packages/pygments/console.py,.py,1721,0b5f3d240c210b5421d002a0b21cdbd70543cc5a819efd55678e644c40c83b7d,REFERENCE_ONLY,V27_REFERENCE_UNLESS_ORIGINALITY_APPROVED,pending-review
v27_clean_runtime_reference,.venv/Lib/site-packages/pygments/filter.py,.py,1913,d5d9db92ad80742dc0907b770da5f09ce91304b0a1975911ea76922f09ebfed7,REFERENCE_ONLY,V27_REFERENCE_UNLESS_ORIGINALITY_APPROVED,pending-review
v27_clean_runtime_reference,.venv/Lib/site-packages/pygments/filters/__init__.py,.py,40349,d37658748626c6758287b80d5c3ee5110f3af437f89331e7386338e222716a7f,REFERENCE_ONLY,V27_REFERENCE_UNLESS_ORIGINALITY_APPROVED,pending-review
v27_clean_runtime_reference,.venv/Lib/site-packages/pygments/formatter.py,.py,4369,3d30674d6d041e47b6bf39402aebc72648f7fbf08c8fc76e231fb7c955227bea,REFERENCE_ONLY,V27_REFERENCE_UNLESS_ORIGINALITY_APPROVED,pending-review
v27_clean_runtime_reference,.venv/Lib/site-packages/pygments/formatters/__init__.py,.py,5352,a8f1b8ab972e69944606096610954b3f8483bf8dd0237b4052c923df433e98e6,REFERENCE_ONLY,V27_REFERENCE_UNLESS_ORIGINALITY_APPROVED,pending-review
v27_clean_runtime_reference,.venv/Lib/site-packages/pygments/formatters/_mapping.py,.py,4176,d42c37ec5b9094d69c9f144a9ad94f5f89f22e85fdfedb64a39670b1c354659e,REFERENCE_ONLY,V27_REFERENCE_UNLESS_ORIGINALITY_APPROVED,pending-review
v27_clean_runtime_reference,.venv/Lib/site-packages/pygments/formatters/bbcode.py,.py,3299,96f1b5444649bf4a4ce9531ef90c0b4aea34625d516bf5f9d7087dddf5bc0369,REFERENCE_ONLY,V27_REFERENCE_UNLESS_ORIGINALITY_APPROVED,pending-review
v27_clean_runtime_reference,.venv/Lib/site-packages/pygments/formatters/groff.py,.py,5085,6a71777cd6c3630c0e969a4e528293660e05cf33db66b1388dc24231de3dff58,REFERENCE_ONLY,V27_REFERENCE_UNLESS_ORIGINALITY_APPROVED,pending-review
v27_clean_runtime_reference,.venv/Lib/site-packages/pygments/formatters/html.py,.py,36053,a9ee0feaa215e3ad87919a2f4bcb39c4a2b26173d042f523cfa5a3ec75f50b16,REFERENCE_ONLY,V27_REFERENCE_UNLESS_ORIGINALITY_APPROVED,pending-review
v27_clean_runtime_reference,.venv/Lib/site-packages/pygments/formatters/img.py,.py,23304,e35b92634a4a83d56628962b1ee6af095820d33fa683cd69dbc404324b707f5a,REFERENCE_ONLY,V27_REFERENCE_UNLESS_ORIGINALITY_APPROVED,pending-review
v27_clean_runtime_reference,.venv/Lib/site-packages/pygments/formatters/irc.py,.py,4907,85d3aa02f174d9b23c098f3fb6eb67529b4166958404bcd502a4b8fd8034b5ec,REFERENCE_ONLY,V27_REFERENCE_UNLESS_ORIGINALITY_APPROVED,pending-review
v27_clean_runtime_reference,.venv/Lib/site-packages/pygments/formatters/latex.py,.py,19261,710984d4d8f813dab93745d0241aa973a74bb6ee5434eb58ab7a653f2097d479,REFERENCE_ONLY,V27_REFERENCE_UNLESS_ORIGINALITY_APPROVED,pending-review
v27_clean_runtime_reference,.venv/Lib/site-packages/pygments/formatters/other.py,.py,4989,1eaeaa6383ce059fe5940591af583348ef54a1e60f38d94b3012bad11916e1b8,REFERENCE_ONLY,V27_REFERENCE_UNLESS_ORIGINALITY_APPROVED,pending-review
v27_clean_runtime_reference,.venv/Lib/site-packages/pygments/formatters/pangomarkup.py,.py,2209,2f88d4ea83b5f14a8432a5de3791643ed922b17ad7b97abdc1c79c832ffa773a,REFERENCE_ONLY,V27_REFERENCE_UNLESS_ORIGINALITY_APPROVED,pending-review
v27_clean_runtime_reference,.venv/Lib/site-packages/pygments/formatters/rtf.py,.py,11924,610616f0d4eb0785df3a32db433badc83e23df94e2985359d13dfd7444fd0cea,REFERENCE_ONLY,V27_REFERENCE_UNLESS_ORIGINALITY_APPROVED,pending-review
v27_clean_runtime_reference,.venv/Lib/site-packages/pygments/formatters/svg.py,.py,7141,a24b174fe6674c70ec9f55ad5a006cf55eea98a16cc002b1ee3577eed6f6b586,REFERENCE_ONLY,V27_REFERENCE_UNLESS_ORIGINALITY_APPROVED,pending-review
v27_clean_runtime_reference,.venv/Lib/site-packages/pygments/formatters/terminal.py,.py,4629,abb8cb2da9e57b7dde099903af80a81c037e7470457f50c1862e0570143cff51,REFERENCE_ONLY,V27_REFERENCE_UNLESS_ORIGINALITY_APPROVED,pending-review
v27_clean_runtime_reference,.venv/Lib/site-packages/pygments/formatters/terminal256.py,.py,11717,3e903fa004c70a28775138eb6df2aa21151cbecca9fd3781686c379292317810,REFERENCE_ONLY,V27_REFERENCE_UNLESS_ORIGINALITY_APPROVED,pending-review
v27_clean_runtime_reference,.venv/Lib/site-packages/pygments/lexer.py,.py,35154,80d318ce675291337259faa22c9dfba147752ab37f74c5edb0fc9a5f6fa7f440,REFERENCE_ONLY,V27_REFERENCE_UNLESS_ORIGINALITY_APPROVED,pending-review
v27_clean_runtime_reference,.venv/Lib/site-packages/pygments/lexers/__init__.py,.py,12070,1b876da84e5030402aa1a683d6bc126597aea8a84cc92e2eb65333d6cce4ad38,REFERENCE_ONLY,V27_REFERENCE_UNLESS_ORIGINALITY_APPROVED,pending-review
v27_clean_runtime_reference,.venv/Lib/site-packages/pygments/lexers/_ada_builtins.py,.py,1546,7596fe96876c48ce8be5e98b9602e0fab0a59b61ee9af9c72bbd827ad9d245d0,REFERENCE_ONLY,V27_REFERENCE_UNLESS_ORIGINALITY_APPROVED,pending-review
v27_clean_runtime_reference,.venv/Lib/site-packages/pygments/lexers/_asy_builtins.py,.py,27290,ce0e787c6860cd65d0524ebea99e8e5b91932fd7783ab9c1f12250923ac3d31b,REFERENCE_ONLY,V27_REFERENCE_UNLESS_ORIGINALITY_APPROVED,pending-review
v27_clean_runtime_reference,.venv/Lib/site-packages/pygments/lexers/_cl_builtins.py,.py,13997,a01174d19909c83d782e462e47ad371031483328ad9337b5d9a4fb5330d82d8b,REFERENCE_ONLY,V27_REFERENCE_UNLESS_ORIGINALITY_APPROVED,pending-review
v27_clean_runtime_reference,.venv/Lib/site-packages/pygments/lexers/_cocoa_builtins.py,.py,105176,69beacabe8b2e4b6a913570d63297c3c95cb83a108357c7e94c45bc0445d298b,REFERENCE_ONLY,V27_REFERENCE_UNLESS_ORIGINALITY_APPROVED,pending-review
v27_clean_runtime_reference,.venv/Lib/site-packages/pygments/lexers/_csound_builtins.py,.py,18417,c2e5a2423984321695bec57c6ff79fb1e6e053460a228302d040a939abd30883,REFERENCE_ONLY,V27_REFERENCE_UNLESS_ORIGINALITY_APPROVED,pending-review
v27_clean_runtime_reference,.venv/Lib/site-packages/pygments/lexers/_css_builtins.py,.py,12449,aa1982e2d4461b9df3bf3310135aa7efde0bbdb54e0d1b5569cc5608fde42240,REFERENCE_ONLY,V27_REFERENCE_UNLESS_ORIGINALITY_APPROVED,pending-review
v27_clean_runtime_reference,.venv/Lib/site-packages/pygments/lexers/_googlesql_builtins.py,.py,16135,9867ce1ae28a8d9a071c0019aba1e973af31d2a2b2731f925ffc060d27123982,REFERENCE_ONLY,V27_REFERENCE_UNLESS_ORIGINALITY_APPROVED,pending-review
v27_clean_runtime_reference,.venv/Lib/site-packages/pygments/lexers/_julia_builtins.py,.py,11886,bbabf4c80cd98ea504363888439a8c7dcb28d6bffa111a866e3dda1f0167caa0,REFERENCE_ONLY,V27_REFERENCE_UNLESS_ORIGINALITY_APPROVED,pending-review
v27_clean_runtime_reference,.venv/Lib/site-packages/pygments/lexers/_lasso_builtins.py,.py,134513,60efdcfdfd39668c6ca47c42477a16402a5985b00953304906156ebb04e3af97,REFERENCE_ONLY,V27_REFERENCE_UNLESS_ORIGINALITY_APPROVED,pending-review
v27_clean_runtime_reference,.venv/Lib/site-packages/pygments/lexers/_lilypond_builtins.py,.py,115114,fbfe22e20a600e07051ef6993092f6b35ac8f5d48d636642eaf3baba5ec79a5d,REFERENCE_ONLY,V27_REFERENCE_UNLESS_ORIGINALITY_APPROVED,pending-review
v27_clean_runtime_reference,.venv/Lib/site-packages/pygments/lexers/_lua_builtins.py,.py,8111,32c0d5f6c11b26780aa17499bb4c576b01af77a5e315fd76e67b9704da1f7dd5,REFERENCE_ONLY,V27_REFERENCE_UNLESS_ORIGINALITY_APPROVED,pending-review
v27_clean_runtime_reference,.venv/Lib/site-packages/pygments/lexers/_luau_builtins.py,.py,958,60b523d9b719d026f448190894d5d61c518350592975d389c7eba4ad9c7570c7,REFERENCE_ONLY,V27_REFERENCE_UNLESS_ORIGINALITY_APPROVED,pending-review
v27_clean_runtime_reference,.venv/Lib/site-packages/pygments/lexers/_mapping.py,.py,70758,61b4090757aa78693ba25e4d80c30f2eb0f7546753c204029774ef2f0b71c310,REFERENCE_ONLY,V27_REFERENCE_UNLESS_ORIGINALITY_APPROVED,pending-review
v27_clean_runtime_reference,.venv/Lib/site-packages/pygments/lexers/_mql_builtins.py,.py,24716,0a472f3321d8878539ac6815e808128714674cebf4b66a846ce8957696852eab,REFERENCE_ONLY,V27_REFERENCE_UNLESS_ORIGINALITY_APPROVED,pending-review
v27_clean_runtime_reference,.venv/Lib/site-packages/pygments/lexers/_mysql_builtins.py,.py,26876,4aa895615562aed9cde254a0b5f7913f1b55a5cba68d4bef52af67f0939bb90e,REFERENCE_ONLY,V27_REFERENCE_UNLESS_ORIGINALITY_APPROVED,pending-review
v27_clean_runtime_reference,.venv/Lib/site-packages/pygments/lexers/_openedge_builtins.py,.py,49401,033175a3a78090c73abe7be6795a8d9d46545628f36cd6248f3ad476d0907b73,REFERENCE_ONLY,V27_REFERENCE_UNLESS_ORIGINALITY_APPROVED,pending-review
v27_clean_runtime_reference,.venv/Lib/site-packages/pygments/lexers/_php_builtins.py,.py,108054,f60f962d3dea6d21a8950241ff83d2e855bfafb1d55c15af239396c4ab5bc289,REFERENCE_ONLY,V27_REFERENCE_UNLESS_ORIGINALITY_APPROVED,pending-review
v27_clean_runtime_reference,.venv/Lib/site-packages/pygments/lexers/_postgres_builtins.py,.py,13346,4068369814d3860bf82dd5e3166e70aca68a9c253d0ee6e6262ea55c1ef2d8c8,REFERENCE_ONLY,V27_REFERENCE_UNLESS_ORIGINALITY_APPROVED,pending-review
v27_clean_runtime_reference,.venv/Lib/site-packages/pygments/lexers/_qlik_builtins.py,.py,12598,dd99024838edc52c570c8f5eae28164cb49472dfdaa7f5b42ea7d98c578a4182,REFERENCE_ONLY,V27_REFERENCE_UNLESS_ORIGINALITY_APPROVED,pending-review
v27_clean_runtime_reference,.venv/Lib/site-packages/pygments/lexers/_scheme_builtins.py,.py,32567,3b7051b6de6cb931126d9fdb491790e83d2bd06fd2abf8b8c0271491d52b752d,REFERENCE_ONLY,V27_REFERENCE_UNLESS_ORIGINALITY_APPROVED,pending-review
v27_clean_runtime_reference,.venv/Lib/site-packages/pygments/lexers/_scilab_builtins.py,.py,52414,137dd1d2692735cfb9799f5482eeeeec0bffbd4c40690a0c4ed771dcc71ecb15,REFERENCE_ONLY,V27_REFERENCE_UNLESS_ORIGINALITY_APPROVED,pending-review
v27_clean_runtime_reference,.venv/Lib/site-packages/pygments/lexers/_sourcemod_builtins.py,.py,26780,f2ab292f108bb1f37d27b37449665136cd00faa24e20644100968d31e59a3814,REFERENCE_ONLY,V27_REFERENCE_UNLESS_ORIGINALITY_APPROVED,pending-review
v27_clean_runtime_reference,.venv/Lib/site-packages/pygments/lexers/_sql_builtins.py,.py,6770,7cba61a2707ac2fe8e8adf336a7262131811a0bbd9a055b897d94d1fe3d362fc,REFERENCE_ONLY,V27_REFERENCE_UNLESS_ORIGINALITY_APPROVED,pending-review
v27_clean_runtime_reference,.venv/Lib/site-packages/pygments/lexers/_stan_builtins.py,.py,16623,b08a0e360e138cb90637b01bd2d641d4733bb50d3bd7f676738d67f655d9974e,REFERENCE_ONLY,V27_REFERENCE_UNLESS_ORIGINALITY_APPROVED,pending-review
v27_clean_runtime_reference,.venv/Lib/site-packages/pygments/lexers/_stata_builtins.py,.py,27230,ca687c1b111c6ba7920a01e7aac2eab22f4eadf46a627b793bcc817a29c9ec31,REFERENCE_ONLY,V27_REFERENCE_UNLESS_ORIGINALITY_APPROVED,pending-review
v27_clean_runtime_reference,.venv/Lib/site-packages/pygments/lexers/_tsql_builtins.py,.py,15463,330e949cc0728eed14f8e0604fc69fdc0e2eb5fad2d344e7e650e76b106d8fd7,REFERENCE_ONLY,V27_REFERENCE_UNLESS_ORIGINALITY_APPROVED,pending-review
v27_clean_runtime_reference,.venv/Lib/site-packages/pygments/lexers/_usd_builtins.py,.py,1661,486a7f78f7f656e92dac5579f6ae9d7f8993cb1655ec0658b344c91525a80402,REFERENCE_ONLY,V27_REFERENCE_UNLESS_ORIGINALITY_APPROVED,pending-review
v27_clean_runtime_reference,.venv/Lib/site-packages/pygments/lexers/_vbscript_builtins.py,.py,4228,4c5b72735d72be90ff3a536bac56dc08e26851891632adc47871c2a70ff324d7,REFERENCE_ONLY,V27_REFERENCE_UNLESS_ORIGINALITY_APPROVED,pending-review
v27_clean_runtime_reference,.venv/Lib/site-packages/pygments/lexers/_vim_builtins.py,.py,57069,6c1ea474b14cdf7ba863eb00b6c46e5193a871c69ae200c0b1d160e16004b285,REFERENCE_ONLY,V27_REFERENCE_UNLESS_ORIGINALITY_APPROVED,pending-review
v27_clean_runtime_reference,.venv/Lib/site-packages/pygments/lexers/actionscript.py,.py,11737,91b1e1a0397b26357344432fd54bb160144968faf11c39261000b908e98e215c,REFERENCE_ONLY,V27_REFERENCE_UNLESS_ORIGINALITY_APPROVED,pending-review
v27_clean_runtime_reference,.venv/Lib/site-packages/pygments/lexers/ada.py,.py,5356,9b63bb758cc955cde2b9281a0be4e2f86877086f899a9662b7f0cf669bb52083,REFERENCE_ONLY,V27_REFERENCE_UNLESS_ORIGINALITY_APPROVED,pending-review
v27_clean_runtime_reference,.venv/Lib/site-packages/pygments/lexers/agile.py,.py,899,0eefaf8e719910f1ee138d17c5330ef972ede7aa5870868a200c48c1c607147d,REFERENCE_ONLY,V27_REFERENCE_UNLESS_ORIGINALITY_APPROVED,pending-review
v27_clean_runtime_reference,.venv/Lib/site-packages/pygments/lexers/algebra.py,.py,10032,da24121b17d5b815c11c025dcdb6cfbeda6f44e6137f17cc8af0da824f727e1f,REFERENCE_ONLY,V27_REFERENCE_UNLESS_ORIGINALITY_APPROVED,pending-review
v27_clean_runtime_reference,.venv/Lib/site-packages/pygments/lexers/ambient.py,.py,2608,f0d93c597e2aac877dce3ff3823241b854f8d324171b6397c45861177474d20f,REFERENCE_ONLY,V27_REFERENCE_UNLESS_ORIGINALITY_APPROVED,pending-review
v27_clean_runtime_reference,.venv/Lib/site-packages/pygments/lexers/amdgpu.py,.py,1726,28c0cb75bfb568af5125a36c4a43f2894dc3404fc7763045d296b0ff28893110,REFERENCE_ONLY,V27_REFERENCE_UNLESS_ORIGINALITY_APPROVED,pending-review
v27_clean_runtime_reference,.venv/Lib/site-packages/pygments/lexers/ampl.py,.py,4179,20ab8c544e9a5ec6b84baaa9b9cfc3bc4b09989a722833606b4f413c52ef6310,REFERENCE_ONLY,V27_REFERENCE_UNLESS_ORIGINALITY_APPROVED,pending-review
v27_clean_runtime_reference,.venv/Lib/site-packages/pygments/lexers/apdlexer.py,.py,30803,a6e4a92c159ebdc89273c1b4c20d98ff2408a0682a3deb345019291489aabcee,REFERENCE_ONLY,V27_REFERENCE_UNLESS_ORIGINALITY_APPROVED,pending-review
v27_clean_runtime_reference,.venv/Lib/site-packages/pygments/lexers/apl.py,.py,3407,fa384f62c0554f87242fb0999ae90864d8bab5f68925b064dafbad95ddfbdabb,REFERENCE_ONLY,V27_REFERENCE_UNLESS_ORIGINALITY_APPROVED,pending-review
v27_clean_runtime_reference,.venv/Lib/site-packages/pygments/lexers/archetype.py,.py,11577,6ee847d961edc41a30cbf283e523e6e6f807a662e828c755f6d80cb3f6c4e315,REFERENCE_ONLY,V27_REFERENCE_UNLESS_ORIGINALITY_APPROVED,pending-review
v27_clean_runtime_reference,.venv/Lib/site-packages/pygments/lexers/arrow.py,.py,3567,7ba99bdc8c788cbed3306354a64f2245b272fd517b558d89d155249e5a3512f0,REFERENCE_ONLY,V27_REFERENCE_UNLESS_ORIGINALITY_APPROVED,pending-review
v27_clean_runtime_reference,.venv/Lib/site-packages/pygments/lexers/arturo.py,.py,11417,1a492539a8842533b3f04d3377177f85dd735f0bfb958829f08265eee875de18,REFERENCE_ONLY,V27_REFERENCE_UNLESS_ORIGINALITY_APPROVED,pending-review
v27_clean_runtime_reference,.venv/Lib/site-packages/pygments/lexers/asc.py,.py,1696,0af1528bb1580d6e9ebbee6888a19cd0c377685d575590e8148e7ede61e90439,REFERENCE_ONLY,V27_REFERENCE_UNLESS_ORIGINALITY_APPROVED,pending-review
v27_clean_runtime_reference,.venv/Lib/site-packages/pygments/lexers/asm.py,.py,42219,8c7277083b6f1e0bb8857e2456fbc9c9c8852d633a1406050cf1bfce3053cab7,REFERENCE_ONLY,V27_REFERENCE_UNLESS_ORIGINALITY_APPROVED,pending-review
v27_clean_runtime_reference,.venv/Lib/site-packages/pygments/lexers/asn1.py,.py,4267,30b6a439e04591d84a2abe36787173a27a46213109c51fc6a1df2faa358fbdae,REFERENCE_ONLY,V27_REFERENCE_UNLESS_ORIGINALITY_APPROVED,pending-review
v27_clean_runtime_reference,.venv/Lib/site-packages/pygments/lexers/automation.py,.py,19834,81d498b25916f6c6e50dcbcc78ad5acb5e6b6fdbd1b8ae7aa4f389cddc6522f8,REFERENCE_ONLY,V27_REFERENCE_UNLESS_ORIGINALITY_APPROVED,pending-review
v27_clean_runtime_reference,.venv/Lib/site-packages/pygments/lexers/bare.py,.py,3023,01da8bf59db49ddd1b84d19689e94b8401de8fa57cffc9b539652408ead2071f,REFERENCE_ONLY,V27_REFERENCE_UNLESS_ORIGINALITY_APPROVED,pending-review
v27_clean_runtime_reference,.venv/Lib/site-packages/pygments/lexers/basic.py,.py,27992,36a37121e1e18c152d7a7c02749f3c596104dcdedad7a0c0f60d7f0f599d985d,REFERENCE_ONLY,V27_REFERENCE_UNLESS_ORIGINALITY_APPROVED,pending-review
v27_clean_runtime_reference,.venv/Lib/site-packages/pygments/lexers/bdd.py,.py,1644,29eb8ecd704b251c71336815eda32e62c755fda2451f206e17ca6d0695b10f93,REFERENCE_ONLY,V27_REFERENCE_UNLESS_ORIGINALITY_APPROVED,pending-review
v27_clean_runtime_reference,.venv/Lib/site-packages/pygments/lexers/berry.py,.py,3212,bc87d3e2c06d9ba6a8eb859d364253549992d3406215d116bdbde86c15c1797f,REFERENCE_ONLY,V27_REFERENCE_UNLESS_ORIGINALITY_APPROVED,pending-review
v27_clean_runtime_reference,.venv/Lib/site-packages/pygments/lexers/bibtex.py,.py,4814,b207c5a97c8dc82c5138721ef02d20adeebdaf36c00c02e7a43b536aa1df49ab,REFERENCE_ONLY,V27_REFERENCE_UNLESS_ORIGINALITY_APPROVED,pending-review
v27_clean_runtime_reference,.venv/Lib/site-packages/pygments/lexers/blueprint.py,.py,6191,756f8be5b148896c513c36ac85e7b610e6265c8447770b82675cb788df9aebfd,REFERENCE_ONLY,V27_REFERENCE_UNLESS_ORIGINALITY_APPROVED,pending-review
v27_clean_runtime_reference,.venv/Lib/site-packages/pygments/lexers/boa.py,.py,3924,56a605d5883f5dd0c0e6d2bf122ba8d6bafb79d881b0a513a41eb1cdafc1e5de,REFERENCE_ONLY,V27_REFERENCE_UNLESS_ORIGINALITY_APPROVED,pending-review
v27_clean_runtime_reference,.venv/Lib/site-packages/pygments/lexers/bqn.py,.py,3674,b1ee16d973ec3624f7eb3d009bd5f9178c8d2eb42f308e57f26898e91f5210cf,REFERENCE_ONLY,V27_REFERENCE_UNLESS_ORIGINALITY_APPROVED,pending-review
v27_clean_runtime_reference,.venv/Lib/site-packages/pygments/lexers/business.py,.py,28348,3176289a342261a4e69d482343b2d4c63714d62da25438d97573d37aa3a50e33,REFERENCE_ONLY,V27_REFERENCE_UNLESS_ORIGINALITY_APPROVED,pending-review
v27_clean_runtime_reference,.venv/Lib/site-packages/pygments/lexers/c_cpp.py,.py,18321,d95890a0b636d98eb17735c39b0cf7d2b31c8a3ec47a636ae2fa5312c7e5eec8,REFERENCE_ONLY,V27_REFERENCE_UNLESS_ORIGINALITY_APPROVED,pending-review
v27_clean_runtime_reference,.venv/Lib/site-packages/pygments/lexers/c_like.py,.py,32024,ada7cb350a9c11b7fef7b5690ed48841949299d88c0f8a0161e12cec36720728,REFERENCE_ONLY,V27_REFERENCE_UNLESS_ORIGINALITY_APPROVED,pending-review
v27_clean_runtime_reference,.venv/Lib/site-packages/pygments/lexers/capnproto.py,.py,2177,91cdeb4fde4691e426ad6d4b78fe473156fb364f2ca97916e8e26491620761b0,REFERENCE_ONLY,V27_REFERENCE_UNLESS_ORIGINALITY_APPROVED,pending-review
v27_clean_runtime_reference,.venv/Lib/site-packages/pygments/lexers/carbon.py,.py,3214,fccfb461ba1f8d932b2486a25caa13eb0a64777ffa7c5abe39d499ed5f7ad48e,REFERENCE_ONLY,V27_REFERENCE_UNLESS_ORIGINALITY_APPROVED,pending-review
v27_clean_runtime_reference,.venv/Lib/site-packages/pygments/lexers/cddl.py,.py,5079,ed6ae2daadb229ec56a34083eecd9cec0a0200c6ebc32104e9ffe0cf907ac756,REFERENCE_ONLY,V27_REFERENCE_UNLESS_ORIGINALITY_APPROVED,pending-review
v27_clean_runtime_reference,.venv/Lib/site-packages/pygments/lexers/chapel.py,.py,5159,4af6573498a35b482b7854e80c7650d327a8e3fde78b24f1df5233ff22dcb5c9,REFERENCE_ONLY,V27_REFERENCE_UNLESS_ORIGINALITY_APPROVED,pending-review
v27_clean_runtime_reference,.venv/Lib/site-packages/pygments/lexers/clean.py,.py,6421,fe85774db9aba65dd2d6984f312ea0c8c5b21991a3e96cb4abc69da5fe6fba76,REFERENCE_ONLY,V27_REFERENCE_UNLESS_ORIGINALITY_APPROVED,pending-review
v27_clean_runtime_reference,.venv/Lib/site-packages/pygments/lexers/codeql.py,.py,2579,8405f9d6e59e1b9664f498574a73b13cc6b39c53a9697e199d91d9da4aeb3c69,REFERENCE_ONLY,V27_REFERENCE_UNLESS_ORIGINALITY_APPROVED,pending-review
v27_clean_runtime_reference,.venv/Lib/site-packages/pygments/lexers/comal.py,.py,3182,d1f713c95e61dfaccf971a103d65867addb26988b91125e2169c7a11bb2a3f4d,REFERENCE_ONLY,V27_REFERENCE_UNLESS_ORIGINALITY_APPROVED,pending-review
v27_clean_runtime_reference,.venv/Lib/site-packages/pygments/lexers/compiled.py,.py,1429,3d18a6cbb79bdb078fed7e9b12e933d496922ee4001133b7e0aee66872c66f10,REFERENCE_ONLY,V27_REFERENCE_UNLESS_ORIGINALITY_APPROVED,pending-review
v27_clean_runtime_reference,.venv/Lib/site-packages/pygments/lexers/configs.py,.py,50925,603048595fd1d928916f409bc6897e4bc45189e0df020fd871385cd41999f742,REFERENCE_ONLY,V27_REFERENCE_UNLESS_ORIGINALITY_APPROVED,pending-review
v27_clean_runtime_reference,.venv/Lib/site-packages/pygments/lexers/console.py,.py,4183,32b4c89170d843bd73d320dea706e93bd5b05cf4113c700500ebedfe782c7315,REFERENCE_ONLY,V27_REFERENCE_UNLESS_ORIGINALITY_APPROVED,pending-review
v27_clean_runtime_reference,.venv/Lib/site-packages/pygments/lexers/cplint.py,.py,1392,c0fb3f661d0e276fd451e17dfe6bbfafe5ffeb90c94963024ca3a63b28d62f3f,REFERENCE_ONLY,V27_REFERENCE_UNLESS_ORIGINALITY_APPROVED,pending-review
v27_clean_runtime_reference,.venv/Lib/site-packages/pygments/lexers/crystal.py,.py,15757,93c5f2f13a5f18a4cfbec3f55a293120b49c20b0fc897679a9c78b668a6c2d81,REFERENCE_ONLY,V27_REFERENCE_UNLESS_ORIGINALITY_APPROVED,pending-review
v27_clean_runtime_reference,.venv/Lib/site-packages/pygments/lexers/csound.py,.py,17001,eca1e826ff30b6e21ef5daae7ace261459102d42dc190db776067f2817747ff9,REFERENCE_ONLY,V27_REFERENCE_UNLESS_ORIGINALITY_APPROVED,pending-review
v27_clean_runtime_reference,.venv/Lib/site-packages/pygments/lexers/css.py,.py,26439,3958ec7742a7f69347ea296d4b88a48f2f679e294f942571f95019dba9f7509f,REFERENCE_ONLY,V27_REFERENCE_UNLESS_ORIGINALITY_APPROVED,pending-review
v27_clean_runtime_reference,.venv/Lib/site-packages/pygments/lexers/d.py,.py,9923,79ee682263f505c1d867ddd4c17a07233c3a073b604775820afde4b2ed89fa8d,REFERENCE_ONLY,V27_REFERENCE_UNLESS_ORIGINALITY_APPROVED,pending-review
v27_clean_runtime_reference,.venv/Lib/site-packages/pygments/lexers/dalvik.py,.py,4609,d1fe66079cbc834975203da5889ff9a8cd8d8f247f481b3b724b880de35b6e3f,REFERENCE_ONLY,V27_REFERENCE_UNLESS_ORIGINALITY_APPROVED,pending-review
v27_clean_runtime_reference,.venv/Lib/site-packages/pygments/lexers/data.py,.py,27049,3212d7a195d831916698a96a2fc455e73a7e794c156f4c85ceccb35d8ae92a2c,REFERENCE_ONLY,V27_REFERENCE_UNLESS_ORIGINALITY_APPROVED,pending-review
v27_clean_runtime_reference,.venv/Lib/site-packages/pygments/lexers/dax.py,.py,8101,37ee5fc6e9017c5b45093d8b268ca0d5526c7e57561f15ca2d8dd93cb9cfae28,REFERENCE_ONLY,V27_REFERENCE_UNLESS_ORIGINALITY_APPROVED,pending-review
v27_clean_runtime_reference,.venv/Lib/site-packages/pygments/lexers/devicetree.py,.py,4826,4e283eb534aba661b36c6c4dda46b830c4e20b7e38ae86aff40e21a1cf68fe4c,REFERENCE_ONLY,V27_REFERENCE_UNLESS_ORIGINALITY_APPROVED,pending-review
v27_clean_runtime_reference,.venv/Lib/site-packages/pygments/lexers/diff.py,.py,5385,fbadbb966b98a49dae51550cfe8ad51a05c91972011925476e696a7e508479a3,REFERENCE_ONLY,V27_REFERENCE_UNLESS_ORIGINALITY_APPROVED,pending-review
v27_clean_runtime_reference,.venv/Lib/site-packages/pygments/lexers/dns.py,.py,3894,125cd2377204a11b3583a896327cd5215f07d31f56484175c018e6d9ad01cb11,REFERENCE_ONLY,V27_REFERENCE_UNLESS_ORIGINALITY_APPROVED,pending-review
v27_clean_runtime_reference,.venv/Lib/site-packages/pygments/lexers/dotnet.py,.py,39444,1a6a1a3b14a821391874051a549d19d5141ae8cbdc471875810dd7c6012ce17f,REFERENCE_ONLY,V27_REFERENCE_UNLESS_ORIGINALITY_APPROVED,pending-review
v27_clean_runtime_reference,.venv/Lib/site-packages/pygments/lexers/dsls.py,.py,36753,6ba25dbf7c35685defa5026b9c5df630d1c097aa4466491e181d5c62ffb1d87c,REFERENCE_ONLY,V27_REFERENCE_UNLESS_ORIGINALITY_APPROVED,pending-review
v27_clean_runtime_reference,.venv/Lib/site-packages/pygments/lexers/dylan.py,.py,10412,7e2f264b29e2e1d9c63f9c7572b13a04a36a2d626ce1d0d676692eafe4db6cd7,REFERENCE_ONLY,V27_REFERENCE_UNLESS_ORIGINALITY_APPROVED,pending-review
v27_clean_runtime_reference,.venv/Lib/site-packages/pygments/lexers/ecl.py,.py,6374,5c9eba3d4f448e45c9c00e1fd4e7c2d1175f3f8f6ff0deb64595e715554060da,REFERENCE_ONLY,V27_REFERENCE_UNLESS_ORIGINALITY_APPROVED,pending-review
v27_clean_runtime_reference,.venv/Lib/site-packages/pygments/lexers/eiffel.py,.py,2693,9b67953c31bd27e55789e09e3b2d12ef31cf8e2147401f45e9b388cbe2b73034,REFERENCE_ONLY,V27_REFERENCE_UNLESS_ORIGINALITY_APPROVED,pending-review
v27_clean_runtime_reference,.venv/Lib/site-packages/pygments/lexers/elm.py,.py,3155,5e3dc795b51312411417085e9b8342ba3c79e6d4364d2eb5fca71fe8108f1c02,REFERENCE_ONLY,V27_REFERENCE_UNLESS_ORIGINALITY_APPROVED,pending-review
v27_clean_runtime_reference,.venv/Lib/site-packages/pygments/lexers/elpi.py,.py,7904,459a805737717c0fc1a819ad3078fc013c397fd7b6e1228bf9078ed7842e2a4e,REFERENCE_ONLY,V27_REFERENCE_UNLESS_ORIGINALITY_APPROVED,pending-review
v27_clean_runtime_reference,.venv/Lib/site-packages/pygments/lexers/email.py,.py,4807,34f9467362fa177296583a29dd93891a950ce8b0e7384a8a663d58246def3f63,REFERENCE_ONLY,V27_REFERENCE_UNLESS_ORIGINALITY_APPROVED,pending-review
v27_clean_runtime_reference,.venv/Lib/site-packages/pygments/lexers/erlang.py,.py,19150,d9a525541545b50751d90212b0378a4ce3e31ab57baf5724c972f5eca268b7d7,REFERENCE_ONLY,V27_REFERENCE_UNLESS_ORIGINALITY_APPROVED,pending-review
v27_clean_runtime_reference,.venv/Lib/site-packages/pygments/lexers/esoteric.py,.py,10503,b6627d3dad7062d62047ac83aa0a77cc362e5cf1735f0ed22d31ce1ff784de9d,REFERENCE_ONLY,V27_REFERENCE_UNLESS_ORIGINALITY_APPROVED,pending-review
v27_clean_runtime_reference,.venv/Lib/site-packages/pygments/lexers/ezhil.py,.py,3275,b5b198b469ea64007c7df9f23dd78c3091ed29827b38072250546b47ff10a573,REFERENCE_ONLY,V27_REFERENCE_UNLESS_ORIGINALITY_APPROVED,pending-review
v27_clean_runtime_reference,.venv/Lib/site-packages/pygments/lexers/factor.py,.py,19533,1c152a35cc1de15a65630df449cb82f1881d8a9140622aa34605acc93d2ce314,REFERENCE_ONLY,V27_REFERENCE_UNLESS_ORIGINALITY_APPROVED,pending-review
v27_clean_runtime_reference,.venv/Lib/site-packages/pygments/lexers/fantom.py,.py,10234,c3d214d71eb50a875decec6fe43a6f5659153e7fdb7ef54b88ff007b7ebad333,REFERENCE_ONLY,V27_REFERENCE_UNLESS_ORIGINALITY_APPROVED,pending-review
v27_clean_runtime_reference,.venv/Lib/site-packages/pygments/lexers/felix.py,.py,9658,0ef3ceb3f126e9f16d5014026995961d6827bc015e06b0def7b0b2f57c90f29b,REFERENCE_ONLY,V27_REFERENCE_UNLESS_ORIGINALITY_APPROVED,pending-review
v27_clean_runtime_reference,.venv/Lib/site-packages/pygments/lexers/fift.py,.py,1647,43d38b262be9e2782a16ca3b00f0af5fce61fa085d6e9f59aa93fc18a1f0b353,REFERENCE_ONLY,V27_REFERENCE_UNLESS_ORIGINALITY_APPROVED,pending-review
v27_clean_runtime_reference,.venv/Lib/site-packages/pygments/lexers/floscript.py,.py,2670,4dccae0a2bfd6c06fcf71d7feff66aea7521b1db07005d833ec299ea6d56d4d5,REFERENCE_ONLY,V27_REFERENCE_UNLESS_ORIGINALITY_APPROVED,pending-review
v27_clean_runtime_reference,.venv/Lib/site-packages/pygments/lexers/forth.py,.py,7196,e1ed0e09f24670496442b1c89e640cb9cbec23d7658ee3f1e05620dfc7728e7a,REFERENCE_ONLY,V27_REFERENCE_UNLESS_ORIGINALITY_APPROVED,pending-review
v27_clean_runtime_reference,.venv/Lib/site-packages/pygments/lexers/fortran.py,.py,10385,a2ebce1dd31b8f9ea3e3436b8f6d560917f8acd2a9bb0a61c66b65515b27ce17,REFERENCE_ONLY,V27_REFERENCE_UNLESS_ORIGINALITY_APPROVED,pending-review
v27_clean_runtime_reference,.venv/Lib/site-packages/pygments/lexers/foxpro.py,.py,26298,9d5f32c844b7f50a0599336533cc65dccb5e3acbe6b7ac95d65eb1eb19d7a885,REFERENCE_ONLY,V27_REFERENCE_UNLESS_ORIGINALITY_APPROVED,pending-review
v27_clean_runtime_reference,.venv/Lib/site-packages/pygments/lexers/freefem.py,.py,26916,66664b2182d7b422b6916a86cc19ab929ef27213b2eef81f6a8ada7d49149752,REFERENCE_ONLY,V27_REFERENCE_UNLESS_ORIGINALITY_APPROVED,pending-review
v27_clean_runtime_reference,.venv/Lib/site-packages/pygments/lexers/func.py,.py,3703,66339eae3de78c971a1a71d673f9e95a3c5be03e4efae7710512bb44b1c489b5,REFERENCE_ONLY,V27_REFERENCE_UNLESS_ORIGINALITY_APPROVED,pending-review
v27_clean_runtime_reference,.venv/Lib/site-packages/pygments/lexers/functional.py,.py,697,e26f499409dfa57c52910408acd3a86f6553c229fa84f2c0a96ba1bfd6959008,REFERENCE_ONLY,V27_REFERENCE_UNLESS_ORIGINALITY_APPROVED,pending-review
v27_clean_runtime_reference,.venv/Lib/site-packages/pygments/lexers/futhark.py,.py,3746,982536caf968245e4b37bb9113ff2b095a80f07008367cb4e075d5c634a23388,REFERENCE_ONLY,V27_REFERENCE_UNLESS_ORIGINALITY_APPROVED,pending-review
v27_clean_runtime_reference,.venv/Lib/site-packages/pygments/lexers/gcodelexer.py,.py,877,b7c24c59a6838d66707468911b0ae9b18b5f8ca4e689bc2547238b0a2259f2ac,REFERENCE_ONLY,V27_REFERENCE_UNLESS_ORIGINALITY_APPROVED,pending-review
v27_clean_runtime_reference,.venv/Lib/site-packages/pygments/lexers/gdscript.py,.py,7569,54d3b077b29c0d112fa0101fc3ae868f1c50ca03ec1c7d9a91dcd16cf34aaa84,REFERENCE_ONLY,V27_REFERENCE_UNLESS_ORIGINALITY_APPROVED,pending-review
v27_clean_runtime_reference,.venv/Lib/site-packages/pygments/lexers/gleam.py,.py,2395,271e8b9d4a5657da668dd4982d432dd7a73751a999fafe57e8272e1215b17fef,REFERENCE_ONLY,V27_REFERENCE_UNLESS_ORIGINALITY_APPROVED,pending-review
v27_clean_runtime_reference,.venv/Lib/site-packages/pygments/lexers/go.py,.py,3786,ca71d54adc365d42459548934b852a63ae5f2e4bdc24130dce862d48d4a5fc15,REFERENCE_ONLY,V27_REFERENCE_UNLESS_ORIGINALITY_APPROVED,pending-review
v27_clean_runtime_reference,.venv/Lib/site-packages/pygments/lexers/grammar_notation.py,.py,8046,64661cc214af3a8970d49edc03d3dcee1569708b1e95a0a0c70b2f01fe724607,REFERENCE_ONLY,V27_REFERENCE_UNLESS_ORIGINALITY_APPROVED,pending-review
v27_clean_runtime_reference,.venv/Lib/site-packages/pygments/lexers/graph.py,.py,4111,5ff22c763c57667e69f43ab870b5f2ab0a380bc7a671803c34fe9567d65305a5,REFERENCE_ONLY,V27_REFERENCE_UNLESS_ORIGINALITY_APPROVED,pending-review
v27_clean_runtime_reference,.venv/Lib/site-packages/pygments/lexers/graphics.py,.py,39148,21eaeec6f1104755acbbe6322e90239149e2b0b0f352b93671dd315eb0c26e3c,REFERENCE_ONLY,V27_REFERENCE_UNLESS_ORIGINALITY_APPROVED,pending-review
v27_clean_runtime_reference,.venv/Lib/site-packages/pygments/lexers/graphql.py,.py,5604,45613f91f5540c4027bfff926323a2f4825492ceb536f39a92651f58e968af3a,REFERENCE_ONLY,V27_REFERENCE_UNLESS_ORIGINALITY_APPROVED,pending-review
v27_clean_runtime_reference,.venv/Lib/site-packages/pygments/lexers/graphviz.py,.py,1937,0d1356c1eb4459ab090ed88b91daa42ac4070ebc89e56f34c140f63c4ea8282b,REFERENCE_ONLY,V27_REFERENCE_UNLESS_ORIGINALITY_APPROVED,pending-review
v27_clean_runtime_reference,.venv/Lib/site-packages/pygments/lexers/gsql.py,.py,3993,a734a3e4f778bed34b112fa921dc5a1b4bce553a94584f54b8e530d11ad8fa87,REFERENCE_ONLY,V27_REFERENCE_UNLESS_ORIGINALITY_APPROVED,pending-review
v27_clean_runtime_reference,.venv/Lib/site-packages/pygments/lexers/hare.py,.py,2652,782ad13f072cc172fe6474d6365844d40d391bdaf1cd2db4fc8a9275dbf633d6,REFERENCE_ONLY,V27_REFERENCE_UNLESS_ORIGINALITY_APPROVED,pending-review
v27_clean_runtime_reference,.venv/Lib/site-packages/pygments/lexers/haskell.py,.py,33323,b2be60ab753bc6dd03d818b8d71753b016a9a275faa2d3f5a8fc91302bb133b1,REFERENCE_ONLY,V27_REFERENCE_UNLESS_ORIGINALITY_APPROVED,pending-review
v27_clean_runtime_reference,.venv/Lib/site-packages/pygments/lexers/haxe.py,.py,31169,fcccd02535b1d7c903f5b3ffb27881b2129bb4e643466e0e66789f68e830fda6,REFERENCE_ONLY,V27_REFERENCE_UNLESS_ORIGINALITY_APPROVED,pending-review
v27_clean_runtime_reference,.venv/Lib/site-packages/pygments/lexers/hdl.py,.py,22741,da3617ddf45667d98067f404475587e7c4af25a39d610b743a63b1a375f624ad,REFERENCE_ONLY,V27_REFERENCE_UNLESS_ORIGINALITY_APPROVED,pending-review
v27_clean_runtime_reference,.venv/Lib/site-packages/pygments/lexers/hexdump.py,.py,3656,56f629fcd4da13ee8d52e486e0531ecf0723c5b3e7033d1f396333af76361a6e,REFERENCE_ONLY,V27_REFERENCE_UNLESS_ORIGINALITY_APPROVED,pending-review
v27_clean_runtime_reference,.venv/Lib/site-packages/pygments/lexers/html.py,.py,21999,3baaa4a723b2947da7d598b5ab396606c2045b7d517efcc19fb8ca4da011d8b4,REFERENCE_ONLY,V27_REFERENCE_UNLESS_ORIGINALITY_APPROVED,pending-review
v27_clean_runtime_reference,.venv/Lib/site-packages/pygments/lexers/idl.py,.py,15452,5b64111f58fd2cc68dbc2e636fa3243f874b628fce414ea5425080950bde147e,REFERENCE_ONLY,V27_REFERENCE_UNLESS_ORIGINALITY_APPROVED,pending-review
v27_clean_runtime_reference,.venv/Lib/site-packages/pygments/lexers/igor.py,.py,31636,4afe4418125e2b2d143b297af8617794179ea1602b55c30326d42d976457458a,REFERENCE_ONLY,V27_REFERENCE_UNLESS_ORIGINALITY_APPROVED,pending-review
v27_clean_runtime_reference,.venv/Lib/site-packages/pygments/lexers/inferno.py,.py,3138,72354cc8e83a8e127a9d85f7df767a29a082792d293551efe164f1c85198f138,REFERENCE_ONLY,V27_REFERENCE_UNLESS_ORIGINALITY_APPROVED,pending-review
v27_clean_runtime_reference,.venv/Lib/site-packages/pygments/lexers/installers.py,.py,14494,8a82b62543d2264f6f72ca1edcd012bccb7ea5a5ddd7f367ddef1699aa89ec21,REFERENCE_ONLY,V27_REFERENCE_UNLESS_ORIGINALITY_APPROVED,pending-review
v27_clean_runtime_reference,.venv/Lib/site-packages/pygments/lexers/int_fiction.py,.py,56547,0548ef5e29548ae305f9eb971100f3419b38e639ff68bb35ede4ca71f129b6b2,REFERENCE_ONLY,V27_REFERENCE_UNLESS_ORIGINALITY_APPROVED,pending-review
v27_clean_runtime_reference,.venv/Lib/site-packages/pygments/lexers/iolang.py,.py,1908,90c50152a56f747941efd7b3d291593d17f43608840b649db585307639db13dd,REFERENCE_ONLY,V27_REFERENCE_UNLESS_ORIGINALITY_APPROVED,pending-review
v27_clean_runtime_reference,.venv/Lib/site-packages/pygments/lexers/j.py,.py,4856,e7aa946ecd42ef029d67af96a4d9f11e7b4daacc56ae8aa23bb91e236ca8475a,REFERENCE_ONLY,V27_REFERENCE_UNLESS_ORIGINALITY_APPROVED,pending-review
v27_clean_runtime_reference,.venv/Lib/site-packages/pygments/lexers/javascript.py,.py,63246,9aec82559400b176e14fb207664a2a0242399b2851687cdee89300478cc82cdb,REFERENCE_ONLY,V27_REFERENCE_UNLESS_ORIGINALITY_APPROVED,pending-review
v27_clean_runtime_reference,.venv/Lib/site-packages/pygments/lexers/jmespath.py,.py,2085,ef6e8f0e946bd60d8acbfc79a5939185b5e87d7c647ebe475d0f1e1cc857e718,REFERENCE_ONLY,V27_REFERENCE_UNLESS_ORIGINALITY_APPROVED,pending-review
v27_clean_runtime_reference,.venv/Lib/site-packages/pygments/lexers/jslt.py,.py,3703,50e570d49dee2be855456a26a052b68cc4bfc9eba8e62aa06be2e15d4248ebad,REFERENCE_ONLY,V27_REFERENCE_UNLESS_ORIGINALITY_APPROVED,pending-review
v27_clean_runtime_reference,.venv/Lib/site-packages/pygments/lexers/json5.py,.py,2505,1b2799e7c0312a42498a21fb26e3e66a40d95eba296ba6c3905460b891e27ea5,REFERENCE_ONLY,V27_REFERENCE_UNLESS_ORIGINALITY_APPROVED,pending-review
v27_clean_runtime_reference,.venv/Lib/site-packages/pygments/lexers/jsonnet.py,.py,5639,fd3ed8d7ab16ee716e028185bb2594282ad4c89002e054d6655a1e4add264d79,REFERENCE_ONLY,V27_REFERENCE_UNLESS_ORIGINALITY_APPROVED,pending-review
v27_clean_runtime_reference,.venv/Lib/site-packages/pygments/lexers/jsx.py,.py,2696,3b47af1e2a32b9db562e156601746b21f9047792918a89201eef25f7f2a7f2c3,REFERENCE_ONLY,V27_REFERENCE_UNLESS_ORIGINALITY_APPROVED,pending-review
v27_clean_runtime_reference,.venv/Lib/site-packages/pygments/lexers/julia.py,.py,11713,174b70320d222c134375e76ca091b8467e4ba0c72256ef5cb9fc9455dc4a40f6,REFERENCE_ONLY,V27_REFERENCE_UNLESS_ORIGINALITY_APPROVED,pending-review
v27_clean_runtime_reference,.venv/Lib/site-packages/pygments/lexers/jvm.py,.py,72936,71fe55ecd38b22f076b3b44cf708211126110a8083cab1a346e3e663c6df180c,REFERENCE_ONLY,V27_REFERENCE_UNLESS_ORIGINALITY_APPROVED,pending-review
v27_clean_runtime_reference,.venv/Lib/site-packages/pygments/lexers/kuin.py,.py,11408,9f694c8a76bc4ac9297c0d8a6cf6101705493921e0358bb5d14e69cf96226a31,REFERENCE_ONLY,V27_REFERENCE_UNLESS_ORIGINALITY_APPROVED,pending-review
v27_clean_runtime_reference,.venv/Lib/site-packages/pygments/lexers/kusto.py,.py,3480,a7251f58b7fd434430aaeef80f23c06d1876d2590f0cb8719c4c43d45565f19e,REFERENCE_ONLY,V27_REFERENCE_UNLESS_ORIGINALITY_APPROVED,pending-review
v27_clean_runtime_reference,.venv/Lib/site-packages/pygments/lexers/ldap.py,.py,6554,ff26b8fc89e7488463f9162319a816159243cb535d810528710cd55a3891a7af,REFERENCE_ONLY,V27_REFERENCE_UNLESS_ORIGINALITY_APPROVED,pending-review
v27_clean_runtime_reference,.venv/Lib/site-packages/pygments/lexers/lean.py,.py,8588,a8ffe2c1443b3096750b9b37298056f16bbafaeb958f83c01b76b61a18e9f7d5,REFERENCE_ONLY,V27_REFERENCE_UNLESS_ORIGINALITY_APPROVED,pending-review
v27_clean_runtime_reference,.venv/Lib/site-packages/pygments/lexers/lilypond.py,.py,9755,a36eb8a2f19916b731f19c292915fe82350408ad70e53f13d27e8ba138cff765,REFERENCE_ONLY,V27_REFERENCE_UNLESS_ORIGINALITY_APPROVED,pending-review
v27_clean_runtime_reference,.venv/Lib/site-packages/pygments/lexers/lisp.py,.py,157903,6b9306726b6b59369e123ff952ff1830e0ebddd555eacd6fd7f48c061fc287d4,REFERENCE_ONLY,V27_REFERENCE_UNLESS_ORIGINALITY_APPROVED,pending-review
v27_clean_runtime_reference,.venv/Lib/site-packages/pygments/lexers/macaulay2.py,.py,34139,84b343b354ddb9bb9dbeaaa8bd837a6b835ef498e753816f344e8413684f9fc4,REFERENCE_ONLY,V27_REFERENCE_UNLESS_ORIGINALITY_APPROVED,pending-review
v27_clean_runtime_reference,.venv/Lib/site-packages/pygments/lexers/make.py,.py,7834,c005742914574c014c9622df00a5c38a1408136540554bd68c567ecae33b6b4f,REFERENCE_ONLY,V27_REFERENCE_UNLESS_ORIGINALITY_APPROVED,pending-review
v27_clean_runtime_reference,.venv/Lib/site-packages/pygments/lexers/maple.py,.py,7963,3818ce0cd2e0a9a9f2c39db6084ee7f6d85972d5a2e3b52e6b684f05f8fb285e,REFERENCE_ONLY,V27_REFERENCE_UNLESS_ORIGINALITY_APPROVED,pending-review
v27_clean_runtime_reference,.venv/Lib/site-packages/pygments/lexers/markup.py,.py,65264,e133117ee8d7bce13dc625b04e24ff7ead656aee1d292a1761a73585630b611b,REFERENCE_ONLY,V27_REFERENCE_UNLESS_ORIGINALITY_APPROVED,pending-review
v27_clean_runtime_reference,.venv/Lib/site-packages/pygments/lexers/math.py,.py,698,36ca65e8866d0b287d7a089851a85ba164a6cb8709095654071c959c2b85d5a8,REFERENCE_ONLY,V27_REFERENCE_UNLESS_ORIGINALITY_APPROVED,pending-review
v27_clean_runtime_reference,.venv/Lib/site-packages/pygments/lexers/matlab.py,.py,133030,418541740f8844d72e5a080124d0bd969ab78e05ffd70f46430a6ff74ed57d93,REFERENCE_ONLY,V27_REFERENCE_UNLESS_ORIGINALITY_APPROVED,pending-review
v27_clean_runtime_reference,.venv/Lib/site-packages/pygments/lexers/maxima.py,.py,2718,85af9ff89cc692382002be64c6656aeffb894c27291ecb505a7b0b1d82213705,REFERENCE_ONLY,V27_REFERENCE_UNLESS_ORIGINALITY_APPROVED,pending-review
v27_clean_runtime_reference,.venv/Lib/site-packages/pygments/lexers/meson.py,.py,4345,669355a7b9521f0247123ee9c17946732f4b7ed75ce8c3202623a86364e77ccf,REFERENCE_ONLY,V27_REFERENCE_UNLESS_ORIGINALITY_APPROVED,pending-review
v27_clean_runtime_reference,.venv/Lib/site-packages/pygments/lexers/mime.py,.py,7585,97906c16469ddda809e8a0e0fc81c8ea7534028d18f447308d8a183fcbd00fe8,REFERENCE_ONLY,V27_REFERENCE_UNLESS_ORIGINALITY_APPROVED,pending-review
v27_clean_runtime_reference,.venv/Lib/site-packages/pygments/lexers/minecraft.py,.py,13701,6c16cc6eabec5604df3bb081c5fd37a063ffa8e020af0d3a3d2cc7d5017bb71b,REFERENCE_ONLY,V27_REFERENCE_UNLESS_ORIGINALITY_APPROVED,pending-review
v27_clean_runtime_reference,.venv/Lib/site-packages/pygments/lexers/mips.py,.py,4659,429801a0c3f3b24d6df747081745bf115f9067c2f08136a94be7d2212c597057,REFERENCE_ONLY,V27_REFERENCE_UNLESS_ORIGINALITY_APPROVED,pending-review
v27_clean_runtime_reference,.venv/Lib/site-packages/pygments/lexers/ml.py,.py,35393,b210cf8160114f34c48460de6e557b656da3eb2644781898ab1db3db84833fb0,REFERENCE_ONLY,V27_REFERENCE_UNLESS_ORIGINALITY_APPROVED,pending-review
v27_clean_runtime_reference,.venv/Lib/site-packages/pygments/lexers/modeling.py,.py,13764,dbfb9c545cbb678ca82b1f7413df80488f6de2dd4b228790df21daae1821cfe7,REFERENCE_ONLY,V27_REFERENCE_UNLESS_ORIGINALITY_APPROVED,pending-review
v27_clean_runtime_reference,.venv/Lib/site-packages/pygments/lexers/modula2.py,.py,53075,7575b428d16edc44e0001b0f32c2217492340ca17e296b53f37d452accf6557c,REFERENCE_ONLY,V27_REFERENCE_UNLESS_ORIGINALITY_APPROVED,pending-review
v27_clean_runtime_reference,.venv/Lib/site-packages/pygments/lexers/mojo.py,.py,24236,8a63a583c9900a82b08bfaecb8c8a27d9af3b00b12a93d8a7240acfcc579b951,REFERENCE_ONLY,V27_REFERENCE_UNLESS_ORIGINALITY_APPROVED,pending-review
v27_clean_runtime_reference,.venv/Lib/site-packages/pygments/lexers/monte.py,.py,6292,253c7e8d2ac52a5591c00d6ace13ddeb8ec44c648497084fe1832556b7d7c97f,REFERENCE_ONLY,V27_REFERENCE_UNLESS_ORIGINALITY_APPROVED,pending-review
v27_clean_runtime_reference,.venv/Lib/site-packages/pygments/lexers/mosel.py,.py,9300,1c460e9998803617bd55d913a41b7b9a13e2fed3c6054915b27cd38761d57552,REFERENCE_ONLY,V27_REFERENCE_UNLESS_ORIGINALITY_APPROVED,pending-review
v27_clean_runtime_reference,.venv/Lib/site-packages/pygments/lexers/ncl.py,.py,64002,4595e4c4e2be887b292d7fec1554f4c1ce47eaffa96b890a8213fbf5f24640f4,REFERENCE_ONLY,V27_REFERENCE_UNLESS_ORIGINALITY_APPROVED,pending-review
v27_clean_runtime_reference,.venv/Lib/site-packages/pygments/lexers/nimrod.py,.py,6416,2fc5b0e4251a3fea23cb0a106579e30b4f26e417bae1f0729d27f969618868fc,REFERENCE_ONLY,V27_REFERENCE_UNLESS_ORIGINALITY_APPROVED,pending-review
v27_clean_runtime_reference,.venv/Lib/site-packages/pygments/lexers/nit.py,.py,2728,c70bb63f8f47bbc63110bee6829579596170e8e605d62260f4356773b1f54979,REFERENCE_ONLY,V27_REFERENCE_UNLESS_ORIGINALITY_APPROVED,pending-review
v27_clean_runtime_reference,.venv/Lib/site-packages/pygments/lexers/nix.py,.py,4424,33613e93ef85ee99deb8c00e69ef5a838b2b26c2a1589d5fd5f46e78ee8fb4a3,REFERENCE_ONLY,V27_REFERENCE_UNLESS_ORIGINALITY_APPROVED,pending-review
v27_clean_runtime_reference,.venv/Lib/site-packages/pygments/lexers/numbair.py,.py,1761,2993b0f7a4e3ec6972f9ff45f0d03eb5d19de77488b795206e9a2466c7e7cd63,REFERENCE_ONLY,V27_REFERENCE_UNLESS_ORIGINALITY_APPROVED,pending-review
v27_clean_runtime_reference,.venv/Lib/site-packages/pygments/lexers/oberon.py,.py,4216,b87d4590f79709f75dd0843ffbe4bc48750d69fd9d9e3890663b484fe8f1bb80,REFERENCE_ONLY,V27_REFERENCE_UNLESS_ORIGINALITY_APPROVED,pending-review
v27_clean_runtime_reference,.venv/Lib/site-packages/pygments/lexers/objective.py,.py,23300,28c13e27450bd87258024d9f1cd85fec0a507b85c5f061faa863af600d703d2e,REFERENCE_ONLY,V27_REFERENCE_UNLESS_ORIGINALITY_APPROVED,pending-review
v27_clean_runtime_reference,.venv/Lib/site-packages/pygments/lexers/ooc.py,.py,3005,1c48d61dd403564eed45bfd3b846f5fc2e6a8bea5e270c3260154085fe3d312d,REFERENCE_ONLY,V27_REFERENCE_UNLESS_ORIGINALITY_APPROVED,pending-review
v27_clean_runtime_reference,.venv/Lib/site-packages/pygments/lexers/openscad.py,.py,3703,b5eda22fc5647d7ba5fcf617973f142b7fd0b4c8dd98d82dd181c2604bdd12d3,REFERENCE_ONLY,V27_REFERENCE_UNLESS_ORIGINALITY_APPROVED,pending-review
v27_clean_runtime_reference,.venv/Lib/site-packages/pygments/lexers/other.py,.py,1766,380957cecad50d4c7831adb97f21bdf14e4b681107cadf8b259d881ef3092566,REFERENCE_ONLY,V27_REFERENCE_UNLESS_ORIGINALITY_APPROVED,pending-review
v27_clean_runtime_reference,.venv/Lib/site-packages/pygments/lexers/parasail.py,.py,2722,a0f72cedf4583645748ac3d2466c3ed9c3df320cd3b4d3e2e9b24e9bbbeafbda,REFERENCE_ONLY,V27_REFERENCE_UNLESS_ORIGINALITY_APPROVED,pending-review
v27_clean_runtime_reference,.venv/Lib/site-packages/pygments/lexers/parsers.py,.py,26598,838b55bdfdfaca14ff687fdbef7ee8d28d63a288dc7fe5dc903d8774da0d6ec4,REFERENCE_ONLY,V27_REFERENCE_UNLESS_ORIGINALITY_APPROVED,pending-review
v27_clean_runtime_reference,.venv/Lib/site-packages/pygments/lexers/pascal.py,.py,30992,e1d7b05e4c1cd767ff8a231f74d0ea6f16ffa2a0045f6742cdbe55219eb6579e,REFERENCE_ONLY,V27_REFERENCE_UNLESS_ORIGINALITY_APPROVED,pending-review
v27_clean_runtime_reference,.venv/Lib/site-packages/pygments/lexers/pawn.py,.py,8256,69db1afbbb0fb8f93b98eee5074f1ab9a6c4a5e65d35ec15a93060e854bc9829,REFERENCE_ONLY,V27_REFERENCE_UNLESS_ORIGINALITY_APPROVED,pending-review
v27_clean_runtime_reference,.venv/Lib/site-packages/pygments/lexers/pddl.py,.py,2992,6bc03691e085f6a350bd56508ab8015797c7e2eddc8ebb5af3e79927cb6cc666,REFERENCE_ONLY,V27_REFERENCE_UNLESS_ORIGINALITY_APPROVED,pending-review
v27_clean_runtime_reference,.venv/Lib/site-packages/pygments/lexers/perl.py,.py,39195,b98323e9a9993dac0b7fe2a320283d2cb539f800cacea1182aa8bb5579ef9b49,REFERENCE_ONLY,V27_REFERENCE_UNLESS_ORIGINALITY_APPROVED,pending-review
v27_clean_runtime_reference,.venv/Lib/site-packages/pygments/lexers/phix.py,.py,23252,9c4596b79f8ea080daa70e0827f70d2f5f5387c66db7a3884207aea2055e775d,REFERENCE_ONLY,V27_REFERENCE_UNLESS_ORIGINALITY_APPROVED,pending-review
v27_clean_runtime_reference,.venv/Lib/site-packages/pygments/lexers/php.py,.py,13171,53ac26c4f33ea52f92635377a9dbf479b5030712c7ebe10520571ab54be0ef8c,REFERENCE_ONLY,V27_REFERENCE_UNLESS_ORIGINALITY_APPROVED,pending-review
v27_clean_runtime_reference,.venv/Lib/site-packages/pygments/lexers/pointless.py,.py,1977,80d72e861398f5c12920fc86163321d8322d341d540fc0a68dc79790344ca1d1,REFERENCE_ONLY,V27_REFERENCE_UNLESS_ORIGINALITY_APPROVED,pending-review
v27_clean_runtime_reference,.venv/Lib/site-packages/pygments/lexers/pony.py,.py,3282,1caa9fe409e050e75737537556f4a0d234e3dcd500cc604e3dd5f04856a6be63,REFERENCE_ONLY,V27_REFERENCE_UNLESS_ORIGINALITY_APPROVED,pending-review
v27_clean_runtime_reference,.venv/Lib/site-packages/pygments/lexers/praat.py,.py,12679,b1f54077bcdf46c23e4dc0a8bae60c5a5714f04071030278c2487466e36c677e,REFERENCE_ONLY,V27_REFERENCE_UNLESS_ORIGINALITY_APPROVED,pending-review
v27_clean_runtime_reference,.venv/Lib/site-packages/pygments/lexers/procfile.py,.py,1158,7e1453b6c73230c3dc3dbbf38f156d5e2c759989693bee09b9650bec36f810d2,REFERENCE_ONLY,V27_REFERENCE_UNLESS_ORIGINALITY_APPROVED,pending-review
v27_clean_runtime_reference,.venv/Lib/site-packages/pygments/lexers/prolog.py,.py,12869,e18bcf65b0052d635931b661bed22e95689bd0f40b03f4c1f7782390dcb01510,REFERENCE_ONLY,V27_REFERENCE_UNLESS_ORIGINALITY_APPROVED,pending-review
v27_clean_runtime_reference,.venv/Lib/site-packages/pygments/lexers/promql.py,.py,4741,d387d2fd1e8705686928d7b758fa7f417808745bc9af9a7a2b14ad658c3bc875,REFERENCE_ONLY,V27_REFERENCE_UNLESS_ORIGINALITY_APPROVED,pending-review
v27_clean_runtime_reference,.venv/Lib/site-packages/pygments/lexers/prql.py,.py,8750,5c985df1da4458f0482a6417c7fd3dfb3d4dca8b4b5c8b24a6ecd7dfa1f2907a,REFERENCE_ONLY,V27_REFERENCE_UNLESS_ORIGINALITY_APPROVED,pending-review
v27_clean_runtime_reference,.venv/Lib/site-packages/pygments/lexers/ptx.py,.py,4504,74468d4917808c0ca623054cfcc9db758e217779ae2bbf6adb4d2163037bd9cc,REFERENCE_ONLY,V27_REFERENCE_UNLESS_ORIGINALITY_APPROVED,pending-review
v27_clean_runtime_reference,.venv/Lib/site-packages/pygments/lexers/python.py,.py,54202,efd03fc89aa3547a7f65e4b5ad8f0f71ce1cc19ffbfb323659691e52666052b0,REFERENCE_ONLY,V27_REFERENCE_UNLESS_ORIGINALITY_APPROVED,pending-review
v27_clean_runtime_reference,.venv/Lib/site-packages/pygments/lexers/q.py,.py,6939,d826c962046ef2ecfcc0e4a9e4532bd3ce8a082ec88d246620e0d5634b8aac20,REFERENCE_ONLY,V27_REFERENCE_UNLESS_ORIGINALITY_APPROVED,pending-review
v27_clean_runtime_reference,.venv/Lib/site-packages/pygments/lexers/qlik.py,.py,3696,f5be90fba8d779eada211716b6c2ac61608e94185f9a337320de3da54bcc47e2,REFERENCE_ONLY,V27_REFERENCE_UNLESS_ORIGINALITY_APPROVED,pending-review
v27_clean_runtime_reference,.venv/Lib/site-packages/pygments/lexers/qvt.py,.py,6106,ae94f9a03e1ac0428cb37b8109b365cd8d730b3ec055ea8cf818a42d3407a3c9,REFERENCE_ONLY,V27_REFERENCE_UNLESS_ORIGINALITY_APPROVED,pending-review
v27_clean_runtime_reference,.venv/Lib/site-packages/pygments/lexers/r.py,.py,6477,873814507f600acaaac131bd782b7525531df515b4772e8863f8d3bd19ed17e5,REFERENCE_ONLY,V27_REFERENCE_UNLESS_ORIGINALITY_APPROVED,pending-review
v27_clean_runtime_reference,.venv/Lib/site-packages/pygments/lexers/rdf.py,.py,16063,14cd79e1f0759717cea52a5e5ba6d639595de64241804b98c93f6e76df8470ad,REFERENCE_ONLY,V27_REFERENCE_UNLESS_ORIGINALITY_APPROVED,pending-review
v27_clean_runtime_reference,.venv/Lib/site-packages/pygments/lexers/rebol.py,.py,18262,090de931a033eb850caa2415ad8a111273a08d4e503de17f1f769a1cd755442f,REFERENCE_ONLY,V27_REFERENCE_UNLESS_ORIGINALITY_APPROVED,pending-review
v27_clean_runtime_reference,.venv/Lib/site-packages/pygments/lexers/rego.py,.py,1751,622d06e2c79c4d638bec25212cb0b327d800e922730c9a4f24d8a3de15e2c42d,REFERENCE_ONLY,V27_REFERENCE_UNLESS_ORIGINALITY_APPROVED,pending-review
v27_clean_runtime_reference,.venv/Lib/site-packages/pygments/lexers/rell.py,.py,2487,d20652b48f79dda16314cc8c557fd429fc199b3577ba3dd39e5ff9176d013f1d,REFERENCE_ONLY,V27_REFERENCE_UNLESS_ORIGINALITY_APPROVED,pending-review
v27_clean_runtime_reference,.venv/Lib/site-packages/pygments/lexers/resource.py,.py,2930,443118ee24afda1810dd5f88d4378e2953ae98d2a016a6d5d8c7bff58db5a35d,REFERENCE_ONLY,V27_REFERENCE_UNLESS_ORIGINALITY_APPROVED,pending-review
v27_clean_runtime_reference,.venv/Lib/site-packages/pygments/lexers/ride.py,.py,5038,d7383b90660f29121e932b996377fa395a91957cab5feb11fad1c45f533d9f3e,REFERENCE_ONLY,V27_REFERENCE_UNLESS_ORIGINALITY_APPROVED,pending-review
v27_clean_runtime_reference,.venv/Lib/site-packages/pygments/lexers/rita.py,.py,1130,7c234494f8a4e9d0c867319df7a90a81d958e10aa9ff3548f3bc1a4c11cc05f8,REFERENCE_ONLY,V27_REFERENCE_UNLESS_ORIGINALITY_APPROVED,pending-review
v27_clean_runtime_reference,.venv/Lib/site-packages/pygments/lexers/rnc.py,.py,1975,3cd7e79d396766336fbc6df704d302a8fcdd03d2d9118bc3b06a1a0ddff69a7f,REFERENCE_ONLY,V27_REFERENCE_UNLESS_ORIGINALITY_APPROVED,pending-review
v27_clean_runtime_reference,.venv/Lib/site-packages/pygments/lexers/roboconf.py,.py,2077,97a05e2484be64051bdf3739184b9521bd1e76b4693c598a75f7c4071ef86718,REFERENCE_ONLY,V27_REFERENCE_UNLESS_ORIGINALITY_APPROVED,pending-review
v27_clean_runtime_reference,.venv/Lib/site-packages/pygments/lexers/robotframework.py,.py,18451,f2cd54ec695d87344f191eddf3facc486d19273f593a6f8b1aa0531882f0b765,REFERENCE_ONLY,V27_REFERENCE_UNLESS_ORIGINALITY_APPROVED,pending-review
v27_clean_runtime_reference,.venv/Lib/site-packages/pygments/lexers/ruby.py,.py,22756,0719dd1bede02e0ef0106bc80a234300cca0411f50b34c6b9aaec3c1fa0bbccb,REFERENCE_ONLY,V27_REFERENCE_UNLESS_ORIGINALITY_APPROVED,pending-review
v27_clean_runtime_reference,.venv/Lib/site-packages/pygments/lexers/rust.py,.py,8263,eea0f7286562afeb5459ffdb3c1b78117f25f5a2167bc4db94c08523be68a2b7,REFERENCE_ONLY,V27_REFERENCE_UNLESS_ORIGINALITY_APPROVED,pending-review
v27_clean_runtime_reference,.venv/Lib/site-packages/pygments/lexers/sas.py,.py,9459,f6198662198aa3bae2f680a665db28105333eb3dc0c0a0f82dc4d4227e769585,REFERENCE_ONLY,V27_REFERENCE_UNLESS_ORIGINALITY_APPROVED,pending-review
v27_clean_runtime_reference,.venv/Lib/site-packages/pygments/lexers/savi.py,.py,4881,1c29658017b7af33ffefed9bd6149411b136758cf4f08cacc5ce837318f77f67,REFERENCE_ONLY,V27_REFERENCE_UNLESS_ORIGINALITY_APPROVED,pending-review
v27_clean_runtime_reference,.venv/Lib/site-packages/pygments/lexers/scdoc.py,.py,2527,f67eb84be6ced5d238c7ed8ace1da3ac333a804981e5823b721ea774f078f9cc,REFERENCE_ONLY,V27_REFERENCE_UNLESS_ORIGINALITY_APPROVED,pending-review
v27_clean_runtime_reference,.venv/Lib/site-packages/pygments/lexers/scripting.py,.py,82959,73e8bf70c1616041d06596cb8099f48f2883e76bd679957150aeb0155d8589be,REFERENCE_ONLY,V27_REFERENCE_UNLESS_ORIGINALITY_APPROVED,pending-review
v27_clean_runtime_reference,.venv/Lib/site-packages/pygments/lexers/sgf.py,.py,1988,c9afec1b84cebc35b0cc433a7088b8d1749b8644ee1c2aafa3eb879cd61f8b94,REFERENCE_ONLY,V27_REFERENCE_UNLESS_ORIGINALITY_APPROVED,pending-review
v27_clean_runtime_reference,.venv/Lib/site-packages/pygments/lexers/shell.py,.py,36384,b22e8c027e92ee91dfc97eb9364c10763c6d2ed12ed4ce25ecada5507bf2cd6c,REFERENCE_ONLY,V27_REFERENCE_UNLESS_ORIGINALITY_APPROVED,pending-review
v27_clean_runtime_reference,.venv/Lib/site-packages/pygments/lexers/sieve.py,.py,2517,09747d4b59c67954e59f6bb947ad348718240262455554d34c187f9376b0fa99,REFERENCE_ONLY,V27_REFERENCE_UNLESS_ORIGINALITY_APPROVED,pending-review
v27_clean_runtime_reference,.venv/Lib/site-packages/pygments/lexers/slash.py,.py,8487,9a8961e6c346f14b617877df4068e31cbc55b72836a02a7807c72f803c9fd34e,REFERENCE_ONLY,V27_REFERENCE_UNLESS_ORIGINALITY_APPROVED,pending-review
v27_clean_runtime_reference,.venv/Lib/site-packages/pygments/lexers/smalltalk.py,.py,7207,ab9d8d1de825de98e7d6332425603d2749ce03f0395735142d900f81bfbab8d5,REFERENCE_ONLY,V27_REFERENCE_UNLESS_ORIGINALITY_APPROVED,pending-review
v27_clean_runtime_reference,.venv/Lib/site-packages/pygments/lexers/smithy.py,.py,2662,86a1089a8e01fa2d2175d368d6bd24e5e1cb3a502bb515b85b93ec2c1765964e,REFERENCE_ONLY,V27_REFERENCE_UNLESS_ORIGINALITY_APPROVED,pending-review
v27_clean_runtime_reference,.venv/Lib/site-packages/pygments/lexers/smv.py,.py,2808,0f9d489fd42bda758589c600397fdb2697858262770549045e7bd73e6034e03e,REFERENCE_ONLY,V27_REFERENCE_UNLESS_ORIGINALITY_APPROVED,pending-review
v27_clean_runtime_reference,.venv/Lib/site-packages/pygments/lexers/snobol.py,.py,2781,057ff554f5198be724282625176b2db50a6b1766cb5073a2f1b961227147bfdb,REFERENCE_ONLY,V27_REFERENCE_UNLESS_ORIGINALITY_APPROVED,pending-review
v27_clean_runtime_reference,.venv/Lib/site-packages/pygments/lexers/solidity.py,.py,3166,a73d03674c621f0b9f85b43d85d08fac732303b34cb1aea1c59d673be0386371,REFERENCE_ONLY,V27_REFERENCE_UNLESS_ORIGINALITY_APPROVED,pending-review
v27_clean_runtime_reference,.venv/Lib/site-packages/pygments/lexers/soong.py,.py,2342,4d5a812732712f00840e66f9022c76fc056e6482d8c8f59c03315bcc834d4003,REFERENCE_ONLY,V27_REFERENCE_UNLESS_ORIGINALITY_APPROVED,pending-review
v27_clean_runtime_reference,.venv/Lib/site-packages/pygments/lexers/sophia.py,.py,3379,3009162d8c611c935c737514cd60f75432f35516dfe8801ddaecf8abb0d8df02,REFERENCE_ONLY,V27_REFERENCE_UNLESS_ORIGINALITY_APPROVED,pending-review
v27_clean_runtime_reference,.venv/Lib/site-packages/pygments/lexers/special.py,.py,3588,f20a5388b20214dc0871a866dbcda68bc36a8bfea0c1832c01f8c920cd81aba9,REFERENCE_ONLY,V27_REFERENCE_UNLESS_ORIGINALITY_APPROVED,pending-review
v27_clean_runtime_reference,.venv/Lib/site-packages/pygments/lexers/spice.py,.py,2801,51cae32b62890c329212010e78b5d36b2a91c22ad676ccb0adf1fd32ac0f3c86,REFERENCE_ONLY,V27_REFERENCE_UNLESS_ORIGINALITY_APPROVED,pending-review
v27_clean_runtime_reference,.venv/Lib/site-packages/pygments/lexers/sql.py,.py,41656,cf3fd3159b5fe51dbd72f901146d4f0c9fb428aad8ec58c0f910e4cbe81f3659,REFERENCE_ONLY,V27_REFERENCE_UNLESS_ORIGINALITY_APPROVED,pending-review
v27_clean_runtime_reference,.venv/Lib/site-packages/pygments/lexers/srcinfo.py,.py,1749,3078f4d9507b58fdc07283b3d5655802a34cff7a052e311a01d6b4ef99175415,REFERENCE_ONLY,V27_REFERENCE_UNLESS_ORIGINALITY_APPROVED,pending-review
v27_clean_runtime_reference,.venv/Lib/site-packages/pygments/lexers/stata.py,.py,6418,2a88e693158794493e1ef9b1237d776b9da7cc7fc91cda9fbfaaf78c9a050f2f,REFERENCE_ONLY,V27_REFERENCE_UNLESS_ORIGINALITY_APPROVED,pending-review
v27_clean_runtime_reference,.venv/Lib/site-packages/pygments/lexers/supercollider.py,.py,3700,1feab03fab146a8b5e9ac5f1bae829ba2e8a9d4de3b487437d2ddb1addc9be1e,REFERENCE_ONLY,V27_REFERENCE_UNLESS_ORIGINALITY_APPROVED,pending-review
v27_clean_runtime_reference,.venv/Lib/site-packages/pygments/lexers/tablegen.py,.py,4012,af2bb3c3e02b2ddbe5639e582419fa79b3b30e8dcbf149db479c5c641f3132ca,REFERENCE_ONLY,V27_REFERENCE_UNLESS_ORIGINALITY_APPROVED,pending-review
v27_clean_runtime_reference,.venv/Lib/site-packages/pygments/lexers/tact.py,.py,10812,61b39660da77d366413cce5a7dfccce3e0ae749e31459c896fefef4830a8cc2a,REFERENCE_ONLY,V27_REFERENCE_UNLESS_ORIGINALITY_APPROVED,pending-review
v27_clean_runtime_reference,.venv/Lib/site-packages/pygments/lexers/tal.py,.py,2907,c5962686ff2606bf80de87a81647123fb9c36d7d6bdb590a3a786c2d3b4bddb1,REFERENCE_ONLY,V27_REFERENCE_UNLESS_ORIGINALITY_APPROVED,pending-review
v27_clean_runtime_reference,.venv/Lib/site-packages/pygments/lexers/tcl.py,.py,5515,317300a36c0265eab9a11ed5cec35b6a66b0ba7fef30e93680e1039c693ac8e7,REFERENCE_ONLY,V27_REFERENCE_UNLESS_ORIGINALITY_APPROVED,pending-review
v27_clean_runtime_reference,.venv/Lib/site-packages/pygments/lexers/teal.py,.py,3525,a60a4f8bdc563ee992afe85e4a9181183714e6cdea374685523da66872c4dcc3,REFERENCE_ONLY,V27_REFERENCE_UNLESS_ORIGINALITY_APPROVED,pending-review
v27_clean_runtime_reference,.venv/Lib/site-packages/pygments/lexers/templates.py,.py,75734,9dd24c76e7b7dea43fb61b28aed02b6b57e6ffeb3330de344b96d95c12d8e78c,REFERENCE_ONLY,V27_REFERENCE_UNLESS_ORIGINALITY_APPROVED,pending-review
v27_clean_runtime_reference,.venv/Lib/site-packages/pygments/lexers/teraterm.py,.py,10045,60276f20b46af8574e27f1df888918553a07ddce88d9045b4281f5ed0e3d1f1f,REFERENCE_ONLY,V27_REFERENCE_UNLESS_ORIGINALITY_APPROVED,pending-review
v27_clean_runtime_reference,.venv/Lib/site-packages/pygments/lexers/testing.py,.py,10813,185e52a5a9c6c2380a2a861aae2df649db5d3965975e37bcc555f9f99cd38cb8,REFERENCE_ONLY,V27_REFERENCE_UNLESS_ORIGINALITY_APPROVED,pending-review
v27_clean_runtime_reference,.venv/Lib/site-packages/pygments/lexers/text.py,.py,1071,caaea638bcf73e2cca34c9b8fd8f141e7f6f11e05fa846395bedccedd9358d8b,REFERENCE_ONLY,V27_REFERENCE_UNLESS_ORIGINALITY_APPROVED,pending-review
v27_clean_runtime_reference,.venv/Lib/site-packages/pygments/lexers/textedit.py,.py,7763,57e2238747942d35adc774bfeaf4fb25cca340ef82362ae901b12991cccb1821,REFERENCE_ONLY,V27_REFERENCE_UNLESS_ORIGINALITY_APPROVED,pending-review
v27_clean_runtime_reference,.venv/Lib/site-packages/pygments/lexers/textfmts.py,.py,15527,5928890f334a09c3ac0684d4e0d098537ded8b96471a2d0fc76f5e1a34faa41d,REFERENCE_ONLY,V27_REFERENCE_UNLESS_ORIGINALITY_APPROVED,pending-review
v27_clean_runtime_reference,.venv/Lib/site-packages/pygments/lexers/theorem.py,.py,17903,73e7a0ead2185946f149882b3ad2d97c5c6ba3883dd49700230ac82462cfa285,REFERENCE_ONLY,V27_REFERENCE_UNLESS_ORIGINALITY_APPROVED,pending-review
v27_clean_runtime_reference,.venv/Lib/site-packages/pygments/lexers/thingsdb.py,.py,6257,14d2a302b4b5bda74710ddd95da65d0cbaaf706e7d19b17a024e4cf1132c4cb5,REFERENCE_ONLY,V27_REFERENCE_UNLESS_ORIGINALITY_APPROVED,pending-review
v27_clean_runtime_reference,.venv/Lib/site-packages/pygments/lexers/tlb.py,.py,1453,bd6b05abf32b22bce01b6abea9dce9728362bfd2a4368c38c7d79bb3dfc70300,REFERENCE_ONLY,V27_REFERENCE_UNLESS_ORIGINALITY_APPROVED,pending-review
v27_clean_runtime_reference,.venv/Lib/site-packages/pygments/lexers/tls.py,.py,1543,199d65bd9f0f524d7e2d386ad4aba2a9212732a255aa21e8fc0fb5e9a2ae24e7,REFERENCE_ONLY,V27_REFERENCE_UNLESS_ORIGINALITY_APPROVED,pending-review
v27_clean_runtime_reference,.venv/Lib/site-packages/pygments/lexers/tnt.py,.py,10459,30d6137e48b1d31e4bd690d5f15f3318b4bb194f33edbb7ec298816a9d96d3d5,REFERENCE_ONLY,V27_REFERENCE_UNLESS_ORIGINALITY_APPROVED,pending-review
v27_clean_runtime_reference,.venv/Lib/site-packages/pygments/lexers/trafficscript.py,.py,1509,d536b0a26e9b28933ebb59187b2db5c456877a9dc3f6497adab57745a1d2bdc2,REFERENCE_ONLY,V27_REFERENCE_UNLESS_ORIGINALITY_APPROVED,pending-review
v27_clean_runtime_reference,.venv/Lib/site-packages/pygments/lexers/typoscript.py,.py,8335,75602e398624d17e3113f7f12a0717cfeb0c6251b6c31411e26fddecf5b63d8b,REFERENCE_ONLY,V27_REFERENCE_UNLESS_ORIGINALITY_APPROVED,pending-review
v27_clean_runtime_reference,.venv/Lib/site-packages/pygments/lexers/typst.py,.py,7170,66d577ecd0900a84aa10aac085f7ee66d529d640da84a431f0fc4c2eb4761ba9,REFERENCE_ONLY,V27_REFERENCE_UNLESS_ORIGINALITY_APPROVED,pending-review
v27_clean_runtime_reference,.venv/Lib/site-packages/pygments/lexers/ul4.py,.py,10502,8e833e512d3ed811164471cae9ec99f98fbedf4e9881b32b7af318d2183c4136,REFERENCE_ONLY,V27_REFERENCE_UNLESS_ORIGINALITY_APPROVED,pending-review
v27_clean_runtime_reference,.venv/Lib/site-packages/pygments/lexers/unicon.py,.py,18628,f43f868a528ea8811aa3018799dbc746386aca2811937db401102bf86fec9dec,REFERENCE_ONLY,V27_REFERENCE_UNLESS_ORIGINALITY_APPROVED,pending-review
v27_clean_runtime_reference,.venv/Lib/site-packages/pygments/lexers/urbi.py,.py,6085,8fcee4e9f7bad2465d6c9e80240e20f44d27a3510fd1bc49634e9454fd188275,REFERENCE_ONLY,V27_REFERENCE_UNLESS_ORIGINALITY_APPROVED,pending-review
v27_clean_runtime_reference,.venv/Lib/site-packages/pygments/lexers/usd.py,.py,3307,b4ff641cf65425c13f7e53ef284b05ef04dc93816e416ef94bc10b8782182442,REFERENCE_ONLY,V27_REFERENCE_UNLESS_ORIGINALITY_APPROVED,pending-review
v27_clean_runtime_reference,.venv/Lib/site-packages/pygments/lexers/varnish.py,.py,7476,20d0ad61ba25d7257f357321e7508c0d90da7041e0881dd2991dc7e6e5be1647,REFERENCE_ONLY,V27_REFERENCE_UNLESS_ORIGINALITY_APPROVED,pending-review
v27_clean_runtime_reference,.venv/Lib/site-packages/pygments/lexers/verification.py,.py,3937,4084899a6cfb72661a5d9a615b9b28e0f7dd289a34add656ba3fdd7bae2669f9,REFERENCE_ONLY,V27_REFERENCE_UNLESS_ORIGINALITY_APPROVED,pending-review
v27_clean_runtime_reference,.venv/Lib/site-packages/pygments/lexers/verifpal.py,.py,2664,d226534166b017d7fb94566714d3d3c18462bba2ffdb93ed108f37b6e08098a6,REFERENCE_ONLY,V27_REFERENCE_UNLESS_ORIGINALITY_APPROVED,pending-review
v27_clean_runtime_reference,.venv/Lib/site-packages/pygments/lexers/vip.py,.py,5714,a4ce711687aefb618f5aa015cd925eeb13d8afa5893e5a33548e74f3848743cd,REFERENCE_ONLY,V27_REFERENCE_UNLESS_ORIGINALITY_APPROVED,pending-review
v27_clean_runtime_reference,.venv/Lib/site-packages/pygments/lexers/vyper.py,.py,5618,af0db20fd7362fbc8fb57a8a3ddd1177125264af9a25b5b98c46b48077ca10ed,REFERENCE_ONLY,V27_REFERENCE_UNLESS_ORIGINALITY_APPROVED,pending-review
v27_clean_runtime_reference,.venv/Lib/site-packages/pygments/lexers/web.py,.py,916,60caf1a0794a950c1f14995a7bdfd3f45d55a74dd803b216b2682a2f387aa602,REFERENCE_ONLY,V27_REFERENCE_UNLESS_ORIGINALITY_APPROVED,pending-review
v27_clean_runtime_reference,.venv/Lib/site-packages/pygments/lexers/webassembly.py,.py,5701,638f15741a7c6f8488d743c4b7c6e23a6fa0b5e62098d73f6d147e2afba57e74,REFERENCE_ONLY,V27_REFERENCE_UNLESS_ORIGINALITY_APPROVED,pending-review
v27_clean_runtime_reference,.venv/Lib/site-packages/pygments/lexers/webidl.py,.py,10519,31031a645b2496e076f65306a6218fd9fe9fce88dae2f57c16da02185407e9f3,REFERENCE_ONLY,V27_REFERENCE_UNLESS_ORIGINALITY_APPROVED,pending-review
v27_clean_runtime_reference,.venv/Lib/site-packages/pygments/lexers/webmisc.py,.py,40567,1a74934877ec0141b2e43605feac0598cb3269b9f34ecb5a106f7a16e6f9ddf9,REFERENCE_ONLY,V27_REFERENCE_UNLESS_ORIGINALITY_APPROVED,pending-review
v27_clean_runtime_reference,.venv/Lib/site-packages/pygments/lexers/wgsl.py,.py,11883,be00ed63fab8d93191bdcb324bbbe249a754f03dde1ef6ad7e808d36710fd331,REFERENCE_ONLY,V27_REFERENCE_UNLESS_ORIGINALITY_APPROVED,pending-review
v27_clean_runtime_reference,.venv/Lib/site-packages/pygments/lexers/whiley.py,.py,4020,302d95ee8d6cecb2282f2d0593e8bc3b2981a0dd1da4ad813e322b750c2c9d59,REFERENCE_ONLY,V27_REFERENCE_UNLESS_ORIGINALITY_APPROVED,pending-review
v27_clean_runtime_reference,.venv/Lib/site-packages/pygments/lexers/wowtoc.py,.py,4079,5e72d2497ee9fd1930648ce59985cef3bddde1bc97f7e03775fbf334be44a1cc,REFERENCE_ONLY,V27_REFERENCE_UNLESS_ORIGINALITY_APPROVED,pending-review
v27_clean_runtime_reference,.venv/Lib/site-packages/pygments/lexers/wren.py,.py,3232,da5873c294b6ef15ba9c4458fcd78e0e034df57ea607bbe5de875748f9e0a98f,REFERENCE_ONLY,V27_REFERENCE_UNLESS_ORIGINALITY_APPROVED,pending-review
v27_clean_runtime_reference,.venv/Lib/site-packages/pygments/lexers/x10.py,.py,1946,efba40ca886dbfd3c5c0fbc93c682af95c3cb445e8f529f2d4c9d37211694d32,REFERENCE_ONLY,V27_REFERENCE_UNLESS_ORIGINALITY_APPROVED,pending-review
v27_clean_runtime_reference,.venv/Lib/site-packages/pygments/lexers/xorg.py,.py,928,2d4294f75b753a97375bf17ae141b3c749c1f87a8a94ddc29ffead173b79218c,REFERENCE_ONLY,V27_REFERENCE_UNLESS_ORIGINALITY_APPROVED,pending-review
v27_clean_runtime_reference,.venv/Lib/site-packages/pygments/lexers/yang.py,.py,4502,c88bf0b5e1d60562f6fbccd9b1c9c23c93a7ab7acc39787997126e8f2c00fd9a,REFERENCE_ONLY,V27_REFERENCE_UNLESS_ORIGINALITY_APPROVED,pending-review
v27_clean_runtime_reference,.venv/Lib/site-packages/pygments/lexers/yara.py,.py,2430,fc84b3864a3bbfd02127ed5c5883594b21b79b2daf24ec85487c528e6e157536,REFERENCE_ONLY,V27_REFERENCE_UNLESS_ORIGINALITY_APPROVED,pending-review
v27_clean_runtime_reference,.venv/Lib/site-packages/pygments/lexers/zig.py,.py,3975,ab4b6ea65a511405124b6f6183f5e2447db60adbded841404f9c68ed334096b9,REFERENCE_ONLY,V27_REFERENCE_UNLESS_ORIGINALITY_APPROVED,pending-review
v27_clean_runtime_reference,.venv/Lib/site-packages/pygments/modeline.py,.py,1008,99ef20e6bc9289dbcfb4c04eac3cb63b5b0ca99774da5047318e4a0d979f530b,REFERENCE_ONLY,V27_REFERENCE_UNLESS_ORIGINALITY_APPROVED,pending-review
v27_clean_runtime_reference,.venv/Lib/site-packages/pygments/plugin.py,.py,1928,3facc8c3ebe4490d24d56287af36c14e3a7094264f6d1fba41efdd3bd06376ed,REFERENCE_ONLY,V27_REFERENCE_UNLESS_ORIGINALITY_APPROVED,pending-review
v27_clean_runtime_reference,.venv/Lib/site-packages/pygments/regexopt.py,.py,3308,776853bdace5a30e73cd920e0959df7841b6098d06ad8fe2807d6409249fee8c,REFERENCE_ONLY,V27_REFERENCE_UNLESS_ORIGINALITY_APPROVED,pending-review
v27_clean_runtime_reference,.venv/Lib/site-packages/pygments/scanner.py,.py,3095,0eda0b8b5a4e2a936efba8e26a42694902d48bf7a9dbd490421bfba00c1858c1,REFERENCE_ONLY,V27_REFERENCE_UNLESS_ORIGINALITY_APPROVED,pending-review
v27_clean_runtime_reference,.venv/Lib/site-packages/pygments/sphinxext.py,.py,7901,aa6896bf96fbaaae9b3544f6636c197a3576226426bedcc624583a2dc184365d,REFERENCE_ONLY,V27_REFERENCE_UNLESS_ORIGINALITY_APPROVED,pending-review
v27_clean_runtime_reference,.venv/Lib/site-packages/pygments/style.py,.py,6411,1eb89edfbddb81653cd5937056364cf86341a3107155ed56d53af733324b7646,REFERENCE_ONLY,V27_REFERENCE_UNLESS_ORIGINALITY_APPROVED,pending-review
v27_clean_runtime_reference,.venv/Lib/site-packages/pygments/styles/__init__.py,.py,2009,daf8062a76f2b749dffc248312d3211f1a693d200faf68da7f39791625c5b86b,REFERENCE_ONLY,V27_REFERENCE_UNLESS_ORIGINALITY_APPROVED,pending-review
v27_clean_runtime_reference,.venv/Lib/site-packages/pygments/styles/_mapping.py,.py,3312,ea5a2f154136f6dcfa12c5775d8638860a3327bab524bedc7cedd43a58274bcc,REFERENCE_ONLY,V27_REFERENCE_UNLESS_ORIGINALITY_APPROVED,pending-review
v27_clean_runtime_reference,.venv/Lib/site-packages/pygments/styles/abap.py,.py,752,4fb01dd76d4a8f3f196eea61ca1ba550bc17caf5ee6d24ba0b3734303385889f,REFERENCE_ONLY,V27_REFERENCE_UNLESS_ORIGINALITY_APPROVED,pending-review
v27_clean_runtime_reference,.venv/Lib/site-packages/pygments/styles/algol.py,.py,2265,eafe995cbc4f26c9bfd6a3ea3aee62840b9685593ae3835d3d73dc66a88e4d32,REFERENCE_ONLY,V27_REFERENCE_UNLESS_ORIGINALITY_APPROVED,pending-review
v27_clean_runtime_reference,.venv/Lib/site-packages/pygments/styles/algol_nu.py,.py,2286,e7cd4b7f975bdf4de0ef30dbef3f9596f1a514da5b5cc225027ad1071b631adb,REFERENCE_ONLY,V27_REFERENCE_UNLESS_ORIGINALITY_APPROVED,pending-review
v27_clean_runtime_reference,.venv/Lib/site-packages/pygments/styles/arduino.py,.py,4560,a051798237db40d06280ac45842ee08942075a5d22782b2186c9bd531088cea8,REFERENCE_ONLY,V27_REFERENCE_UNLESS_ORIGINALITY_APPROVED,pending-review
v27_clean_runtime_reference,.venv/Lib/site-packages/pygments/styles/autumn.py,.py,2198,3fd217e6eb630ef74981ebccd24346c04fb0bd5cac461d6580c9233b57610c31,REFERENCE_ONLY,V27_REFERENCE_UNLESS_ORIGINALITY_APPROVED,pending-review
v27_clean_runtime_reference,.venv/Lib/site-packages/pygments/styles/borland.py,.py,1614,57ca930fc4ab4b4c0ba21a76b9d222ae58a36c77cfa08956664629ab149d912c,REFERENCE_ONLY,V27_REFERENCE_UNLESS_ORIGINALITY_APPROVED,pending-review
v27_clean_runtime_reference,.venv/Lib/site-packages/pygments/styles/bw.py,.py,1409,7b8168e8ac9ac7669186a2ac8ecaaf8b6096ea5914f509e32a83eb1126408fe2,REFERENCE_ONLY,V27_REFERENCE_UNLESS_ORIGINALITY_APPROVED,pending-review
v27_clean_runtime_reference,.venv/Lib/site-packages/pygments/styles/coffee.py,.py,2311,d23c5d72d08429b47502acc0e7d7c540ae2c541744aeb464182527e9f3c5e2c8,REFERENCE_ONLY,V27_REFERENCE_UNLESS_ORIGINALITY_APPROVED,pending-review
v27_clean_runtime_reference,.venv/Lib/site-packages/pygments/styles/colorful.py,.py,2835,a2991f39c8c54ed0e7f45b72ea880cee8905301e9b034891d15b537413c4f4d1,REFERENCE_ONLY,V27_REFERENCE_UNLESS_ORIGINALITY_APPROVED,pending-review
v27_clean_runtime_reference,.venv/Lib/site-packages/pygments/styles/default.py,.py,2591,5852c3b9c2894bf69ce49aaeb668256f3e084dce234d34043a7a8b20ca52b6d0,REFERENCE_ONLY,V27_REFERENCE_UNLESS_ORIGINALITY_APPROVED,pending-review
v27_clean_runtime_reference,.venv/Lib/site-packages/pygments/styles/dracula.py,.py,2185,1fe10cd5633723177638163d6f3a0e6ca978233766862adf0d515b27d5ac8b44,REFERENCE_ONLY,V27_REFERENCE_UNLESS_ORIGINALITY_APPROVED,pending-review
v27_clean_runtime_reference,.venv/Lib/site-packages/pygments/styles/emacs.py,.py,2538,8846163e042b0d093845d0dff3e83b8f89ada05473a36c5c2af644d72b3d9895,REFERENCE_ONLY,V27_REFERENCE_UNLESS_ORIGINALITY_APPROVED,pending-review
v27_clean_runtime_reference,.venv/Lib/site-packages/pygments/styles/friendly.py,.py,2607,4b8dd731ccd6e77b4a7ed99aac42f8fa74eba0f55d37a93c7db36b20dcd1fd05,REFERENCE_ONLY,V27_REFERENCE_UNLESS_ORIGINALITY_APPROVED,pending-review
v27_clean_runtime_reference,.venv/Lib/site-packages/pygments/styles/friendly_grayscale.py,.py,2831,7a5d84f34e03124299e80a57b77379153987024221aa4263fa89a113513c99d1,REFERENCE_ONLY,V27_REFERENCE_UNLESS_ORIGINALITY_APPROVED,pending-review
v27_clean_runtime_reference,.venv/Lib/site-packages/pygments/styles/fruity.py,.py,1327,9ab3438b1a77f502288ad441a3ec8c3abf2d9d82c0c06774108330d80e8677c8,REFERENCE_ONLY,V27_REFERENCE_UNLESS_ORIGINALITY_APPROVED,pending-review
v27_clean_runtime_reference,.venv/Lib/site-packages/pygments/styles/gh_dark.py,.py,3593,c9be04381018b10f60e481843aac99e4b288f8c51bc33df697d581e4470c2da0,REFERENCE_ONLY,V27_REFERENCE_UNLESS_ORIGINALITY_APPROVED,pending-review
v27_clean_runtime_reference,.venv/Lib/site-packages/pygments/styles/gruvbox.py,.py,3390,fd066d46af72d6cdcd6000c7a9e93e0d710b42ab9e3a75435ef589ff56931a0a,REFERENCE_ONLY,V27_REFERENCE_UNLESS_ORIGINALITY_APPROVED,pending-review
v27_clean_runtime_reference,.venv/Lib/site-packages/pygments/styles/igor.py,.py,740,40efcce7e675c48c559eeb045382d9af8553fbe9d311156df9ca5f6e73afe329,REFERENCE_ONLY,V27_REFERENCE_UNLESS_ORIGINALITY_APPROVED,pending-review
v27_clean_runtime_reference,.venv/Lib/site-packages/pygments/styles/inkpot.py,.py,2407,6c9bcd5a292a9c058b8f1d801f8b7fb56e234744ecad4c951571553c07ce8243,REFERENCE_ONLY,V27_REFERENCE_UNLESS_ORIGINALITY_APPROVED,pending-review
v27_clean_runtime_reference,.venv/Lib/site-packages/pygments/styles/lightbulb.py,.py,3175,0a70efd661755f99359ac56f452fdd891e2d929d3a13f8e0d2d2bd71d1c41424,REFERENCE_ONLY,V27_REFERENCE_UNLESS_ORIGINALITY_APPROVED,pending-review
v27_clean_runtime_reference,.venv/Lib/site-packages/pygments/styles/lilypond.py,.py,2069,8120a26b33cf59f47ff7e055e416077bafb6812a2be2f3879f3de7c85408d900,REFERENCE_ONLY,V27_REFERENCE_UNLESS_ORIGINALITY_APPROVED,pending-review
v27_clean_runtime_reference,.venv/Lib/site-packages/pygments/styles/lovelace.py,.py,3181,bd9f92f6d4be4143b07c0d111d8061493444de1d5953e6d99ee316eceea4b32c,REFERENCE_ONLY,V27_REFERENCE_UNLESS_ORIGINALITY_APPROVED,pending-review
v27_clean_runtime_reference,.venv/Lib/site-packages/pygments/styles/manni.py,.py,2446,769b090b565e7acd1ef487168aba96b92cd0c700f48c86e3845aae336ddd9963,REFERENCE_ONLY,V27_REFERENCE_UNLESS_ORIGINALITY_APPROVED,pending-review
v27_clean_runtime_reference,.venv/Lib/site-packages/pygments/styles/material.py,.py,4204,7b2c80689829d459e3978fbf0f7f7f975c07e425b85b455649c4374348ed0205,REFERENCE_ONLY,V27_REFERENCE_UNLESS_ORIGINALITY_APPROVED,pending-review
v27_clean_runtime_reference,.venv/Lib/site-packages/pygments/styles/monokai.py,.py,5187,dc2c09266fd854689bcc58bc9e12bf6f977870dce057ccfe2fa4730b551503b4,REFERENCE_ONLY,V27_REFERENCE_UNLESS_ORIGINALITY_APPROVED,pending-review
v27_clean_runtime_reference,.venv/Lib/site-packages/pygments/styles/murphy.py,.py,2808,1ec3ddf349ce6dbdcebf7fbbc8941b9c9af7cfd982cb3df43e39ff9e45a4318a,REFERENCE_ONLY,V27_REFERENCE_UNLESS_ORIGINALITY_APPROVED,pending-review
v27_clean_runtime_reference,.venv/Lib/site-packages/pygments/styles/native.py,.py,2046,a1acc42546ee687aaa399479bf1fa32214cf230edd0ba4199cac56fb12ebedfb,REFERENCE_ONLY,V27_REFERENCE_UNLESS_ORIGINALITY_APPROVED,pending-review
v27_clean_runtime_reference,.venv/Lib/site-packages/pygments/styles/nord.py,.py,5394,b7b7d98f4e0b520b0b687a62a3ae85a8e18c29bedad950b7b5e5259889cf7d18,REFERENCE_ONLY,V27_REFERENCE_UNLESS_ORIGINALITY_APPROVED,pending-review
v27_clean_runtime_reference,.venv/Lib/site-packages/pygments/styles/onedark.py,.py,2126,517acccd5bc0f4e54fece84243980bd02699ae4e63a3f23ce07266ecb10de464,REFERENCE_ONLY,V27_REFERENCE_UNLESS_ORIGINALITY_APPROVED,pending-review
v27_clean_runtime_reference,.venv/Lib/site-packages/pygments/styles/paraiso_dark.py,.py,5665,af1e7f8f8827651cb68fede10211665a99e39ddf957f3dd9edf7301174541a6d,REFERENCE_ONLY,V27_REFERENCE_UNLESS_ORIGINALITY_APPROVED,pending-review
v27_clean_runtime_reference,.venv/Lib/site-packages/pygments/styles/paraiso_light.py,.py,5671,8844636d845e9aa82c8acbfff538da9c18a0e1b27ffbcd31473e41e69ba131cd,REFERENCE_ONLY,V27_REFERENCE_UNLESS_ORIGINALITY_APPROVED,pending-review
v27_clean_runtime_reference,.venv/Lib/site-packages/pygments/styles/pastie.py,.py,2528,9a729e6c5889d9da3d03fc133eae2d2ad830f9342aa5bd253f790d6de990dada,REFERENCE_ONLY,V27_REFERENCE_UNLESS_ORIGINALITY_APPROVED,pending-review
v27_clean_runtime_reference,.venv/Lib/site-packages/pygments/styles/perldoc.py,.py,2233,f9ed53e1004440d13f975ed1616f96068c0da6b836b8bfe11638520dc68c8833,REFERENCE_ONLY,V27_REFERENCE_UNLESS_ORIGINALITY_APPROVED,pending-review
v27_clean_runtime_reference,.venv/Lib/site-packages/pygments/styles/rainbow_dash.py,.py,2393,60fd873d55c92e63b2f18cfca7cbb919b900cae2b12e5366bba21364131ad4c7,REFERENCE_ONLY,V27_REFERENCE_UNLESS_ORIGINALITY_APPROVED,pending-review
v27_clean_runtime_reference,.venv/Lib/site-packages/pygments/styles/rrt.py,.py,1295,bece299d6c26308411d1e19cce9d3a0186b3b18891d0a15c462454cd27f7ad77,REFERENCE_ONLY,V27_REFERENCE_UNLESS_ORIGINALITY_APPROVED,pending-review
v27_clean_runtime_reference,.venv/Lib/site-packages/pygments/styles/sas.py,.py,1443,111f898d9814db01095a4e4ad3a8870053e35580f588c92f8e3134ae534eb766,REFERENCE_ONLY,V27_REFERENCE_UNLESS_ORIGINALITY_APPROVED,pending-review
v27_clean_runtime_reference,.venv/Lib/site-packages/pygments/styles/solarized.py,.py,4250,55db4b62143bc438ff8931cffc492beab01d31c1377d14ab8259e05526a5eb73,REFERENCE_ONLY,V27_REFERENCE_UNLESS_ORIGINALITY_APPROVED,pending-review
v27_clean_runtime_reference,.venv/Lib/site-packages/pygments/styles/staroffice.py,.py,834,a5e13190806a3e4461a971695bdf67e3db7aa4cc1e848fe90d8554990c2481d0,REFERENCE_ONLY,V27_REFERENCE_UNLESS_ORIGINALITY_APPROVED,pending-review
v27_clean_runtime_reference,.venv/Lib/site-packages/pygments/styles/stata_dark.py,.py,1260,37a8a65b292a1e84f976b3a7fac551533b7501930a1b71c753e43b2cacf6779d,REFERENCE_ONLY,V27_REFERENCE_UNLESS_ORIGINALITY_APPROVED,pending-review
v27_clean_runtime_reference,.venv/Lib/site-packages/pygments/styles/stata_light.py,.py,1292,616ee2878b5e5e812e50722638adab192095c5f9e3e37b6570a3d752cac39118,REFERENCE_ONLY,V27_REFERENCE_UNLESS_ORIGINALITY_APPROVED,pending-review
v27_clean_runtime_reference,.venv/Lib/site-packages/pygments/styles/tango.py,.py,7140,01fd16553c691ff714747affb9aebd2438a34cb239686d519814c5ee8d8a4e09,REFERENCE_ONLY,V27_REFERENCE_UNLESS_ORIGINALITY_APPROVED,pending-review
v27_clean_runtime_reference,.venv/Lib/site-packages/pygments/styles/trac.py,.py,1984,fa1e6253e2e34a6b7e750ef2e635f02792d0f40051e500f94653d18e19f39aff,REFERENCE_ONLY,V27_REFERENCE_UNLESS_ORIGINALITY_APPROVED,pending-review
v27_clean_runtime_reference,.venv/Lib/site-packages/pygments/styles/vim.py,.py,2022,756a82542d984f8e5d2d2a4c4f02c13e4298811b13d7e7057fb647a1cd8f4290,REFERENCE_ONLY,V27_REFERENCE_UNLESS_ORIGINALITY_APPROVED,pending-review
v27_clean_runtime_reference,.venv/Lib/site-packages/pygments/styles/vs.py,.py,1133,ec725e861b621c4e6789b8c2debdd7f9a607066e4171c2f7dcb80eff86a71225,REFERENCE_ONLY,V27_REFERENCE_UNLESS_ORIGINALITY_APPROVED,pending-review
v27_clean_runtime_reference,.venv/Lib/site-packages/pygments/styles/xcode.py,.py,1507,1e607a68f931be6a38cdae438a384b6f90174b2bfa51b5a7c0e5284543416990,REFERENCE_ONLY,V27_REFERENCE_UNLESS_ORIGINALITY_APPROVED,pending-review
v27_clean_runtime_reference,.venv/Lib/site-packages/pygments/styles/zenburn.py,.py,2206,031ee205b333bd540d4e94f761d33008490bfa72179e9afad1a56b4782e96baa,REFERENCE_ONLY,V27_REFERENCE_UNLESS_ORIGINALITY_APPROVED,pending-review
v27_clean_runtime_reference,.venv/Lib/site-packages/pygments/token.py,.py,6229,0d58a5e53da5b479138104d4632d5d32d8328a08dabc2b35ca913841fd82ac6a,REFERENCE_ONLY,V27_REFERENCE_UNLESS_ORIGINALITY_APPROVED,pending-review
v27_clean_runtime_reference,.venv/Lib/site-packages/pygments/unistring.py,.py,63211,678c381df395521b9e09445191f840a90d9bfbaf54ce4858e31b877af604cb98,REFERENCE_ONLY,V27_REFERENCE_UNLESS_ORIGINALITY_APPROVED,pending-review
v27_clean_runtime_reference,.venv/Lib/site-packages/pygments/util.py,.py,10046,ce4f77e6d252a70480f73c4d995d53ba17043f431f6e85e24594864272cf12a9,REFERENCE_ONLY,V27_REFERENCE_UNLESS_ORIGINALITY_APPROVED,pending-review
v27_clean_runtime_reference,.venv/Lib/site-packages/pytest/__init__.py,.py,5644,ee37885c9583f843390684dfb496907f87a0905128e7a3cf4ad227f49ff34c2d,REFERENCE_ONLY,V27_REFERENCE_UNLESS_ORIGINALITY_APPROVED,pending-review
v27_clean_runtime_reference,.venv/Lib/site-packages/pytest/__main__.py,.py,175,37f8b6a3df1aef71336bce85e366db968ede153dd72ad4e60bebff79e279dc40,REFERENCE_ONLY,V27_REFERENCE_UNLESS_ORIGINALITY_APPROVED,pending-review
v27_clean_runtime_reference,.venv/Scripts/Activate.ps1,.ps1,9033,3795a060dea7d621320d6d841deb37591fadf7f5592c5cb2286f9867af0e91df,REFERENCE_ONLY,V27_REFERENCE_UNLESS_ORIGINALITY_APPROVED,pending-review
v27_clean_runtime_reference,README.md,.md,5139,210f1d1e771065606fc97901e596a143bdcb0e372f3f8c4cc902be6b26e25a0e,REFERENCE_ONLY,V27_REFERENCE_UNLESS_ORIGINALITY_APPROVED,pending-review
v27_clean_runtime_reference,calibration/private/event_visible_v1.json,.json,2814,279e5cf8db3095c009e5fbc108067d414ca615882121ab5da4b0bfa9ad4b3fae,BLOCKED,LICENSE_OR_SECRET_BOUND,pending-review
v27_clean_runtime_reference,contracts/dataset_recording_5m_profile_v1.json,.json,365,053250921c605635772615140474404f38722da315f67ad6a957e165bbe7c91b,REFERENCE_ONLY,V27_REFERENCE_UNLESS_ORIGINALITY_APPROVED,pending-review
v27_clean_runtime_reference,contracts/dataset_recording_golden_profile_v1.json,.json,354,ce674ee185e2b874fb2480756576b60d7dda7dbdbd8287882ae7e2af839a2cb4,REFERENCE_ONLY,V27_REFERENCE_UNLESS_ORIGINALITY_APPROVED,pending-review
v27_clean_runtime_reference,contracts/dataset_recording_prearm_profile_v1.json,.json,352,943a63634973ac3567af5c58b2e0a2580588bc5cafea615f8ee42efc4105c727,REFERENCE_ONLY,V27_REFERENCE_UNLESS_ORIGINALITY_APPROVED,pending-review
v27_clean_runtime_reference,contracts/event_8cam_live_5m_profile_v1.json,.json,1554,15051abe2811135561ba9748ca86ab56132aaacb67ddd15275a68878563441f4,REFERENCE_ONLY,V27_REFERENCE_UNLESS_ORIGINALITY_APPROVED,pending-review
v27_clean_runtime_reference,contracts/event_8cam_live_long_profile_v1.json,.json,1557,e7e7ea47da6609f4ee382d9dba3cb5c62163e1018810b3942ebcdcccf3310cc1,REFERENCE_ONLY,V27_REFERENCE_UNLESS_ORIGINALITY_APPROVED,pending-review
v27_clean_runtime_reference,contracts/event_8cam_live_profile_v1.json,.json,1378,acdb2061c66d0acbe59adc0edc0886f63720153349144bf253f4a91f58abb9df,REFERENCE_ONLY,V27_REFERENCE_UNLESS_ORIGINALITY_APPROVED,pending-review
v27_clean_runtime_reference,contracts/event_8cam_profile_v1.json,.json,844,4fb3ff14aa15d3b970db0b566aaa5cbca7e738cb5ae2ed8ef57f0b89704e2aa0,REFERENCE_ONLY,V27_REFERENCE_UNLESS_ORIGINALITY_APPROVED,pending-review
v27_clean_runtime_reference,contracts/event_pixel_tile_live_long_profile_v1.json,.json,1401,7ec075c2facf1ed3a897755d87ecf0b99167ce4eea408c5b901d1731adca3d57,REFERENCE_ONLY,V27_REFERENCE_UNLESS_ORIGINALITY_APPROVED,pending-review
v27_clean_runtime_reference,contracts/event_pixel_tile_live_profile_v1.json,.json,1338,41b58ad1136926add51de2a3e0736ee322dba9d46539c021cd613ce7503d8959,REFERENCE_ONLY,V27_REFERENCE_UNLESS_ORIGINALITY_APPROVED,pending-review
v27_clean_runtime_reference,contracts/event_pixel_tile_profile_v1.json,.json,406,5349d6abdeee3875140f03cd9101c4369648996a0cdc3afc2bb469fb5b6d9977,REFERENCE_ONLY,V27_REFERENCE_UNLESS_ORIGINALITY_APPROVED,pending-review
v27_clean_runtime_reference,contracts/event_source_c03_readonly_profile_v1.json,.json,1331,47f54139fccbd1e213a228b9159a6b4fa4b1be6dc642cd435c3d77d73cf0789b,REFERENCE_ONLY,V27_REFERENCE_UNLESS_ORIGINALITY_APPROVED,pending-review
v27_clean_runtime_reference,contracts/event_source_conditioned_idle_profile_v1.json,.json,1417,27908835104f3f5713e3cd4b2c8e7d52ec1597214f1f6d8f4ffc26ff6ab12c4e,REFERENCE_ONLY,V27_REFERENCE_UNLESS_ORIGINALITY_APPROVED,pending-review
v27_clean_runtime_reference,contracts/event_source_idle_profile_v1.json,.json,1019,ce863c3cef7cc8462deb225f939cd397e5550ae0c2405397bf73d92fcb314752,REFERENCE_ONLY,V27_REFERENCE_UNLESS_ORIGINALITY_APPROVED,pending-review
v27_clean_runtime_reference,contracts/event_source_legacy_diff_profile_v1.json,.json,1856,112b02a658043bc5c97c62d9240028c69b60a01901e876b3707c2b0d4225bc78,REFERENCE_ONLY,V27_REFERENCE_UNLESS_ORIGINALITY_APPROVED,pending-review
v27_clean_runtime_reference,contracts/global_yolo_live_long_profile_v1.json,.json,739,522e7ab86dcdeb287143aecef31f1371493eeb3b7696791debe6905eef1ac57c,REFERENCE_ONLY,V27_REFERENCE_UNLESS_ORIGINALITY_APPROVED,pending-review
v27_clean_runtime_reference,contracts/global_yolo_live_long_profile_v2.json,.json,704,33f7c7595d54e9c1a984f78a3279443383b6cf5096ca41cd45cecf9d45523341,REFERENCE_ONLY,V27_REFERENCE_UNLESS_ORIGINALITY_APPROVED,pending-review
v27_clean_runtime_reference,contracts/global_yolo_multiprocess_profile_v2.json,.json,1652,84a0953ae141fc8ed2d6ed3334fa3a718844dd13a4eeda20db734696feb6d905,REFERENCE_ONLY,V27_REFERENCE_UNLESS_ORIGINALITY_APPROVED,pending-review
v27_clean_runtime_reference,contracts/global_yolo_profile_v1.json,.json,739,59219fc6924c230a0d88bd0878a45d28f1c3543f3816b1c1bfa79f3b284ec9c4,REFERENCE_ONLY,V27_REFERENCE_UNLESS_ORIGINALITY_APPROVED,pending-review
v27_clean_runtime_reference,contracts/hik_mvs_8cam_profile_v1.json,.json,2507,e017eb327ea0f0b7b5a3278fa3c2c6cf8a8a00b3aae9f8555d257ae9f943ce1d,REFERENCE_ONLY,V27_REFERENCE_UNLESS_ORIGINALITY_APPROVED,pending-review
v27_clean_runtime_reference,contracts/live_preview_long_profile_v1.json,.json,555,ae55c39311ae15802d556e4bd9b5c3bd18b0459d6f107d62141b80e9f9756d18,REFERENCE_ONLY,V27_REFERENCE_UNLESS_ORIGINALITY_APPROVED,pending-review
v27_clean_runtime_reference,contracts/live_preview_profile_v1.json,.json,594,4a41b49ae673502cf79751c353625d7cc0ebb5e849f57b67bdf0c230f786a5b5,REFERENCE_ONLY,V27_REFERENCE_UNLESS_ORIGINALITY_APPROVED,pending-review
v27_clean_runtime_reference,contracts/preview_profile_v1.json,.json,223,4d326dfcf07852d887116506c20ffcb7d3015d43dd5dcaed1d460e79c6da8f33,REFERENCE_ONLY,V27_REFERENCE_UNLESS_ORIGINALITY_APPROVED,pending-review
v27_clean_runtime_reference,contracts/runtime_dependency_policy_v1.json,.json,653,e319b608c7d3b68402b81731da9a8ceab65d363f3ebb408d73d9e09b29de83e5,REFERENCE_ONLY,V27_REFERENCE_UNLESS_ORIGINALITY_APPROVED,pending-review
v27_clean_runtime_reference,contracts/source_activation_live_review_profile_v1.json,.json,1491,d4f610dc1abbec844e9fe0e741da385a7d5868a0b19b3123cf00b22cadfbc6c5,REFERENCE_ONLY,V27_REFERENCE_UNLESS_ORIGINALITY_APPROVED,pending-review
v27_clean_runtime_reference,contracts/sync_binding_profile_v1.json,.json,454,302478a5754811bfa49ba77e0c78fed9fe32cb1ba57cf807b1505e99ec5c3202,REFERENCE_ONLY,V27_REFERENCE_UNLESS_ORIGINALITY_APPROVED,pending-review
v27_clean_runtime_reference,contracts/sync_dataset_5m_profile_v1.json,.json,546,1a954ea55ca4d9da4eb26eced77ac326426fcc01664104fa66db8f98b0de3e7c,REFERENCE_ONLY,V27_REFERENCE_UNLESS_ORIGINALITY_APPROVED,pending-review
v27_clean_runtime_reference,contracts/sync_dataset_golden_profile_v1.json,.json,545,475e5e8b3fc57d0ee904ed419658008e3933d9e0ecd7915f1c3c73d9294de673,REFERENCE_ONLY,V27_REFERENCE_UNLESS_ORIGINALITY_APPROVED,pending-review
v27_clean_runtime_reference,contracts/sync_dataset_prearm_profile_v1.json,.json,544,0460d400c4d9a657c47b2001e695692d10a80770dd8cf09f4cfe62119d5ca33b,REFERENCE_ONLY,V27_REFERENCE_UNLESS_ORIGINALITY_APPROVED,pending-review
v27_clean_runtime_reference,contracts/sync_live_5m_profile_v1.json,.json,613,db609275b4e311bbd35a88d696d1deaf57efda10d943607dae6b434e0f2e8929,REFERENCE_ONLY,V27_REFERENCE_UNLESS_ORIGINALITY_APPROVED,pending-review
v27_clean_runtime_reference,contracts/sync_live_long_profile_v1.json,.json,615,0209957ccd2641a154623cc21ff54299fdea3a14a6a80a6c79ad0e8f82ebe289,REFERENCE_ONLY,V27_REFERENCE_UNLESS_ORIGINALITY_APPROVED,pending-review
v27_clean_runtime_reference,contracts/sync_live_preview_profile_v1.json,.json,460,276a89051b24e0e646ca5d32f6fa1d9f6653905bb5b93f044b48f5b4c033a5bd,REFERENCE_ONLY,V27_REFERENCE_UNLESS_ORIGINALITY_APPROVED,pending-review
v27_clean_runtime_reference,contracts/yolo_mp_execution_contract_v1.json,.json,1825,f956d64d5ed050f33aaa6104f9d615656f893d6c8fff908f0f82c4a412c6c057,REFERENCE_ONLY,V27_REFERENCE_UNLESS_ORIGINALITY_APPROVED,pending-review
v27_clean_runtime_reference,evidence/s0/isolation_report.json,.json,222,a67dd69e029a9d4756ea6498adc9d68665b3cea3233db1cb02b1ae4786defa2e,REFERENCE_ONLY,V27_REFERENCE_UNLESS_ORIGINALITY_APPROVED,pending-review
v27_clean_runtime_reference,evidence_local/field-prearm-c01/cleanup.json,.json,3197,d79d9f1cf7a51550dcd8397b0e56a5faeb1d739bb92461094fa50591e52298cb,REFERENCE_ONLY,V27_REFERENCE_UNLESS_ORIGINALITY_APPROVED,pending-review
v27_clean_runtime_reference,evidence_local/field-prearm-c01/result.json,.json,537945,5c72886059b2022e27f6068578400ec8f57a7a2b0b0eed9fc2bfc3661f6510bd,REFERENCE_ONLY,V27_REFERENCE_UNLESS_ORIGINALITY_APPROVED,pending-review
v27_clean_runtime_reference,evidence_local/field-prearm-c02/cleanup.json,.json,3197,59c509049f90888cf16cdb1f80a3a046082fddcbacbe52d8c162936788613146,REFERENCE_ONLY,V27_REFERENCE_UNLESS_ORIGINALITY_APPROVED,pending-review
v27_clean_runtime_reference,evidence_local/field-prearm-c02/result.json,.json,541363,b2d5e0b8cbc4574f878237e875b4ef57fe56348c5e16c29d225dcfd862fd1899,REFERENCE_ONLY,V27_REFERENCE_UNLESS_ORIGINALITY_APPROVED,pending-review
v27_clean_runtime_reference,evidence_local/field-prearm-c07/cleanup.json,.json,3197,95eaea3c164cf2fb2c47da13f52d4ad9bd1ed75495223318c311af6c79c82d0e,REFERENCE_ONLY,V27_REFERENCE_UNLESS_ORIGINALITY_APPROVED,pending-review
v27_clean_runtime_reference,evidence_local/field-prearm-c07/result.json,.json,9956394,2dc2f12b37429727d69a9c6519290803d7832760082e5b95e418a1f1e1a7fc75,REFERENCE_ONLY,V27_REFERENCE_UNLESS_ORIGINALITY_APPROVED,pending-review
v27_clean_runtime_reference,governance/MRGE_V1_0_ARCHITECTURE_DRAFT_V7_20260727.zh-CN.md,.md,243,174266af47c6f02ea769d7912a1eb7b5f71cc2e4665f6567e58398f404127450,REFERENCE_ONLY,V27_REFERENCE_UNLESS_ORIGINALITY_APPROVED,pending-review
v27_clean_runtime_reference,governance/MRGE_V1_0_ARCHITECTURE_SPEC.zh-CN.md,.md,221167,a8ac1968d569fb6ffb8b64004ec2b33000b3c31b68a38208ba1e3e0f2ead9e43,REFERENCE_ONLY,V27_REFERENCE_UNLESS_ORIGINALITY_APPROVED,pending-review
v27_clean_runtime_reference,governance/MRGE_V1_0_DEEPSEEK_V4_FLASH_SHADOW_ARBITRATION_DEVELOPMENT_PLAN_20260727.zh-CN.md,.md,316,9bc6f92887773cf20dd083706e0e4f4f5294ae22e9fabd2297658885066cf2be,REFERENCE_ONLY,V27_REFERENCE_UNLESS_ORIGINALITY_APPROVED,pending-review
v27_clean_runtime_reference,governance/MRGE_V1_0_DOCUMENT_INDEX.zh-CN.md,.md,5730,6669f241bc227fa14531bf68bfa324c243c7c79dcd1db8b52f946d580d6c0f61,REFERENCE_ONLY,V27_REFERENCE_UNLESS_ORIGINALITY_APPROVED,pending-review
v27_clean_runtime_reference,governance/MRGE_V1_0_DOCUMENT_REGISTRY.json,.json,41699,35a41f444442097a1878a7cb93e21431556f8c96ec553abb5efa7088683236cf,REFERENCE_ONLY,V27_REFERENCE_UNLESS_ORIGINALITY_APPROVED,pending-review
v27_clean_runtime_reference,governance/MRGE_V1_0_DOCUMENT_SYSTEM.zh-CN.md,.md,11402,acacd5f97b1d19561da6d64d8c30d51c60b0763859c62da8643a3bbd4af75f2e,REFERENCE_ONLY,V27_REFERENCE_UNLESS_ORIGINALITY_APPROVED,pending-review
v27_clean_runtime_reference,governance/MRGE_V1_0_EXECUTION_GOVERNANCE_WORKPLAN.zh-CN.md,.md,22419,55308473ea6d0301a8fdc13fcdf167243c90b8ba6e3de201ec686b28c6e0b81d,REFERENCE_ONLY,V27_REFERENCE_UNLESS_ORIGINALITY_APPROVED,pending-review
v27_clean_runtime_reference,governance/MRGE_V1_0_LLM_SHADOW_ARBITRATION_ARCHITECTURE_AMENDMENT_20260727.zh-CN.md,.md,348,8b041f853bffef0fd07cb8ec26d07c24bd43800c1119b56e675f0b9b5fb1cbdb,REFERENCE_ONLY,V27_REFERENCE_UNLESS_ORIGINALITY_APPROVED,pending-review
v27_clean_runtime_reference,governance/MRGE_V1_0_PARALLEL_EXECUTION_APPROVAL_PACKAGE.zh-CN.md,.md,15927,b98a6693518c98cb533dc8d725b3ea4cfe02526428c16d0c82d579ba1f2d084d,REFERENCE_ONLY,V27_REFERENCE_UNLESS_ORIGINALITY_APPROVED,pending-review
v27_clean_runtime_reference,governance/MRGE_V1_0_WORKPLAN_LLM_DEEPSEEK_SHADOW_ARBITRATION.zh-CN.md,.md,27907,4d812094761967e0359d8bc5b5b91a0137d50431bb866a7cd9abd7cad1e6b1a7,REFERENCE_ONLY,V27_REFERENCE_UNLESS_ORIGINALITY_APPROVED,pending-review
v27_clean_runtime_reference,governance/V27_CLEAN_STAGE_PLAN_20260726.json,.json,1184,2b2a015a9ba31793f281834ac6db3e4d4a683c0edbdc5dd53dc04990851cf082,REFERENCE_ONLY,V27_REFERENCE_UNLESS_ORIGINALITY_APPROVED,pending-review
v27_clean_runtime_reference,governance/V27_CR_A01_A12_APPROVAL_20260726.json,.json,2848,bd3b56faef4ca4ce78c991738918c60e36edaca6f2ae9a053151452d2ee4f6d3,REFERENCE_ONLY,V27_REFERENCE_UNLESS_ORIGINALITY_APPROVED,pending-review
v27_clean_runtime_reference,governance/V27_EVENT_SOURCE_C01_HARD_RED_20260726.json,.json,3265,08e1ad6dbf8a5d0a208eff8c27571ca9e6d57498179a619c0508e24b0becb171,REFERENCE_ONLY,V27_REFERENCE_UNLESS_ORIGINALITY_APPROVED,pending-review
v27_clean_runtime_reference,governance/V27_EVENT_SOURCE_C02_APPROVAL_20260726.json,.json,1321,8041b47992f146815b367478add956ff5f3f9209593dc2ef22ed5158ac140d0b,REFERENCE_ONLY,V27_REFERENCE_UNLESS_ORIGINALITY_APPROVED,pending-review
v27_clean_runtime_reference,governance/V27_EVENT_SOURCE_C02_HARD_RED_20260726.json,.json,3302,ff347b3d3b2c21ee8d8f7d971ea39cfe5d496524817c7b9538275a1b5c001aa5,REFERENCE_ONLY,V27_REFERENCE_UNLESS_ORIGINALITY_APPROVED,pending-review
v27_clean_runtime_reference,governance/V27_EVENT_SOURCE_C03_APPROVAL_20260726.json,.json,1001,30653f8d51efd8093de91f1b0f7e660930768d051b5bcbf35e55c54875ed250b,REFERENCE_ONLY,V27_REFERENCE_UNLESS_ORIGINALITY_APPROVED,pending-review
v27_clean_runtime_reference,governance/V27_EVENT_SOURCE_C03_PRE_SIDE_EFFECT_FAILURE_20260726.json,.json,1108,b09c503a686660cef1c1f5604f9e7da9221f0405b84ef5e98338ba31a6de4a4f,REFERENCE_ONLY,V27_REFERENCE_UNLESS_ORIGINALITY_APPROVED,pending-review
v27_clean_runtime_reference,governance/V27_EVENT_SOURCE_C04_HARD_RED_20260726.json,.json,1580,b2eaf60e640f3de5916e8b62b4a7e2ff4b9d954a623982a129defc6b3b1aba2d,REFERENCE_ONLY,V27_REFERENCE_UNLESS_ORIGINALITY_APPROVED,pending-review
v27_clean_runtime_reference,governance/V27_EVENT_SOURCE_C05_IMPLEMENTATION_FAILURE_20260726.json,.json,1071,f4f63528fbd46791898a0693160f57b763cb66658c04c783184a2f14b9c687e4,REFERENCE_ONLY,V27_REFERENCE_UNLESS_ORIGINALITY_APPROVED,pending-review
v27_clean_runtime_reference,governance/V27_EVENT_SOURCE_C06_READONLY_PASS_20260726.json,.json,3208,a8ec95ba817eb305b89c684dbf857129acbb9e7e6ce4b12583f019c17d558df3,REFERENCE_ONLY,V27_REFERENCE_UNLESS_ORIGINALITY_APPROVED,pending-review
v27_clean_runtime_reference,governance/V27_EVENT_SOURCE_C07_APPROVAL_20260726.json,.json,917,150026a50393c7703b53d91ebc2d60236e137092e7f024c679a6ceb8bc01729f,REFERENCE_ONLY,V27_REFERENCE_UNLESS_ORIGINALITY_APPROVED,pending-review
v27_clean_runtime_reference,governance/V27_EVENT_SOURCE_C07_DIAGNOSTIC_PASS_20260726.json,.json,3795,f1313761c36a8023b4dbf54fcbd0912122a74b89299297246d02ee60e03cc9f2,REFERENCE_ONLY,V27_REFERENCE_UNLESS_ORIGINALITY_APPROVED,pending-review
v27_clean_runtime_reference,governance/V27_FIELD_01_04_APPROVAL_20260726.json,.json,1174,058e3651d26dbc243121f60f0c0933697da1bb039c733fdad01865285e0244d8,REFERENCE_ONLY,V27_REFERENCE_UNLESS_ORIGINALITY_APPROVED,pending-review
v27_clean_runtime_reference,governance/V27_FIELD_PREARM_C01_FAILURE_20260726.json,.json,2356,11352e15e24f2d438926dc8e8f6a06885e475c6c60076b44a90792a50bab8b4f,REFERENCE_ONLY,V27_REFERENCE_UNLESS_ORIGINALITY_APPROVED,pending-review
v27_clean_runtime_reference,governance/V27_FIELD_PREARM_C02_FAILURE_20260726.json,.json,2227,6a45903386981ebe2ab821bb0f36ba1fa8d80c381fb972a31cbf4964a0144157,REFERENCE_ONLY,V27_REFERENCE_UNLESS_ORIGINALITY_APPROVED,pending-review
v27_clean_runtime_reference,governance/V27_FIELD_PREARM_C03_FAILURE_20260726.json,.json,2052,a65b4456208951ca95102ed13c799efca29f56c06871288ad4d4494398cd9fa3,REFERENCE_ONLY,V27_REFERENCE_UNLESS_ORIGINALITY_APPROVED,pending-review
v27_clean_runtime_reference,governance/V27_FIELD_PREARM_C04_FAILURE_20260726.json,.json,2068,be4027cf5187a792e9fac64e0f8c86a3fb6eaf4c981bb20e05111685d5883a88,REFERENCE_ONLY,V27_REFERENCE_UNLESS_ORIGINALITY_APPROVED,pending-review
v27_clean_runtime_reference,governance/V27_FIELD_PREARM_C05_FAILURE_20260726.json,.json,1636,282ce6349ce93687674dcec9618115bf2f1aeadb02d4c5fbf7800fddf2b20189,REFERENCE_ONLY,V27_REFERENCE_UNLESS_ORIGINALITY_APPROVED,pending-review
v27_clean_runtime_reference,governance/V27_FIELD_PREARM_C06_FAILURE_20260726.json,.json,1817,fb94f29672ae9c7d8bdf1eebe15bba4abbde11158e7b63b1f7dc7b62f1280d81,REFERENCE_ONLY,V27_REFERENCE_UNLESS_ORIGINALITY_APPROVED,pending-review
v27_clean_runtime_reference,governance/V27_FIELD_PREARM_C07_HARD_RED_20260726.json,.json,2232,5319fbc3c8978a2808f97075189e177d6cca2ba7c4d0c3acb926cc281caa81e9,REFERENCE_ONLY,V27_REFERENCE_UNLESS_ORIGINALITY_APPROVED,pending-review
v27_clean_runtime_reference,governance/V27_LIVE_REVIEW_C01_FAILURE_20260726.json,.json,1654,50b18bed9bd99bb61599beed767c9c01e564f8484195beba3bc6003ab68364fa,REFERENCE_ONLY,V27_REFERENCE_UNLESS_ORIGINALITY_APPROVED,pending-review
v27_clean_runtime_reference,governance/V27_LIVE_REVIEW_C02_UNCONSUMED_20260726.json,.json,1479,3214960b776339c436459f40fb2e719b67c23b9178bf1b9c1f181546ea8ae126,REFERENCE_ONLY,V27_REFERENCE_UNLESS_ORIGINALITY_APPROVED,pending-review
v27_clean_runtime_reference,governance/V27_LIVE_REVIEW_C03_FAILURE_20260726.json,.json,2042,651625c6327bf19093af9a2f9a41aed70162b5971a6aba16626e12ed7c391051,REFERENCE_ONLY,V27_REFERENCE_UNLESS_ORIGINALITY_APPROVED,pending-review
v27_clean_runtime_reference,governance/V27_LIVE_REVIEW_C04_FAILURE_20260726.json,.json,1784,dc629e8797667fc3b102e2c6e3b04a4923996bd97398512e635883dae897b77f,REFERENCE_ONLY,V27_REFERENCE_UNLESS_ORIGINALITY_APPROVED,pending-review
v27_clean_runtime_reference,governance/V27_LIVE_REVIEW_C05_FAILURE_20260726.json,.json,1940,361700aea6b802323cf391d9f4fee5722bb37f1dbab54159431554423d76571c,REFERENCE_ONLY,V27_REFERENCE_UNLESS_ORIGINALITY_APPROVED,pending-review
v27_clean_runtime_reference,governance/V27_LIVE_REVIEW_C06_FAILURE_20260726.json,.json,1397,94245c200ef7d2231b3894d38749c23a93b4f897003e5c990e707f723ee07d6d,REFERENCE_ONLY,V27_REFERENCE_UNLESS_ORIGINALITY_APPROVED,pending-review
v27_clean_runtime_reference,governance/V27_LIVE_REVIEW_C07_FAILURE_20260726.json,.json,1537,ec37e24ae80a361ee4b5130d82aa83e45b644c7f010b0d16f7af8709580ee7b8,REFERENCE_ONLY,V27_REFERENCE_UNLESS_ORIGINALITY_APPROVED,pending-review
v27_clean_runtime_reference,governance/V27_LIVE_REVIEW_C08_FAILURE_20260726.json,.json,1470,2cbdb4c36186704683bd934d36338a7701a7ee320d1ac46937dfc980bbe1b4a2,REFERENCE_ONLY,V27_REFERENCE_UNLESS_ORIGINALITY_APPROVED,pending-review
v27_clean_runtime_reference,governance/V27_LIVE_REVIEW_C09_FAILURE_20260726.json,.json,1245,48fc2b33be411328af056bd16bf752a93b3c1a11795a6774e0672890e7a9dc1d,REFERENCE_ONLY,V27_REFERENCE_UNLESS_ORIGINALITY_APPROVED,pending-review
v27_clean_runtime_reference,governance/V27_LIVE_REVIEW_C10_FAILURE_20260726.json,.json,947,c2ba23d76cd486fbffa172e4942482fbf87c19e6fc5dfcaadf6a05ed65c6aaf3,REFERENCE_ONLY,V27_REFERENCE_UNLESS_ORIGINALITY_APPROVED,pending-review
v27_clean_runtime_reference,governance/V27_LIVE_REVIEW_C11_FAILURE_20260726.json,.json,1763,6937b73d80b4c267c6ff11adf5d37380cf3cb3d64214b2cea27b98f59d8a5d2f,REFERENCE_ONLY,V27_REFERENCE_UNLESS_ORIGINALITY_APPROVED,pending-review
v27_clean_runtime_reference,governance/V27_LIVE_REVIEW_C12_FAILURE_20260726.json,.json,1241,6e67c20e2a80aa72ae9cb44830808126e2aaedf35394e1130ba804d92a3bc0b3,REFERENCE_ONLY,V27_REFERENCE_UNLESS_ORIGINALITY_APPROVED,pending-review
v27_clean_runtime_reference,governance/V27_LIVE_REVIEW_C13_FAILURE_20260726.json,.json,1342,9caf53d27bd10c15796f5caf8b67bc323978dd1f056573e5c24ffdfc0672c7f7,REFERENCE_ONLY,V27_REFERENCE_UNLESS_ORIGINALITY_APPROVED,pending-review
v27_clean_runtime_reference,governance/V27_LIVE_REVIEW_C14_FAILURE_20260726.json,.json,1725,56c5c87a30cfcad4a2e556c96e650e232ab5b2174a10197ce3bfc0fd82a175f0,REFERENCE_ONLY,V27_REFERENCE_UNLESS_ORIGINALITY_APPROVED,pending-review
v27_clean_runtime_reference,governance/V27_LIVE_REVIEW_C15_FAILURE_20260726.json,.json,1626,313dcb81d8db39f392faff389a30b779a7b7cad8c5b89929ead3053b65cc7364,REFERENCE_ONLY,V27_REFERENCE_UNLESS_ORIGINALITY_APPROVED,pending-review
v27_clean_runtime_reference,governance/V27_LIVE_REVIEW_C16_FAILURE_20260726.json,.json,1752,69ab2a1a9f8e3de8b9f004616bda3be85e3a061366c0ec20e96cf3787a6af1ae,REFERENCE_ONLY,V27_REFERENCE_UNLESS_ORIGINALITY_APPROVED,pending-review
v27_clean_runtime_reference,governance/V27_LIVE_REVIEW_C17_FAILURE_20260726.json,.json,1708,1c08ab5a72102724ac7122db15759b17d1b4e42a2a0f6927def703f551da70fb,REFERENCE_ONLY,V27_REFERENCE_UNLESS_ORIGINALITY_APPROVED,pending-review
v27_clean_runtime_reference,governance/V27_LIVE_REVIEW_C18_FAILURE_20260726.json,.json,1830,f6f12e0e911b25495ce10f00047ba1840f5c0dc473521d89b90b8af8367cbbc8,REFERENCE_ONLY,V27_REFERENCE_UNLESS_ORIGINALITY_APPROVED,pending-review
v27_clean_runtime_reference,governance/V27_LIVE_REVIEW_C19_FAILURE_20260726.json,.json,1717,d49de027095b128cd5ad9b83433d879cf922359f0904194cba84eb832e0bbbec,REFERENCE_ONLY,V27_REFERENCE_UNLESS_ORIGINALITY_APPROVED,pending-review
v27_clean_runtime_reference,governance/V27_LIVE_REVIEW_C20_FAILURE_20260726.json,.json,1503,e132ee4d7c4baa0b16cc8421496efc0b5b1ffeab5341afd869ae7e793f0342da,REFERENCE_ONLY,V27_REFERENCE_UNLESS_ORIGINALITY_APPROVED,pending-review
v27_clean_runtime_reference,governance/V27_LIVE_REVIEW_LR01_LR07_OFFLINE_PASS_20260726.json,.json,2904,9606a63b34ef0b7dd98477ca8b3291ac4edd05136f75e704b7b920194a845f76,REFERENCE_ONLY,V27_REFERENCE_UNLESS_ORIGINALITY_APPROVED,pending-review
v27_clean_runtime_reference,governance/V27_LIVE_REVIEW_MR10_PLAN_20260726.json,.json,1153,9b5b0851a12e40430873363e361928666368f19a17b74544e59da7233f579ee0,REFERENCE_ONLY,V27_REFERENCE_UNLESS_ORIGINALITY_APPROVED,pending-review
v27_clean_runtime_reference,governance/V27_LIVE_REVIEW_MR20_REVIEW_20260726.json,.json,3180,1c13c630dd7001b783389decbf36d9dd42cd0586aaf396724d67d990d90866c4,REFERENCE_ONLY,V27_REFERENCE_UNLESS_ORIGINALITY_APPROVED,pending-review
v27_clean_runtime_reference,governance/V27_R4_C01_ABORTED_AND_C02_APPROVAL_20260727.json,.json,3358,317b30a344aa11f57237b03c0f08c75dacac3052ef6e9f1de67851e944a2ff6f,REFERENCE_ONLY,V27_REFERENCE_UNLESS_ORIGINALITY_APPROVED,pending-review
v27_clean_runtime_reference,governance/V27_R4_C02_FAILURE_AND_C03_OFFLINE_PLAN_20260727.json,.json,3058,0bfa88a66538156dca4d74f388d5df8a3a2ca39fafa5a14fecb5fec372b0f859,REFERENCE_ONLY,V27_REFERENCE_UNLESS_ORIGINALITY_APPROVED,pending-review
v27_clean_runtime_reference,governance/V27_R4_C02_OFFLINE_GATE_PASS_20260727.json,.json,2701,863999de0f61c2a2dce4aa0d8ba962a0640b8292889ac4e49265ad91c332a150,REFERENCE_ONLY,V27_REFERENCE_UNLESS_ORIGINALITY_APPROVED,pending-review
v27_clean_runtime_reference,governance/V27_R4_C02_USER_APPROVAL_20260727.json,.json,1018,b10fafebfe9a1cf074d9e03b7742e7b73de100c0cf6ee236d90eb14ebc7457d9,REFERENCE_ONLY,V27_REFERENCE_UNLESS_ORIGINALITY_APPROVED,pending-review
v27_clean_runtime_reference,governance/V27_R4_C03_FAILURE_AND_C04_OFFLINE_PLAN_20260727.json,.json,2828,7f7c5ff6e8dbc5859552363d73f9d4327a564b9543ca74607c253547b0bc98a0,REFERENCE_ONLY,V27_REFERENCE_UNLESS_ORIGINALITY_APPROVED,pending-review
v27_clean_runtime_reference,governance/V27_R4_C03_OFFLINE_GATE_PASS_20260727.json,.json,2219,da58c741bdaf18635fd4791b99aece47a438b02cc0302dd999fbbf3f2bcd37f4,REFERENCE_ONLY,V27_REFERENCE_UNLESS_ORIGINALITY_APPROVED,pending-review
v27_clean_runtime_reference,governance/V27_R4_C03_USER_APPROVAL_20260727.json,.json,1060,86305ee29b77737a5ce36da1407722fa7c44077619e37ef7f470e80d50e208f2,REFERENCE_ONLY,V27_REFERENCE_UNLESS_ORIGINALITY_APPROVED,pending-review
v27_clean_runtime_reference,governance/V27_R4_C04_5M_HARDWARE_FAILURE_AND_C05_PLAN_20260727.json,.json,3158,51adf3fae44756cd8fb07be14610be159436337541baf62c02efb51e0019efa6,REFERENCE_ONLY,V27_REFERENCE_UNLESS_ORIGINALITY_APPROVED,pending-review
v27_clean_runtime_reference,governance/V27_R4_C04_5M_OFFLINE_FAILURE_O01_20260727.json,.json,1028,f0fc2b9c88b2b06527f3ffad46b366dc9649f23add2d5b87b548648b5c1b07a1,REFERENCE_ONLY,V27_REFERENCE_UNLESS_ORIGINALITY_APPROVED,pending-review
v27_clean_runtime_reference,governance/V27_R4_C04_5M_USER_APPROVAL_20260727.json,.json,1364,f6e1c387d696155d662b57e87555b2d1ae569337c4d7c68614a690679dac9573,REFERENCE_ONLY,V27_REFERENCE_UNLESS_ORIGINALITY_APPROVED,pending-review
v27_clean_runtime_reference,governance/V27_R4_C04_C07_PAUSE_REVIEW_20260727.zh-CN.md,.md,8343,145fc15336a5986795cc0bc5deb20671c85a723f1e2d8cd1be7f5165676a9d09,REFERENCE_ONLY,V27_REFERENCE_UNLESS_ORIGINALITY_APPROVED,pending-review
v27_clean_runtime_reference,governance/V27_R4_C04_OFFLINE_GATE_PASS_20260727.json,.json,2312,13095eeb812bfecae620f3f01f0fa8b37be8d8c911a7dd01c0242e3474fd2427,REFERENCE_ONLY,V27_REFERENCE_UNLESS_ORIGINALITY_APPROVED,pending-review
v27_clean_runtime_reference,governance/V27_R4_C05_5M_HARDWARE_FAILURE_AND_C06_PLAN_20260727.json,.json,3205,140f4a92d898caf465fbf4550ac86ac15293cbcb3d4f02db30e9133a258d8b1b,REFERENCE_ONLY,V27_REFERENCE_UNLESS_ORIGINALITY_APPROVED,pending-review
v27_clean_runtime_reference,governance/V27_R4_C05_OFFLINE_GATE_PASS_20260727.json,.json,2321,32e1e8e311c18c377eec14a63335309b743806d084d9e468f0d70c5f0dac5517,REFERENCE_ONLY,V27_REFERENCE_UNLESS_ORIGINALITY_APPROVED,pending-review
v27_clean_runtime_reference,governance/V27_R4_C06_5M_HARDWARE_FAILURE_AND_C07_PLAN_20260727.json,.json,2881,21c42b7302c470848dbf1cf710a9c897474b07ed7560ad5a8e17069cfe07373b,REFERENCE_ONLY,V27_REFERENCE_UNLESS_ORIGINALITY_APPROVED,pending-review
v27_clean_runtime_reference,governance/V27_R4_C06_OFFLINE_FAILURE_O01_20260727.json,.json,1076,e6c6fded98b2e01bd7de5c611acca48dc92dd07b1a0e02e5ec8fe077f456108a,REFERENCE_ONLY,V27_REFERENCE_UNLESS_ORIGINALITY_APPROVED,pending-review
v27_clean_runtime_reference,governance/V27_R4_C06_OFFLINE_FAILURE_O02_20260727.json,.json,1264,21ffbca0f263dd2354126ff3b79c873d5e8f301da4f4ab6af4d1ddc440550259,REFERENCE_ONLY,V27_REFERENCE_UNLESS_ORIGINALITY_APPROVED,pending-review
v27_clean_runtime_reference,governance/V27_R4_C06_OFFLINE_GATE_PASS_20260727.json,.json,2677,366dd60480f741a313fbc49bfe546fac237a3e62431f72ff38ebd3f5065ec0a0,REFERENCE_ONLY,V27_REFERENCE_UNLESS_ORIGINALITY_APPROVED,pending-review
v27_clean_runtime_reference,governance/V27_R4_C07_5M_PASS_20260727.json,.json,4434,54cc7611ddafdb137e89024d32e90591f559ae9375992803d088a06534414f70,REFERENCE_ONLY,V27_REFERENCE_UNLESS_ORIGINALITY_APPROVED,pending-review
v27_clean_runtime_reference,governance/V27_R4_C07_5M_USER_APPROVAL_20260727.json,.json,1562,27489dadf2a148ba8982e0f6174f2c074909178b4872be7a7f961faf6dd64518,REFERENCE_ONLY,V27_REFERENCE_UNLESS_ORIGINALITY_APPROVED,pending-review
v27_clean_runtime_reference,governance/V27_R4_C07_OFFLINE_FAILURE_O01_20260727.json,.json,1138,c22cb37e762787d22f7b1612be9669f6b9682ee668b964b77a8f109b7858ee28,REFERENCE_ONLY,V27_REFERENCE_UNLESS_ORIGINALITY_APPROVED,pending-review
v27_clean_runtime_reference,governance/V27_R4_C07_OFFLINE_FAILURE_O02_20260727.json,.json,1138,dae03bbc19dab72b76d4c70d8b8593c9cb95609c409eb9be628978ef00f36f63,REFERENCE_ONLY,V27_REFERENCE_UNLESS_ORIGINALITY_APPROVED,pending-review
v27_clean_runtime_reference,governance/V27_R4_C07_OFFLINE_FAILURE_O03_20260727.json,.json,1379,91b9691941e60508bf8fd934245e154c0c3676bdb373ad4ad8e7577f2ae78405,REFERENCE_ONLY,V27_REFERENCE_UNLESS_ORIGINALITY_APPROVED,pending-review
v27_clean_runtime_reference,governance/V27_R4_C07_PAUSE_CHECKPOINT_20260727.json,.json,1904,89ffd60e58f882cb6eeaa5bfefba1cf81f70ce24945307f7daf76704362377ff,REFERENCE_ONLY,V27_REFERENCE_UNLESS_ORIGINALITY_APPROVED,pending-review
v27_clean_runtime_reference,governance/V27_R4_O1_MVS_FRAME_NUMBER_DOMAIN_FREEZE_20260727.json,.json,2622,767f4bc2f330ed078a70a551b6633aa6c8cff2d3894b162ec87e24377f86db9d,REFERENCE_ONLY,V27_REFERENCE_UNLESS_ORIGINALITY_APPROVED,pending-review
v27_clean_runtime_reference,governance/V27_R4_O1_O2_IMPLEMENTATION_PLAN_20260727.zh-CN.md,.md,2527,2f232eac789f9447ea832cfb6accc82d574e0e83f87fdcadc40c16bf7d4bc4cb,REFERENCE_ONLY,V27_REFERENCE_UNLESS_ORIGINALITY_APPROVED,pending-review
v27_clean_runtime_reference,governance/V27_R4_O2_OFFLINE_GATE_PASS_20260727.json,.json,2581,a253d7c3d7ce6c5449543ff8173c1c80585b241cfc001bf72db58f3d5f00518a,REFERENCE_ONLY,V27_REFERENCE_UNLESS_ORIGINALITY_APPROVED,pending-review
v27_clean_runtime_reference,governance/V27_RD_C01_SUPERSESSION_20260726.json,.json,670,a04e37877b02fdfd928d6fce56876ec813ead27556fd647a636a5d289ed81af8,REFERENCE_ONLY,V27_REFERENCE_UNLESS_ORIGINALITY_APPROVED,pending-review
v27_clean_runtime_reference,governance/V27_S0_CLOSEOUT_20260726.json,.json,2934,81f719208f52407f10f616ad772cf68ad2be1fdbf1d2cac4cafe51aafee9cb98,REFERENCE_ONLY,V27_REFERENCE_UNLESS_ORIGINALITY_APPROVED,pending-review
v27_clean_runtime_reference,governance/V27_S1_C01_PERFORMANCE_REVIEW.json,.json,1294,4827ed9a699fc1e0411a421e7499213e348c10cb291d7205250f33b4169cd390,REFERENCE_ONLY,V27_REFERENCE_UNLESS_ORIGINALITY_APPROVED,pending-review
v27_clean_runtime_reference,governance/V27_S1_C02_PERFORMANCE_REVIEW.json,.json,2003,edfa21cefd08db1dbcedac5c02c1de642884b0fe77dd61fa1b7b207833b18850,REFERENCE_ONLY,V27_REFERENCE_UNLESS_ORIGINALITY_APPROVED,pending-review
v27_clean_runtime_reference,governance/V27_S1_C03_RATE_GATE_PASS.json,.json,1302,899953f1bf693cc30afc2da2ee432c6ac05f1f14624d0e16f0a932768dbdd1f3,REFERENCE_ONLY,V27_REFERENCE_UNLESS_ORIGINALITY_APPROVED,pending-review
v27_clean_runtime_reference,governance/V27_S1_CLOSEOUT_20260726.json,.json,1842,1dc1b9d850bdbab9868d86b3f6ca95597880dfdfb0208fc650c29104818b52bd,REFERENCE_ONLY,V27_REFERENCE_UNLESS_ORIGINALITY_APPROVED,pending-review
v27_clean_runtime_reference,governance/V27_S2_C01_REVIEW.json,.json,1342,ba418048a2cb61e0852b389d68342cfe30fc5a692bce842250fe0b1b03c9712d,REFERENCE_ONLY,V27_REFERENCE_UNLESS_ORIGINALITY_APPROVED,pending-review
v27_clean_runtime_reference,governance/V27_S2_CLOSEOUT_20260726.json,.json,1324,161f41c9ad2f2e6249fa9862199657226cbc3b77ab2c73ae54b2ec5b999d5563,REFERENCE_ONLY,V27_REFERENCE_UNLESS_ORIGINALITY_APPROVED,pending-review
v27_clean_runtime_reference,governance/V27_S2_SYNTHETIC_PROBE_20260726.json,.json,1133,a37fc2a51310561caaeb311f8928a8994240e1a2c7520d3d547e97c01131bf88,REFERENCE_ONLY,V27_REFERENCE_UNLESS_ORIGINALITY_APPROVED,pending-review
v27_clean_runtime_reference,governance/V27_S3_CLOSEOUT_20260726.json,.json,1299,e510715cc5f608baff24032f5b46e730274d2166578d8af9292577eafaeec3af,REFERENCE_ONLY,V27_REFERENCE_UNLESS_ORIGINALITY_APPROVED,pending-review
v27_clean_runtime_reference,governance/V27_S4_C01_FAILURE_20260726.json,.json,1439,d4a0fb9ab5df962848df3e9888fd489a56c9ad379ccc6bb8faceb0a0737c6b89,REFERENCE_ONLY,V27_REFERENCE_UNLESS_ORIGINALITY_APPROVED,pending-review
v27_clean_runtime_reference,governance/V27_S4_C02_FAILURE_20260726.json,.json,1377,046b2eadc22cd8b4c23693305d46fe8b79a1a100e8f5b5409805a21f26a69bd8,REFERENCE_ONLY,V27_REFERENCE_UNLESS_ORIGINALITY_APPROVED,pending-review
v27_clean_runtime_reference,governance/V27_S4_C03_FAILURE_20260726.json,.json,1448,bc46f83b69df58e2bc752c45281d960f4ef389304e9e448d312a27a7646afc93,REFERENCE_ONLY,V27_REFERENCE_UNLESS_ORIGINALITY_APPROVED,pending-review
v27_clean_runtime_reference,governance/V27_S4_C04_FAILURE_20260726.json,.json,1283,75e9111ab51980a96dba2c0134a28a5be767bb19cabfc002eac4fa88102f0252,REFERENCE_ONLY,V27_REFERENCE_UNLESS_ORIGINALITY_APPROVED,pending-review
v27_clean_runtime_reference,governance/V27_S4_C05_FAILURE_20260726.json,.json,1435,d46bcdf307bf20960ff484833977b5aa085cdcfe09b4c38b38fd28f18577452e,REFERENCE_ONLY,V27_REFERENCE_UNLESS_ORIGINALITY_APPROVED,pending-review
v27_clean_runtime_reference,governance/V27_S4_CLOSEOUT_20260726.json,.json,1339,3cc03e35db0df50e9a24280948f939210ebc3ad7010d86df641dc23bd2e04b95,REFERENCE_ONLY,V27_REFERENCE_UNLESS_ORIGINALITY_APPROVED,pending-review
v27_clean_runtime_reference,governance/V27_S4_PREARM_01_FAILURE_20260726.json,.json,866,c4a5bf29471a90bae27450f87f0608b7b4f04df0c7ac520285fa7efd8fa659cf,REFERENCE_ONLY,V27_REFERENCE_UNLESS_ORIGINALITY_APPROVED,pending-review
v27_clean_runtime_reference,governance/V27_S4_PREFLIGHT_20260726.json,.json,1283,bc9bf4d6012844c5f052b9b5c887f150ab8ea9e09d3b2f23a4d0c62518566611,REFERENCE_ONLY,V27_REFERENCE_UNLESS_ORIGINALITY_APPROVED,pending-review
v27_clean_runtime_reference,governance/V27_S5_C01_FAILURE_20260726.json,.json,1873,1efd37f6c4552b53c99f97a812724e144c17f58a1d890bd1cb2bac92976a6015,REFERENCE_ONLY,V27_REFERENCE_UNLESS_ORIGINALITY_APPROVED,pending-review
v27_clean_runtime_reference,governance/V27_S5_C02_FAILURE_20260726.json,.json,1748,4afc695a9945bd7587acbb6cc1df993a4b4353953ef17d705a430163d9928781,REFERENCE_ONLY,V27_REFERENCE_UNLESS_ORIGINALITY_APPROVED,pending-review
v27_clean_runtime_reference,governance/V27_S5_C03_FAILURE_20260726.json,.json,1546,2ba060ad0e91a2f33f5ad2234a6b2f8dbdad0b9d48804f0578f6ca386325ce9e,REFERENCE_ONLY,V27_REFERENCE_UNLESS_ORIGINALITY_APPROVED,pending-review
v27_clean_runtime_reference,governance/V27_S5_C04_FAILURE_20260726.json,.json,1481,2d457e348031576d844dfeb8a7020ad9f7719c6c4601683d02d7fd9f896b9d29,REFERENCE_ONLY,V27_REFERENCE_UNLESS_ORIGINALITY_APPROVED,pending-review
v27_clean_runtime_reference,governance/V27_S5_C05_FAILURE_20260726.json,.json,1795,55dcda9e04de7d0f34a9813051c49c28e924b95af5f8446dc660f8c67aa2a442,REFERENCE_ONLY,V27_REFERENCE_UNLESS_ORIGINALITY_APPROVED,pending-review
v27_clean_runtime_reference,governance/V27_S5_C06_FAILURE_20260726.json,.json,1758,0e62842654e5d9a2f553d4d1ea0101b8f288302adece6ac635cb00f569afcf43,REFERENCE_ONLY,V27_REFERENCE_UNLESS_ORIGINALITY_APPROVED,pending-review
v27_clean_runtime_reference,governance/V27_S5_C07_FAILURE_20260726.json,.json,2145,5a8c37c58238f995fe4bdb41660e19ed8e56ecb44445976aa412c7622b97a7eb,REFERENCE_ONLY,V27_REFERENCE_UNLESS_ORIGINALITY_APPROVED,pending-review
v27_clean_runtime_reference,governance/V27_S5_CLOSEOUT_20260726.json,.json,1553,9fb0f5abd309c6f8920894d3da72b92dd66045e49198d6c889eff1b883ef82b3,REFERENCE_ONLY,V27_REFERENCE_UNLESS_ORIGINALITY_APPROVED,pending-review
v27_clean_runtime_reference,governance/V27_S5_PREFLIGHT_20260726.json,.json,1043,b975d49335b7ba012bd8545ae696d03d5de359453c995be050742f96c87f9f87,REFERENCE_ONLY,V27_REFERENCE_UNLESS_ORIGINALITY_APPROVED,pending-review
v27_clean_runtime_reference,governance/V27_S6_CLOSEOUT_20260726.json,.json,1939,4d6e636a1bbba6e663bbf42066828428d27db7ba32ccc749a1349cc3f5972431,REFERENCE_ONLY,V27_REFERENCE_UNLESS_ORIGINALITY_APPROVED,pending-review
v27_clean_runtime_reference,governance/V27_S6_OFFLINE_C01_FAILURE_20260726.json,.json,792,2652cb5c5735b9bde2ef354f930026b8951007b00400703bc9f3b54fa4ba60c5,REFERENCE_ONLY,V27_REFERENCE_UNLESS_ORIGINALITY_APPROVED,pending-review
v27_clean_runtime_reference,governance/V27_S7_CLOSEOUT_20260726.json,.json,876,86c8d977b7a9a197a9b608842aaf2c1421614bbf8e376b64366ccfac0cfc1ba3,REFERENCE_ONLY,V27_REFERENCE_UNLESS_ORIGINALITY_APPROVED,pending-review
v27_clean_runtime_reference,governance/V27_S8_CLOSEOUT_20260726.json,.json,1299,290e0daecbb1fa676a92120dd1cd417a52b6c623238140dfa56e3cf618088344,REFERENCE_ONLY,V27_REFERENCE_UNLESS_ORIGINALITY_APPROVED,pending-review
v27_clean_runtime_reference,governance/V27_S9L_C01_FAILURE_20260726.json,.json,1651,d0502ef8ffd15960baf4eebb17a12ea43c061ad773197f406e9a6f370237f3ca,REFERENCE_ONLY,V27_REFERENCE_UNLESS_ORIGINALITY_APPROVED,pending-review
v27_clean_runtime_reference,governance/V27_S9L_C02_FAILURE_20260726.json,.json,1985,2d9df5799298c513ed55b6d3b5d034882e819319a49ef01f0e623c70dcd1063c,REFERENCE_ONLY,V27_REFERENCE_UNLESS_ORIGINALITY_APPROVED,pending-review
v27_clean_runtime_reference,governance/V27_S9L_C03_FAILURE_20260726.json,.json,1814,0f783127f48b67f654bc34665cb421592cf1147b842bb3ac62997ce0efc5b236,REFERENCE_ONLY,V27_REFERENCE_UNLESS_ORIGINALITY_APPROVED,pending-review
v27_clean_runtime_reference,governance/V27_S9L_C04_FAILURE_20260726.json,.json,1797,a527e2c83a7602e92d710e6a0ec6b1f9f57d9a758672001466d63ca31f80cb1c,REFERENCE_ONLY,V27_REFERENCE_UNLESS_ORIGINALITY_APPROVED,pending-review
v27_clean_runtime_reference,governance/V27_S9L_C05_FAILURE_20260726.json,.json,1845,5c5c1ecfd9befb19f8dab58c30c8b6c0c31ba609a53a7c5ac3c4aca785f792c4,REFERENCE_ONLY,V27_REFERENCE_UNLESS_ORIGINALITY_APPROVED,pending-review
v27_clean_runtime_reference,governance/V27_S9L_C06_FAILURE_20260726.json,.json,1975,7c130d9f49d3077dd4d94d738ba8e19b6824b39c87d73139dc344dcd8c49d12e,REFERENCE_ONLY,V27_REFERENCE_UNLESS_ORIGINALITY_APPROVED,pending-review
v27_clean_runtime_reference,governance/V27_S9L_C07_FAILURE_20260726.json,.json,2316,0106066feaeed2de5a9a18023e7b5691f4e488bfd1898717c88e2c782b305668,REFERENCE_ONLY,V27_REFERENCE_UNLESS_ORIGINALITY_APPROVED,pending-review
v27_clean_runtime_reference,governance/V27_S9L_C07_PREFLIGHT_FAILURE_20260726.json,.json,1089,b0433b1e1f87d81793eb8f5ea61b3c7d6e7890b86cc4d3e18119a069263377df,REFERENCE_ONLY,V27_REFERENCE_UNLESS_ORIGINALITY_APPROVED,pending-review
v27_clean_runtime_reference,governance/V27_S9L_C08_FAILURE_20260726.json,.json,1737,2f15952d6912f27082920cd0d60dd624dc4bbad2af83a2a2dd7c3a0f343b5676,REFERENCE_ONLY,V27_REFERENCE_UNLESS_ORIGINALITY_APPROVED,pending-review
v27_clean_runtime_reference,governance/V27_S9L_C10_FAILURE_20260726.json,.json,2531,1a23439edd2b36b19b0ea7bce568022ddef1448f93a8a5a32461f1dcc6ffb2b5,REFERENCE_ONLY,V27_REFERENCE_UNLESS_ORIGINALITY_APPROVED,pending-review
v27_clean_runtime_reference,governance/V27_S9L_C10_LONG_RUN_PLAN_20260726.json,.json,1739,1fbcadf558f5ec6fb7fb3e243cb689d2fa3f064d7003ba2b3d39f06ba896e11b,REFERENCE_ONLY,V27_REFERENCE_UNLESS_ORIGINALITY_APPROVED,pending-review
v27_clean_runtime_reference,governance/V27_S9L_C11_FAILURE_20260726.json,.json,1982,c7dee8f2a41c89532fcddc9ce29397bdd88c906888d5d30f72e73c8c8c96643a,REFERENCE_ONLY,V27_REFERENCE_UNLESS_ORIGINALITY_APPROVED,pending-review
v27_clean_runtime_reference,governance/V27_S9L_C12_FAILURE_20260726.json,.json,2176,11c244d4cf6c6ad80567970d132499c0120e2c39fc371c27f8abcbeb2dc8711e,REFERENCE_ONLY,V27_REFERENCE_UNLESS_ORIGINALITY_APPROVED,pending-review
v27_clean_runtime_reference,governance/V27_S9L_C13_FAILURE_20260726.json,.json,1542,64f3f5920de65420991c0417b072c310e8c914c5c4c6911c9b6ddefe7385c673,REFERENCE_ONLY,V27_REFERENCE_UNLESS_ORIGINALITY_APPROVED,pending-review
v27_clean_runtime_reference,governance/V27_S9L_LONG_RUN_ASSESSMENT_C10_C13_20260726.json,.json,2666,769258977486b0df44adca408e5b6a97615921f58a155e25169266d4760e78b1,REFERENCE_ONLY,V27_REFERENCE_UNLESS_ORIGINALITY_APPROVED,pending-review
v27_clean_runtime_reference,governance/V27_S9L_MACHINE_CLOSEOUT_20260726.json,.json,2412,a42b3f00631714966d2e435b4c06f25546305cd5c113f946d2cd92333bfb5eb1,REFERENCE_ONLY,V27_REFERENCE_UNLESS_ORIGINALITY_APPROVED,pending-review
v27_clean_runtime_reference,governance/V27_S9L_MIDPOINT_REVIEW_C01_C10_20260726.json,.json,2509,aa790482a5b0fe2be2b496e824677263eef3ccfb7a39a5513741d5ff743e3a5e,REFERENCE_ONLY,V27_REFERENCE_UNLESS_ORIGINALITY_APPROVED,pending-review
v27_clean_runtime_reference,governance/V27_S9_C01_FAILURE_20260726.json,.json,1863,61c752598d5527958daff6546802e5fec71802d2a027752b563ac70deef042a3,REFERENCE_ONLY,V27_REFERENCE_UNLESS_ORIGINALITY_APPROVED,pending-review
v27_clean_runtime_reference,governance/V27_S9_C02_FAILURE_20260726.json,.json,1857,96b23a5afbf113beb1f4087be8b2357ebeb7fd50b9c808ba1c7ed7169f308e5e,REFERENCE_ONLY,V27_REFERENCE_UNLESS_ORIGINALITY_APPROVED,pending-review
v27_clean_runtime_reference,governance/V27_S9_CLOSEOUT_20260726.json,.json,3334,790e7024cc9999dfea336e23a2e029d7223be5f3b0304781080725c6555260ad,REFERENCE_ONLY,V27_REFERENCE_UNLESS_ORIGINALITY_APPROVED,pending-review
v27_clean_runtime_reference,governance/V27_S9_PREARM_01_FAILURE_20260726.json,.json,1426,537ce07b75a583f5fcbe7f9021e822221ecb995665478c723a8d4d7c917fad37,REFERENCE_ONLY,V27_REFERENCE_UNLESS_ORIGINALITY_APPROVED,pending-review
v27_clean_runtime_reference,governance/V27_S9_PREARM_02_FAILURE_20260726.json,.json,1660,2221cd5ed43b420c7440774b168683fb8cf36c69ee434021e58f2b0af0f90965,REFERENCE_ONLY,V27_REFERENCE_UNLESS_ORIGINALITY_APPROVED,pending-review
v27_clean_runtime_reference,governance/V27_YOLO_GPUCELL_R2_C01_C10_ARCHITECTURE_REVIEW_20260727.zh-CN.md,.md,4479,f51dcb5216d972d6cb186f8d05b19d6a8b0dc6ad320167bc6ad834ddbde3d3dd,REFERENCE_ONLY,V27_REFERENCE_UNLESS_ORIGINALITY_APPROVED,pending-review
v27_clean_runtime_reference,governance/V27_YOLO_GPUCELL_R2_FAILURES_20260727.json,.json,15278,792c62b59db942fe4f801763bad3b47f0a074a0fbdbf04c57da2f2dea3ba6da1,REFERENCE_ONLY,V27_REFERENCE_UNLESS_ORIGINALITY_APPROVED,pending-review
v27_clean_runtime_reference,governance/V27_YOLO_GPUCELL_R3_C11_C20_ARCHITECTURE_REVIEW_20260727.zh-CN.md,.md,5866,5264bfd0d2e44d65be74ee331166e6cb51a136cc94d4d5dd8b2fbfd077424109,REFERENCE_ONLY,V27_REFERENCE_UNLESS_ORIGINALITY_APPROVED,pending-review
v27_clean_runtime_reference,governance/V27_YOLO_GPUCELL_R3_FAILURES_20260727.json,.json,27451,3d98e747fd69f9f4f99fd8b9024a05684cde2da4281bfd069ee178292efdf2ad,REFERENCE_ONLY,V27_REFERENCE_UNLESS_ORIGINALITY_APPROVED,pending-review
v27_clean_runtime_reference,governance/V27_YOLO_GPUCELL_R3_MR10_20260727.json,.json,4401,4230557127ddcf150b3f5c2790cf28b27dc29c0ba22e2740924f461a08001687,REFERENCE_ONLY,V27_REFERENCE_UNLESS_ORIGINALITY_APPROVED,pending-review
v27_clean_runtime_reference,governance/V27_YOLO_GPUCELL_R4_APPROVAL_PACKAGE_20260727.json,.json,1650,771cccb609b7d87b2bd1da539975769ba34c2b62b4f9b46c35d6e17830b36569,REFERENCE_ONLY,V27_REFERENCE_UNLESS_ORIGINALITY_APPROVED,pending-review
v27_clean_runtime_reference,governance/V27_YOLO_MP_C02_CHANGE.json,.json,952,a3fe15415582a845fea4e3fa888ec6e2eeb3ec74154e0c113dee407a83d05f3d,REFERENCE_ONLY,V27_REFERENCE_UNLESS_ORIGINALITY_APPROVED,pending-review
v27_clean_runtime_reference,governance/V27_YOLO_MP_C07_CHANGE.json,.json,1165,114f3c16c090deb38cfbaad741a4ac01d40caa36665fc6cb28a3fc6e1fa35c43,REFERENCE_ONLY,V27_REFERENCE_UNLESS_ORIGINALITY_APPROVED,pending-review
v27_clean_runtime_reference,governance/V27_YOLO_MP_C11_C12_FAILURES_20260727.json,.json,15199,4782b6358a043ba472911d11967ebcc506887780f1f51822a7896efd1d62896b,REFERENCE_ONLY,V27_REFERENCE_UNLESS_ORIGINALITY_APPROVED,pending-review
v27_clean_runtime_reference,governance/V27_YOLO_MP_C11_C20_ARCHITECTURE_REVIEW_20260727.zh-CN.md,.md,3864,608400eaa022b2ece8a06b71a489d05e017aee50c25cb5c919bbda54850258a3,REFERENCE_ONLY,V27_REFERENCE_UNLESS_ORIGINALITY_APPROVED,pending-review
v27_clean_runtime_reference,governance/V27_YOLO_MP_G6_PREFLIGHT_FIX.json,.json,870,0257f47385665e49ab6b07ed56627e7ecb3554274d7e8cf6d930bb5f3a440c08,REFERENCE_ONLY,V27_REFERENCE_UNLESS_ORIGINALITY_APPROVED,pending-review
v27_clean_runtime_reference,governance/V27_YOLO_MP_MR10_CAUSAL_TAXONOMY_20260727.json,.json,3391,5aa97ab3f28dc51086d9c213e2cced3f64047cf96cd98a2a9d70bb83dacafab8,REFERENCE_ONLY,V27_REFERENCE_UNLESS_ORIGINALITY_APPROVED,pending-review
v27_clean_runtime_reference,governance/V27_YOLO_MP_MR10_EVIDENCE_INDEX_20260727.json,.json,4711,af169b338dee9ec9a5075fe6a2aa318586a25446aa22fd3f059b07798260ff08,REFERENCE_ONLY,V27_REFERENCE_UNLESS_ORIGINALITY_APPROVED,pending-review
v27_clean_runtime_reference,governance/V27_YOLO_MP_MR10_REVISED_PLAN_20260727.json,.json,1822,0e2c5f8b5f4b39f5a5737a6a848710be65bcdb133bbe0dcd632a7e1e18dc96c2,REFERENCE_ONLY,V27_REFERENCE_UNLESS_ORIGINALITY_APPROVED,pending-review
v27_clean_runtime_reference,governance/V27_YOLO_RND_EXPERIENCE_REVIEW_20260726.zh-CN.md,.md,35925,29bf27bd70e3eead896142212c83567c98281075c4897227d5617212cf20c862,REFERENCE_ONLY,V27_REFERENCE_UNLESS_ORIGINALITY_APPROVED,pending-review
v27_clean_runtime_reference,governance/annex/action_registry.v1.json,.json,11034,fadc4ef5edfe4c617f9291539e6556e5a2d6f13d2fb572b84ee1bda10f4a94bc,REFERENCE_ONLY,V27_REFERENCE_UNLESS_ORIGINALITY_APPROVED,pending-review
v27_clean_runtime_reference,governance/annex/capability_dag.v1.json,.json,18359,a60e2d7b82d7a67227cf958949ac2f8775b25421fe026ba64617e9cc46fcaec1,REFERENCE_ONLY,V27_REFERENCE_UNLESS_ORIGINALITY_APPROVED,pending-review
v27_clean_runtime_reference,governance/annex/execution_policy.v1.json,.json,10914,30f4311985d78a87f32a1b1de98faf9bccc8009a7aa9ad2b23956af7a5726e48,REFERENCE_ONLY,V27_REFERENCE_UNLESS_ORIGINALITY_APPROVED,pending-review
v27_clean_runtime_reference,governance/annex/release_manifest.schema.json,.json,8686,5d97c93e47d94ecc275d4bc33d7ffe29e5c4d851ee9012487d8bc8f173ed433e,REFERENCE_ONLY,V27_REFERENCE_UNLESS_ORIGINALITY_APPROVED,pending-review
v27_clean_runtime_reference,governance/annex/terminal_reason_registry.v1.json,.json,8806,253904389260b9aef753cef64a4a1d670395a62bb590876906b1e7dcd4a638c5,REFERENCE_ONLY,V27_REFERENCE_UNLESS_ORIGINALITY_APPROVED,pending-review
v27_clean_runtime_reference,governance/annex/trust_domains.v1.json,.json,5274,10266e98cd7c526cc4851e1c62888afe30be8171e631ddc8e56e7eda251327c6,REFERENCE_ONLY,V27_REFERENCE_UNLESS_ORIGINALITY_APPROVED,pending-review
v27_clean_runtime_reference,mrev26/__init__.py,.py,171,4ce88e23edb680da0d5421e85054cafaf0564112199d06a4a343deb58703231a,REFERENCE_ONLY,V27_REFERENCE_UNLESS_ORIGINALITY_APPROVED,pending-review
v27_clean_runtime_reference,mrev26/adapters/__init__.py,.py,42,3bcc9da81746e26d728c89bfc84e8a414b022f99b054045653b15def9dcdaae7,REFERENCE_ONLY,V27_REFERENCE_UNLESS_ORIGINALITY_APPROVED,pending-review
v27_clean_runtime_reference,mrev26/adapters/hik_mvs/__init__.py,.py,576,42e111da7a85cafd1122d2835d99e177d02304aa1438375d1e42391aa2999fb2,REFERENCE_ONLY,V27_REFERENCE_UNLESS_ORIGINALITY_APPROVED,pending-review
v27_clean_runtime_reference,mrev26/adapters/hik_mvs/camera.py,.py,17737,1bd280ceb09ebe20d101bf150505f36d1dc0805d06f228fe0e297a3c772c60b8,REFERENCE_ONLY,V27_REFERENCE_UNLESS_ORIGINALITY_APPROVED,pending-review
v27_clean_runtime_reference,mrev26/adapters/hik_mvs/configuration.py,.py,4909,1b1e765fa7167933f1dadbcecaa57e2aa1023f2e8517b84764882f96779bf99d,REFERENCE_ONLY,V27_REFERENCE_UNLESS_ORIGINALITY_APPROVED,pending-review
v27_clean_runtime_reference,mrev26/adapters/hik_mvs/frame_number.py,.py,5545,b094b42cecd461fd3c7e25b3efd13060aff09f513ab333d13820ba5c5b40e14e,REFERENCE_ONLY,V27_REFERENCE_UNLESS_ORIGINALITY_APPROVED,pending-review
v27_clean_runtime_reference,mrev26/adapters/hik_mvs/read_only_inventory.py,.py,12065,580659a9ddb323b0c98d720cc4521613843defb66bfcefb6ffe69cf21ee83e8b,REFERENCE_ONLY,V27_REFERENCE_UNLESS_ORIGINALITY_APPROVED,pending-review
v27_clean_runtime_reference,mrev26/adapters/hik_mvs/sdk.py,.py,6891,a8c8a1de1c4c4feb50a998f988b18ef5a45fdce8e45b91ec50dcd3bacc77031f,REFERENCE_ONLY,V27_REFERENCE_UNLESS_ORIGINALITY_APPROVED,pending-review
v27_clean_runtime_reference,mrev26/calibration/__init__.py,.py,142,f793fa8d7412458ba18968a37c83be73eee7c4e68972f684a0abb577b196f1ba,REFERENCE_ONLY,V27_REFERENCE_UNLESS_ORIGINALITY_APPROVED,pending-review
v27_clean_runtime_reference,mrev26/calibration/run_s8.py,.py,3217,b378111fa4328f6e42047aa081b32ff9540f23019f60d69be11fecd189ad9c63,REFERENCE_ONLY,V27_REFERENCE_UNLESS_ORIGINALITY_APPROVED,pending-review
v27_clean_runtime_reference,mrev26/calibration/spatial.py,.py,3687,f54aa4f9b62c808762ecce2093af92937f55cf0206c22bd0223228e4bea6442a,REFERENCE_ONLY,V27_REFERENCE_UNLESS_ORIGINALITY_APPROVED,pending-review
v27_clean_runtime_reference,mrev26/contracts/__init__.py,.py,165,ba0cdfce1dbe1e16240cdce08b4f790a9ab1aed526b8ee667d151b4da2c02530,REFERENCE_ONLY,V27_REFERENCE_UNLESS_ORIGINALITY_APPROVED,pending-review
v27_clean_runtime_reference,mrev26/contracts/canonical.py,.py,1470,87c8076a5d9465f089e68d66eebca5201769b454aa850c71a8216d0369a61aed,REFERENCE_ONLY,V27_REFERENCE_UNLESS_ORIGINALITY_APPROVED,pending-review
v27_clean_runtime_reference,mrev26/dataset/__init__.py,.py,324,1a3b957605722291ce1874cab1ab83aa589b79a9cc54224c9f7240a041bd0fb7,REFERENCE_ONLY,V27_REFERENCE_UNLESS_ORIGINALITY_APPROVED,pending-review
v27_clean_runtime_reference,mrev26/dataset/recording.py,.py,18516,a410cf4e31c01531ea17bd2e2efdb23cad85381751e28b597913da67034a4ca1,REFERENCE_ONLY,V27_REFERENCE_UNLESS_ORIGINALITY_APPROVED,pending-review
v27_clean_runtime_reference,mrev26/event/__init__.py,.py,115,0ce0ae0ae83160efc0d4d23eeafa8ebd22ceef18a943425a1a70a31d153beb2e,REFERENCE_ONLY,V27_REFERENCE_UNLESS_ORIGINALITY_APPROVED,pending-review
v27_clean_runtime_reference,mrev26/event/adapter.py,.py,73850,5067fc212c8f1804d92f9ac9d5e5102f6b44921f143f4ad414c8e11b09dcfdcb,REFERENCE_ONLY,V27_REFERENCE_UNLESS_ORIGINALITY_APPROVED,pending-review
v27_clean_runtime_reference,mrev26/event/edge_policy.py,.py,22445,fdf4822c92e2f127cc334c722495cafce3a53043ee9d4c243b26f994603a96ed,REFERENCE_ONLY,V27_REFERENCE_UNLESS_ORIGINALITY_APPROVED,pending-review
v27_clean_runtime_reference,mrev26/event/legacy_diff.py,.py,10524,17f9403082f5ce31296bfb4481c4f95beffa75b9a8041bdc30bc6aa9678fa0af,REFERENCE_ONLY,V27_REFERENCE_UNLESS_ORIGINALITY_APPROVED,pending-review
v27_clean_runtime_reference,mrev26/event/model.py,.py,3544,8d6345ab09f5a87ad493a61ee8fa23297c89e454eccd6be90b60ae96980f247d,REFERENCE_ONLY,V27_REFERENCE_UNLESS_ORIGINALITY_APPROVED,pending-review
v27_clean_runtime_reference,mrev26/event/pixel_tile.py,.py,43052,1dfe69b1a792492aa47ae7e03c526ceb661ee2cca6614b346c033a9d14711071,REFERENCE_ONLY,V27_REFERENCE_UNLESS_ORIGINALITY_APPROVED,pending-review
v27_clean_runtime_reference,mrev26/event/run_c03_readonly.py,.py,12290,28b2620df802e3da95883f03c0ec227ab946ddbbe874dae2f40d456b3db478be,REFERENCE_ONLY,V27_REFERENCE_UNLESS_ORIGINALITY_APPROVED,pending-review
v27_clean_runtime_reference,mrev26/event/run_c03_readonly_worker.py,.py,3909,315e6b64ad6caef8f520f8c7520fdd146ab9e9adb263dea824eac35cbd66d16d,REFERENCE_ONLY,V27_REFERENCE_UNLESS_ORIGINALITY_APPROVED,pending-review
v27_clean_runtime_reference,mrev26/event/run_legacy_diff.py,.py,21138,57645f438e7df5f6a428336f85a0d7d576db4037c1c6faf9a57a7e8db73ada0f,REFERENCE_ONLY,V27_REFERENCE_UNLESS_ORIGINALITY_APPROVED,pending-review
v27_clean_runtime_reference,mrev26/event/run_legacy_diff_worker.py,.py,12605,cb652fad36624eb7fd4666cbaf371a7c3e342ad4881548627449a2cfb565636a,REFERENCE_ONLY,V27_REFERENCE_UNLESS_ORIGINALITY_APPROVED,pending-review
v27_clean_runtime_reference,mrev26/event/run_s4.py,.py,34909,5ca2dcede8b5bc2f53724e068fba2b11f34ba8bc1922bfc691c00ee50f558c73,REFERENCE_ONLY,V27_REFERENCE_UNLESS_ORIGINALITY_APPROVED,pending-review
v27_clean_runtime_reference,mrev26/event/run_s4_worker.py,.py,12601,d72aa8f3085d5da0acd3c924d800e5c7040be4c0db5fadfe5ce008843c197704,REFERENCE_ONLY,V27_REFERENCE_UNLESS_ORIGINALITY_APPROVED,pending-review
v27_clean_runtime_reference,mrev26/event/run_source_probe.py,.py,23888,0c738d11745502d3ca63719aaa6a7249827e51f1e5ffab43187257126f0b6da0,REFERENCE_ONLY,V27_REFERENCE_UNLESS_ORIGINALITY_APPROVED,pending-review
v27_clean_runtime_reference,mrev26/event/run_source_probe_worker.py,.py,10420,2ecf402d0386b2b9124228cb94d41e6b19f659df221434a1e48177bce766f76b,REFERENCE_ONLY,V27_REFERENCE_UNLESS_ORIGINALITY_APPROVED,pending-review
v27_clean_runtime_reference,mrev26/event/source_probe.py,.py,7374,c4f9ebe3065c6ec657f25c5a2d63aac1d4abaac09c00b5db33a6ea2d3ee1fef9,REFERENCE_ONLY,V27_REFERENCE_UNLESS_ORIGINALITY_APPROVED,pending-review
v27_clean_runtime_reference,mrev26/evidence.py,.py,1416,9d08cb9a370e328f27a18fa2fe09cc894517afe99b41a74ce8d3f1ccbc7ac6e1,REFERENCE_ONLY,V27_REFERENCE_UNLESS_ORIGINALITY_APPROVED,pending-review
v27_clean_runtime_reference,mrev26/governance/__init__.py,.py,54,35cac70372ee829dbcd0b93531010490a72dd1167b1b82361e13b1f424405883,REFERENCE_ONLY,V27_REFERENCE_UNLESS_ORIGINALITY_APPROVED,pending-review
v27_clean_runtime_reference,mrev26/governance/abandon_candidate.py,.py,1125,8afb86c88dba6ab9f182c7daba7fbf1d16a2ff1573c248bcddf068302e621c55,REFERENCE_ONLY,V27_REFERENCE_UNLESS_ORIGINALITY_APPROVED,pending-review
v27_clean_runtime_reference,mrev26/governance/candidate_ledger.py,.py,9930,b08923ee53c649be2b0f8cf69b2ec9cdfb3a1976a5b11482283f8f6b1162e850,REFERENCE_ONLY,V27_REFERENCE_UNLESS_ORIGINALITY_APPROVED,pending-review
v27_clean_runtime_reference,mrev26/ops/__init__.py,.py,52,4c13eeb7adca5665a191a6f4c0da5b452ff2ef234d86f598d0733e20baab72cf,REFERENCE_ONLY,V27_REFERENCE_UNLESS_ORIGINALITY_APPROVED,pending-review
v27_clean_runtime_reference,mrev26/ops/manual_stop.py,.py,1430,f95f18ca79b09ee13b64bd9c4f9fcf833e7db47f49d15c3dc12f5328f92b30a2,REFERENCE_ONLY,V27_REFERENCE_UNLESS_ORIGINALITY_APPROVED,pending-review
v27_clean_runtime_reference,mrev26/ops/process_identity.py,.py,5227,ea98bab5e34b8e67299ba55889220258a64d49e64ce742c029b8a0742a36c8a7,REFERENCE_ONLY,V27_REFERENCE_UNLESS_ORIGINALITY_APPROVED,pending-review
v27_clean_runtime_reference,mrev26/ops/vendor_site_entry.py,.py,1316,6dd3434e2f4f74487c2dffefc7f3c5cc9ab03d999c078587756546d5f8aa8032,REFERENCE_ONLY,V27_REFERENCE_UNLESS_ORIGINALITY_APPROVED,pending-review
v27_clean_runtime_reference,mrev26/ops/watchdog.py,.py,7488,ff660d7f5ce7b04c61887923f966942d214d681f17699bb9597ae6c61d45b529,REFERENCE_ONLY,V27_REFERENCE_UNLESS_ORIGINALITY_APPROVED,pending-review
v27_clean_runtime_reference,mrev26/preview/__init__.py,.py,396,97ab06d3b945df998c28a7a41e72a0b7be73d5307dee888870f08aef1c2532f0,REFERENCE_ONLY,V27_REFERENCE_UNLESS_ORIGINALITY_APPROVED,pending-review
v27_clean_runtime_reference,mrev26/preview/fusion.py,.py,49250,c7540c7eb48e9110150e852fe7fca64189f6260fe63f82465e5c7689772343bf,REFERENCE_ONLY,V27_REFERENCE_UNLESS_ORIGINALITY_APPROVED,pending-review
v27_clean_runtime_reference,mrev26/preview/gpu_process.py,.py,24598,ffa0c287915cbf87e9f7249d6a02a337f7c7395b2a845670589206037f1d5e75,REFERENCE_ONLY,V27_REFERENCE_UNLESS_ORIGINALITY_APPROVED,pending-review
v27_clean_runtime_reference,mrev26/preview/live_viewer.py,.py,1355,596c075f55930e677305c1170413688f9ac5188c413152bbf6648e9dfc3b477b,REFERENCE_ONLY,V27_REFERENCE_UNLESS_ORIGINALITY_APPROVED,pending-review
v27_clean_runtime_reference,mrev26/preview/renderer.py,.py,6443,ee5557bfb7dc0940d7be42b9b3ebd5ef5e0b55b2043f047a19cdfe1182e91b10,REFERENCE_ONLY,V27_REFERENCE_UNLESS_ORIGINALITY_APPROVED,pending-review
v27_clean_runtime_reference,mrev26/synchronization/__init__.py,.py,732,dcfb026032a09a52dd67505dd9f0f1cf1db5ab1187961b03d6f18bc04517f2c2,REFERENCE_ONLY,V27_REFERENCE_UNLESS_ORIGINALITY_APPROVED,pending-review
v27_clean_runtime_reference,mrev26/synchronization/binding.py,.py,20697,05ece99738424bde5d1f84ef2b97387c6bf67ca4b7430ee434c1b3b2cc4b40b4,REFERENCE_ONLY,V27_REFERENCE_UNLESS_ORIGINALITY_APPROVED,pending-review
v27_clean_runtime_reference,mrev26/synchronization/cohort.py,.py,7307,1d314c8933f9f38dee6c6b7a26f73f74a182ae2d00fe0adf431276640164202b,REFERENCE_ONLY,V27_REFERENCE_UNLESS_ORIGINALITY_APPROVED,pending-review
v27_clean_runtime_reference,mrev26/synchronization/run_s5.py,.py,83425,bc9e2c7aad6a5941b5873b41099481b8ffc9f49e3db01bb61ffa259bd32fb055,REFERENCE_ONLY,V27_REFERENCE_UNLESS_ORIGINALITY_APPROVED,pending-review
v27_clean_runtime_reference,mrev26/synchronization/run_s7.py,.py,2602,2a15146b72eb4f47ff2247284fbf3b02e80ceaf3eb6e9f9e570079a6b293e9c1,REFERENCE_ONLY,V27_REFERENCE_UNLESS_ORIGINALITY_APPROVED,pending-review
v27_clean_runtime_reference,mrev26/synchronization/source_activation.py,.py,25701,a6ebc5c5407e63f4055bc0a827821b50d125949b23621c9d3036d9ff7b67f0c5,REFERENCE_ONLY,V27_REFERENCE_UNLESS_ORIGINALITY_APPROVED,pending-review
v27_clean_runtime_reference,mrev26/transport/__init__.py,.py,637,f7fd816ba934408873e92f5d3b53723dfc4590a4be5d13da00429273ec516cd8,REFERENCE_ONLY,V27_REFERENCE_UNLESS_ORIGINALITY_APPROVED,pending-review
v27_clean_runtime_reference,mrev26/transport/broker.py,.py,5403,df70f1df981ca06468f85362b3ef1fe02c0a0c0a771114ebe7b820f5871b3353,REFERENCE_ONLY,V27_REFERENCE_UNLESS_ORIGINALITY_APPROVED,pending-review
v27_clean_runtime_reference,mrev26/transport/dispatch_frontier.py,.py,2090,8a5b4d4107cd3d8eb73afd91700561611128a5fa150c2d561d203e221fd051ec,REFERENCE_ONLY,V27_REFERENCE_UNLESS_ORIGINALITY_APPROVED,pending-review
v27_clean_runtime_reference,mrev26/transport/event_tile_ring.py,.py,8089,dab4ab1c9024d29811c30d9f696d81bbee53e34aac59cc31ad5e67ba99ecd868,REFERENCE_ONLY,V27_REFERENCE_UNLESS_ORIGINALITY_APPROVED,pending-review
v27_clean_runtime_reference,mrev26/transport/process_frame_broker.py,.py,23055,428f892d467da4e520deefe4119a310e9e4fd2178930572419779ae7ed99aa10,REFERENCE_ONLY,V27_REFERENCE_UNLESS_ORIGINALITY_APPROVED,pending-review
v27_clean_runtime_reference,mrev26/visible/__init__.py,.py,296,62bb2052329664a50c5e99658ba024bbdc205490e6de51491a02c2935ed21110,REFERENCE_ONLY,V27_REFERENCE_UNLESS_ORIGINALITY_APPROVED,pending-review
v27_clean_runtime_reference,mrev26/visible/actor.py,.py,32043,81bc0cac2139079ba8c4d09427d7ea867eaae835fa2b43faa71d3589793ffaeb,REFERENCE_ONLY,V27_REFERENCE_UNLESS_ORIGINALITY_APPROVED,pending-review
v27_clean_runtime_reference,mrev26/visible/model.py,.py,10818,72a1ed061f6af3405bf7acc0442a16fea1628f96ee46ab6cf6ffae4b4d5e0bc3,REFERENCE_ONLY,V27_REFERENCE_UNLESS_ORIGINALITY_APPROVED,pending-review
v27_clean_runtime_reference,mrev26/visible/run_s1.py,.py,24222,63e2206bb14e35e0b78b8aa910082210164f812691b78b7851df7c7a7f812259,REFERENCE_ONLY,V27_REFERENCE_UNLESS_ORIGINALITY_APPROVED,pending-review
v27_clean_runtime_reference,mrev26/yolo/__init__.py,.py,658,60187b670e59a57987163c317417452c5b5772972c2e5c72f6a8c176ca481335,REFERENCE_ONLY,V27_REFERENCE_UNLESS_ORIGINALITY_APPROVED,pending-review
v27_clean_runtime_reference,mrev26/yolo/backend.py,.py,9418,4f8b9ba8f5baecde5f96bf817566fc6df9985cf6cef7d57da9339304ad61f4f3,REFERENCE_ONLY,V27_REFERENCE_UNLESS_ORIGINALITY_APPROVED,pending-review
v27_clean_runtime_reference,mrev26/yolo/model.py,.py,5211,75d2000b73a5e6bbe7b0718ce46120c46f08baa0a2adebc2df2139868b788b08,REFERENCE_ONLY,V27_REFERENCE_UNLESS_ORIGINALITY_APPROVED,pending-review
v27_clean_runtime_reference,mrev26/yolo/pipeline.py,.py,18833,de792a0da557b0d438bdb3148521686def7d5a489a7d25a711d9b1db83ae6f42,REFERENCE_ONLY,V27_REFERENCE_UNLESS_ORIGINALITY_APPROVED,pending-review
v27_clean_runtime_reference,mrev26/yolo/process_contracts.py,.py,8774,b604277206c3ac8935629c67ce0c7968aa8db5d91fba2030dcd84b2505f89508,REFERENCE_ONLY,V27_REFERENCE_UNLESS_ORIGINALITY_APPROVED,pending-review
v27_clean_runtime_reference,mrev26/yolo/process_pipeline.py,.py,31788,dbe5323612252a7e3ebb91478116983b87dc3ff25b77e2b9de9c6323f6c755d7,REFERENCE_ONLY,V27_REFERENCE_UNLESS_ORIGINALITY_APPROVED,pending-review
v27_clean_runtime_reference,mrev26/yolo/run_process_probe.py,.py,4857,01858d78a14b5f683c96c115304df9d357e3f2167f470a8cfb806d1a5b0d4653,REFERENCE_ONLY,V27_REFERENCE_UNLESS_ORIGINALITY_APPROVED,pending-review
v27_clean_runtime_reference,mrev26/yolo/run_s2_probe.py,.py,4564,30df32d4c2a7755eee2f0ac8bc28199c51fad160571a12baa5aa565538b39cd5,REFERENCE_ONLY,V27_REFERENCE_UNLESS_ORIGINALITY_APPROVED,pending-review
v27_clean_runtime_reference,mrev26/yolo/worker_main.py,.py,15130,819a8e3d2abc4d55a55862dcf589e7d77c70cfb5d0924a69798921e452f28706,REFERENCE_ONLY,V27_REFERENCE_UNLESS_ORIGINALITY_APPROVED,pending-review
v27_clean_runtime_reference,pyproject.toml,.toml,437,a3bce3654666d413a7b3a7caf9545e0dd498b5dd5ad6e9eb331b104fa598e42a,REFERENCE_ONLY,V27_REFERENCE_UNLESS_ORIGINALITY_APPROVED,pending-review
v27_clean_runtime_reference,remote_ops/bootstrap_s2.sh,.sh,2989,d16ea18b4806d87db07c0e55ec62be2474cd8510989324d9ad01255f72487b22,REFERENCE_ONLY,V27_REFERENCE_UNLESS_ORIGINALITY_APPROVED,pending-review
v27_clean_runtime_reference,remote_ops/run_event_source_c03_readonly_candidate.sh,.sh,4263,13ab3e7bc4707a13df7fa07dae46e13141f91da8b0b6eefcd2a4ac0546a9f29e,REFERENCE_ONLY,V27_REFERENCE_UNLESS_ORIGINALITY_APPROVED,pending-review
v27_clean_runtime_reference,remote_ops/run_event_source_conditioned_idle_candidate.sh,.sh,3746,881dbd704a6f1c96a5450f859d7735eadc9df90a9c87c5c86b79abf1e507af73,REFERENCE_ONLY,V27_REFERENCE_UNLESS_ORIGINALITY_APPROVED,pending-review
v27_clean_runtime_reference,remote_ops/run_event_source_idle_candidate.sh,.sh,2238,4a5512e03eaa4cd45ffc7270de8427a33ae176cfea59cf27be283c77a41b6cca,REFERENCE_ONLY,V27_REFERENCE_UNLESS_ORIGINALITY_APPROVED,pending-review
v27_clean_runtime_reference,remote_ops/run_event_source_legacy_diff_candidate.sh,.sh,3532,d2d91bbcefdabc43777ecc5f4760b45377333e261f3f2d1eaef9b7ca08a24aa0,REFERENCE_ONLY,V27_REFERENCE_UNLESS_ORIGINALITY_APPROVED,pending-review
v27_clean_runtime_reference,remote_ops/run_s1_candidate.sh,.sh,5165,e45234b765f199514de7014b187d454ad27cd10b38a887045a0fc51ac5fe0acf,REFERENCE_ONLY,V27_REFERENCE_UNLESS_ORIGINALITY_APPROVED,pending-review
v27_clean_runtime_reference,remote_ops/run_s2_candidate.sh,.sh,5239,a8dcdfa932f7d1fd31222f9071a5bf4598bae7a00a6fe4f2b9dd532fb7e8588e,REFERENCE_ONLY,V27_REFERENCE_UNLESS_ORIGINALITY_APPROVED,pending-review
v27_clean_runtime_reference,remote_ops/run_s4_candidate.sh,.sh,4589,c89686407e4fa1ad5966d087ca9504f73ead0fb85a6e5d7da52810f4f382250d,REFERENCE_ONLY,V27_REFERENCE_UNLESS_ORIGINALITY_APPROVED,pending-review
v27_clean_runtime_reference,remote_ops/run_s5_candidate.sh,.sh,17738,4415920573bcee1f7cb8cca086b4e9270799d1d25001ad071f25b2835b71de88,REFERENCE_ONLY,V27_REFERENCE_UNLESS_ORIGINALITY_APPROVED,pending-review
v27_clean_runtime_reference,remote_ops/run_s7_candidate.sh,.sh,1363,4824a6069780578d19cd501dc24a6e5f35a644f704f94c55cbf7f73e93b816df,REFERENCE_ONLY,V27_REFERENCE_UNLESS_ORIGINALITY_APPROVED,pending-review
v27_clean_runtime_reference,remote_ops/run_s8_candidate.sh,.sh,1599,6605ced0139f4e494b2fe372dc1ff890b953753971c7843f9aeb2389537c5b11,REFERENCE_ONLY,V27_REFERENCE_UNLESS_ORIGINALITY_APPROVED,pending-review
v27_clean_runtime_reference,remote_ops/run_yolo_mp_probe.sh,.sh,3916,0468d4ff611adbbc66c88f3f0d96881e668621a80177d2228f4c196b5fee6a2b,REFERENCE_ONLY,V27_REFERENCE_UNLESS_ORIGINALITY_APPROVED,pending-review
v27_clean_runtime_reference,reuse_provenance/V27_S8_CALIBRATION_EXTRACTION_20260726.json,.json,871,f808c08757738066fd7eede7f7e4a8dc66b54df006b9a07eb9756f7780077a46,REFERENCE_ONLY,V27_REFERENCE_UNLESS_ORIGINALITY_APPROVED,pending-review
v27_clean_runtime_reference,reuse_provenance/manifest.json,.json,4923,2ababa83dfaac2eb4c176648e88958134310df3bb6cbee88bae457e970fa74c4,REFERENCE_ONLY,V27_REFERENCE_UNLESS_ORIGINALITY_APPROVED,pending-review
v27_clean_runtime_reference,tests/test_async_latest_jpeg_writer.py,.py,853,43f4523f770efc657b31b5850b9944e27db5907aa0268b7281aaa8009258427b,REFERENCE_ONLY,V27_REFERENCE_UNLESS_ORIGINALITY_APPROVED,pending-review
v27_clean_runtime_reference,tests/test_candidate_ledger.py,.py,7350,2e3d627a2886957f7db63be2da58884a5144bc4bf6c56319ae17b5b37a8b3103,REFERENCE_ONLY,V27_REFERENCE_UNLESS_ORIGINALITY_APPROVED,pending-review
v27_clean_runtime_reference,tests/test_canonical.py,.py,609,31b9e922232d63572472f3694d9e817ae698988ffabd8b31efbcb164222998eb,REFERENCE_ONLY,V27_REFERENCE_UNLESS_ORIGINALITY_APPROVED,pending-review
v27_clean_runtime_reference,tests/test_dataset_recording.py,.py,3805,fc4e991b3bd5ace7770337a328684b8de26f8b0bbd120b5a2039aff2e50853b5,REFERENCE_ONLY,V27_REFERENCE_UNLESS_ORIGINALITY_APPROVED,pending-review
v27_clean_runtime_reference,tests/test_dispatch_frontier.py,.py,1032,e43ca1d719dcce9ab33a14144814b9cdd006b7618e3082f80a887bda3f4aeb9a,REFERENCE_ONLY,V27_REFERENCE_UNLESS_ORIGINALITY_APPROVED,pending-review
v27_clean_runtime_reference,tests/test_event_adapter.py,.py,15805,ad82a36364bac0c81152448c06d6868145102327231c3451f158b7a891221535,REFERENCE_ONLY,V27_REFERENCE_UNLESS_ORIGINALITY_APPROVED,pending-review
v27_clean_runtime_reference,tests/test_event_dispatch_stability.py,.py,804,21d67e285d221842b5b8eb9f2fd19118c7c61f400b00be11b36d262ed0b92f4b,REFERENCE_ONLY,V27_REFERENCE_UNLESS_ORIGINALITY_APPROVED,pending-review
v27_clean_runtime_reference,tests/test_event_model.py,.py,1089,0378b07d65b85206434be548fd8e97b0d58f2b6f38bfa97975d81d612518e20d,REFERENCE_ONLY,V27_REFERENCE_UNLESS_ORIGINALITY_APPROVED,pending-review
v27_clean_runtime_reference,tests/test_event_pixel_tile.py,.py,13359,e3bd0bc93e9a393cb9e9ad1d415d0e95eb44ec7b4114613c73bf31345e1f13fb,REFERENCE_ONLY,V27_REFERENCE_UNLESS_ORIGINALITY_APPROVED,pending-review
v27_clean_runtime_reference,tests/test_event_source_c03_readonly.py,.py,4797,57e05858f56edec1dd1e1d51fa42e3eaaa8c5a2c6490fb7f5b64ceb4869d462f,REFERENCE_ONLY,V27_REFERENCE_UNLESS_ORIGINALITY_APPROVED,pending-review
v27_clean_runtime_reference,tests/test_event_source_legacy_diff.py,.py,3165,0063cf4d0e23d9dc286d7fec3de8530e4fb058c20afcabee645efaa3f5a2dccc,REFERENCE_ONLY,V27_REFERENCE_UNLESS_ORIGINALITY_APPROVED,pending-review
v27_clean_runtime_reference,tests/test_event_source_probe.py,.py,3873,d9cce202cd8e6085a121ba3171ae1c443698f131ca3656c0d47bfeaedead7be1,REFERENCE_ONLY,V27_REFERENCE_UNLESS_ORIGINALITY_APPROVED,pending-review
v27_clean_runtime_reference,tests/test_event_worker_execution.py,.py,2372,3c4d3ba3e7d0cc2874f84ef532a92bd8d04db6a65ac54d08cfa90254e1c418d1,REFERENCE_ONLY,V27_REFERENCE_UNLESS_ORIGINALITY_APPROVED,pending-review
v27_clean_runtime_reference,tests/test_frame_broker.py,.py,1612,3a98ae0216d2ef190fc59f67b7c965f7002317fb1da3be8c4bc365845fc27272,REFERENCE_ONLY,V27_REFERENCE_UNLESS_ORIGINALITY_APPROVED,pending-review
v27_clean_runtime_reference,tests/test_fusion_preview.py,.py,3913,83fb994afb85c721fd26c67b65ff3c48e2f75ecc87afe3d388e75ec8f84d8f48,REFERENCE_ONLY,V27_REFERENCE_UNLESS_ORIGINALITY_APPROVED,pending-review
v27_clean_runtime_reference,tests/test_hik_configuration.py,.py,1859,b301b5c9cd50ba55d83545323c32112653956b686f656df52033b1514f43bde2,REFERENCE_ONLY,V27_REFERENCE_UNLESS_ORIGINALITY_APPROVED,pending-review
v27_clean_runtime_reference,tests/test_hik_owned_frame.py,.py,5641,240dd1eb1313ef6be0949ce7a2640620432295d018f9b361ff24e58a940f36b5,REFERENCE_ONLY,V27_REFERENCE_UNLESS_ORIGINALITY_APPROVED,pending-review
v27_clean_runtime_reference,tests/test_hik_sdk.py,.py,1432,aeaad45b4e3962dfda4d399d70a8458e5950d4672c6d3114b12f4ef4d6cbd3c8,REFERENCE_ONLY,V27_REFERENCE_UNLESS_ORIGINALITY_APPROVED,pending-review
v27_clean_runtime_reference,tests/test_hik_xml_identity.py,.py,1272,a9e09610c57a5fb2cb02ce8f34a1b797cb213eb3be9120c1cdca6dac02bf8b8b,REFERENCE_ONLY,V27_REFERENCE_UNLESS_ORIGINALITY_APPROVED,pending-review
v27_clean_runtime_reference,tests/test_live_fusion_terminal.py,.py,1943,362c94bf5a5ef2a391802ff739158855c5e2cf1f66bf581812148bc824c5e0ef,REFERENCE_ONLY,V27_REFERENCE_UNLESS_ORIGINALITY_APPROVED,pending-review
v27_clean_runtime_reference,tests/test_preview.py,.py,1098,a97b76d094e0c90922bfbdad723972ab0da86491937db5a6586f71ff0de68900,REFERENCE_ONLY,V27_REFERENCE_UNLESS_ORIGINALITY_APPROVED,pending-review
v27_clean_runtime_reference,tests/test_process_frame_broker.py,.py,3749,8765d746b436631329196bd6b4bd7eaf3bae099a43bbc229770a4a75844db4f5,REFERENCE_ONLY,V27_REFERENCE_UNLESS_ORIGINALITY_APPROVED,pending-review
v27_clean_runtime_reference,tests/test_process_identity.py,.py,3437,67b51cd21cdef1dc329347205df885ec2f71686ac70127c52eb3ee6052319533,REFERENCE_ONLY,V27_REFERENCE_UNLESS_ORIGINALITY_APPROVED,pending-review
v27_clean_runtime_reference,tests/test_remote_tool_contract.py,.py,10035,91c36af5248c573ef6fd87b47754103321bcaac2249e3197cf3c358bae979b5e,REFERENCE_ONLY,V27_REFERENCE_UNLESS_ORIGINALITY_APPROVED,pending-review
v27_clean_runtime_reference,tests/test_runtime_isolation.py,.py,1448,ca997693386b2a8490844cb2846c1fbbc57c88235c7b5adaf4f0bbea7124c76f,REFERENCE_ONLY,V27_REFERENCE_UNLESS_ORIGINALITY_APPROVED,pending-review
v27_clean_runtime_reference,tests/test_s1_candidate_contract.py,.py,2527,03d7d0d023a89c924039ccc3ef470b59b7c0ae220808723790968f7f76783ad9,REFERENCE_ONLY,V27_REFERENCE_UNLESS_ORIGINALITY_APPROVED,pending-review
v27_clean_runtime_reference,tests/test_s4_candidate_contract.py,.py,4913,8703a2c7b9b1bf69b44bf7518d9a567f1df90fd1df4b0172ee83cb6e15f1d4fc,REFERENCE_ONLY,V27_REFERENCE_UNLESS_ORIGINALITY_APPROVED,pending-review
v27_clean_runtime_reference,tests/test_source_activation.py,.py,9066,9268264302564c7ea349b777d65c29edf0785c4ca2e9fe975e5374d8716a0c45,REFERENCE_ONLY,V27_REFERENCE_UNLESS_ORIGINALITY_APPROVED,pending-review
v27_clean_runtime_reference,tests/test_source_activation_trigger_fanout.py,.py,1699,9f7ada632c3098e75592f907d05e5c2a24c1a60b171c0de349768079f45a8d9a,REFERENCE_ONLY,V27_REFERENCE_UNLESS_ORIGINALITY_APPROVED,pending-review
v27_clean_runtime_reference,tests/test_spatial_calibration.py,.py,1709,510556d0449a2692aec7b79cc1606784e33527ab39e6858a986d7f84469274b4,REFERENCE_ONLY,V27_REFERENCE_UNLESS_ORIGINALITY_APPROVED,pending-review
v27_clean_runtime_reference,tests/test_sync_binding.py,.py,13593,6f66b0ae5719b531ec5cb07dd633bbc9f0d3e8d2b82522ffc6b2d8dc93661d4e,REFERENCE_ONLY,V27_REFERENCE_UNLESS_ORIGINALITY_APPROVED,pending-review
v27_clean_runtime_reference,tests/test_time_cohort.py,.py,2707,7bb3ea715ddd792461579dd1705a7a3cc38470bc0db90d0842a4785915561821,REFERENCE_ONLY,V27_REFERENCE_UNLESS_ORIGINALITY_APPROVED,pending-review
v27_clean_runtime_reference,tests/test_visible_actor.py,.py,11043,d30d7bef62c5435d3ceed50d4bfe8c28ca7466f3245be1ffbf56fe0587d1945f,REFERENCE_ONLY,V27_REFERENCE_UNLESS_ORIGINALITY_APPROVED,pending-review
v27_clean_runtime_reference,tests/test_visible_model.py,.py,3168,fc578ea4b77280dcc8a2741e5de51397c609ea459a56a59f6decea8b9c2decab,REFERENCE_ONLY,V27_REFERENCE_UNLESS_ORIGINALITY_APPROVED,pending-review
v27_clean_runtime_reference,tests/test_watchdog.py,.py,3946,c0edbd4419da5cd5b9b965c0e40677dd099533ae6159f09d56ded7a12fc86d84,REFERENCE_ONLY,V27_REFERENCE_UNLESS_ORIGINALITY_APPROVED,pending-review
v27_clean_runtime_reference,tests/test_yolo_model.py,.py,1973,5546b9b725c92685d269beb1e75f4ecc99e09de0cae16fae5abf8d390c9810e0,REFERENCE_ONLY,V27_REFERENCE_UNLESS_ORIGINALITY_APPROVED,pending-review
v27_clean_runtime_reference,tests/test_yolo_mp_remote_profiles.py,.py,3837,b6432b34bbf19d8119acf499146a2213b1adf91d601d89f447db14111dbfd971,REFERENCE_ONLY,V27_REFERENCE_UNLESS_ORIGINALITY_APPROVED,pending-review
v27_clean_runtime_reference,tests/test_yolo_pipeline.py,.py,7132,900f05e8ca29c4c77341131d1320708760d025e81bb4520ba2ae6325ee50ed27,REFERENCE_ONLY,V27_REFERENCE_UNLESS_ORIGINALITY_APPROVED,pending-review
v27_clean_runtime_reference,tests/test_yolo_process_contracts.py,.py,1976,f4fbab4dd4876dcedaee87eea338043502494f8610d8b95c7fccac7c7e578358,REFERENCE_ONLY,V27_REFERENCE_UNLESS_ORIGINALITY_APPROVED,pending-review
v27_clean_runtime_reference,tests/test_yolo_process_pipeline.py,.py,3125,7c5f05ca566b7fc74325084e6f21bc374b59b79fedef3438a2f5dda75206ac38,REFERENCE_ONLY,V27_REFERENCE_UNLESS_ORIGINALITY_APPROVED,pending-review
v27_clean_runtime_reference,tests/test_yolo_process_probe.py,.py,1209,aa1284a87814349ed809dccc633f44c89544861525152ac2cafe9f52452baa0d,REFERENCE_ONLY,V27_REFERENCE_UNLESS_ORIGINALITY_APPROVED,pending-review
v27_clean_runtime_reference,tools/check_mrge_document_registry.ps1,.ps1,1047,1db9ca89d24548af1183db4b7b517a48bbbdf485289e04868800acc41b49aee6,REFERENCE_ONLY,V27_REFERENCE_UNLESS_ORIGINALITY_APPROVED,pending-review
v27_clean_runtime_reference,tools/check_mrge_document_registry.py,.py,22957,b21bd441a07e6101d4c1af011f4418fdcd24fa8fa607219b511a3bdff11d95dc,REFERENCE_ONLY,V27_REFERENCE_UNLESS_ORIGINALITY_APPROVED,pending-review
v27_clean_runtime_reference,tools/check_mrge_execution_governance.py,.py,70203,fcb2acfc15249d91e22842d9504a94006fe856cc6aeebeac7c29b39fce57660c,REFERENCE_ONLY,V27_REFERENCE_UNLESS_ORIGINALITY_APPROVED,pending-review
v27_clean_runtime_reference,tools/check_runtime_isolation.py,.py,4186,6f0b49d9c341e28ead51822d0d26bff284ab9f16f0dcf22ff1cc6526f796e631,REFERENCE_ONLY,V27_REFERENCE_UNLESS_ORIGINALITY_APPROVED,pending-review
v27_clean_runtime_reference,tools/extract_event_visible_calibration.py,.py,2337,3a411a4ef466117048e75dd750daebf7c7c80e4f0c82c634fbfe254f4907500f,REFERENCE_ONLY,V27_REFERENCE_UNLESS_ORIGINALITY_APPROVED,pending-review
v27_clean_runtime_reference,tools/remote_test.ps1,.ps1,34722,7cc4f6d51688f544fcc1000cf86487175675a4c5efe3325a35eb4378b0090f59,REFERENCE_ONLY,V27_REFERENCE_UNLESS_ORIGINALITY_APPROVED,pending-review
